{
  "type": "FeatureCollection",
  "features": [
    {
      "type": "Feature",
      "id": "0433bfc5-a903-45bf-a528-0c3716a6e805",
      "geometry": {
        "type": "Polygon",
        "coordinates": [
          [
            [
              13839.0,
              17632.0
            ],
            [
              13839.0,
              18502.0
            ],
            [
              14424.0,
              18502.0
            ],
            [
              14424.0,
              17632.0
            ],
            [
              13839.0,
              17632.0
            ]
          ]
        ]
      },
      "properties": {
        "objectType": "annotation",
        "classification": {
          "name": "B | Ulcer/ erosion",
          "color": [
            255,
            0,
            0
          ]
        },
        "isLocked": true,
        "case_key": "S2415106A01",
        "source": "B",
        "orig_class": "Ulcer/ erosion",
        "match": {
          "status": "unmatched"
        }
      }
    },
    {
      "type": "Feature",
      "id": "721b47e7-3bf9-4942-8883-5ab2fddab502",
      "geometry": {
        "type": "Polygon",
        "coordinates": [
          [
            [
              13258.0,
              24971.0
            ],
            [
              13258.0,
              25610.0
            ],
            [
              13571.0,
              25610.0
            ],
            [
              13571.0,
              24971.0
            ],
            [
              13258.0,
              24971.0
            ]
          ]
        ]
      },
      "properties": {
        "objectType": "annotation",
        "classification": {
          "name": "B | Ulcer/ erosion",
          "color": [
            255,
            0,
            0
          ]
        },
        "isLocked": true,
        "case_key": "S2415106A01",
        "source": "B",
        "orig_class": "Ulcer/ erosion",
        "match": {
          "status": "unmatched"
        }
      }
    },
    {
      "type": "Feature",
      "id": "fa9461b5-b76e-4f93-85ff-7e2dd0faa5ef",
      "geometry": {
        "type": "Polygon",
        "coordinates": [
          [
            [
              12807.0,
              21537.0
            ],
            [
              12807.0,
              22260.0
            ],
            [
              12971.0,
              22260.0
            ],
            [
              12971.0,
              21537.0
            ],
            [
              12807.0,
              21537.0
            ]
          ]
        ]
      },
      "properties": {
        "objectType": "annotation",
        "classification": {
          "name": "B | Ulcer/ erosion",
          "color": [
            255,
            0,
            0
          ]
        },
        "isLocked": true,
        "case_key": "S2415106A01",
        "source": "B",
        "orig_class": "Ulcer/ erosion",
        "match": {
          "status": "unmatched"
        }
      }
    },
    {
      "type": "Feature",
      "id": "d7cbf121-9bc7-4063-aefe-d7d7a40bc16b",
      "geometry": {
        "type": "Polygon",
        "coordinates": [
          [
            [
              14205.0,
              27295.0
            ],
            [
              14205.0,
              27599.0
            ],
            [
              14342.0,
              27599.0
            ],
            [
              14342.0,
              27295.0
            ],
            [
              14205.0,
              27295.0
            ]
          ]
        ]
      },
      "properties": {
        "objectType": "annotation",
        "classification": {
          "name": "B | Ulcer/ erosion",
          "color": [
            255,
            0,
            0
          ]
        },
        "isLocked": true,
        "case_key": "S2415106A01",
        "source": "B",
        "orig_class": "Ulcer/ erosion",
        "match": {
          "status": "unmatched"
        }
      }
    },
    {
      "type": "Feature",
      "id": "e40ff254-3359-44b3-8a74-8561b588667f",
      "geometry": {
        "type": "Polygon",
        "coordinates": [
          [
            [
              8467.0,
              17065.0
            ],
            [
              8467.0,
              17470.0
            ],
            [
              8819.0,
              17470.0
            ],
            [
              8819.0,
              17065.0
            ],
            [
              8467.0,
              17065.0
            ]
          ]
        ]
      },
      "properties": {
        "objectType": "annotation",
        "classification": {
          "name": "B | Ulcer/ erosion",
          "color": [
            255,
            0,
            0
          ]
        },
        "isLocked": true,
        "case_key": "S2415106A01",
        "source": "B",
        "orig_class": "Ulcer/ erosion",
        "match": {
          "status": "unmatched"
        }
      }
    },
    {
      "type": "Feature",
      "id": "8fa52ef1-39bb-4619-bdcc-c36e1f001c92",
      "geometry": {
        "type": "Polygon",
        "coordinates": [
          [
            [
              9214.0,
              16958.0
            ],
            [
              9214.0,
              17237.0
            ],
            [
              9467.0,
              17237.0
            ],
            [
              9467.0,
              16958.0
            ],
            [
              9214.0,
              16958.0
            ]
          ]
        ]
      },
      "properties": {
        "objectType": "annotation",
        "classification": {
          "name": "B | Ulcer/ erosion",
          "color": [
            255,
            0,
            0
          ]
        },
        "isLocked": true,
        "case_key": "S2415106A01",
        "source": "B",
        "orig_class": "Ulcer/ erosion",
        "match": {
          "status": "unmatched"
        }
      }
    },
    {
      "type": "Feature",
      "id": "1c13d95a-bed9-45d6-8864-cf64575bd434",
      "geometry": {
        "type": "Polygon",
        "coordinates": [
          [
            [
              8959.0,
              17551.0
            ],
            [
              8959.0,
              18203.0
            ],
            [
              9401.0,
              18203.0
            ],
            [
              9401.0,
              17551.0
            ],
            [
              8959.0,
              17551.0
            ]
          ]
        ]
      },
      "properties": {
        "objectType": "annotation",
        "classification": {
          "name": "B | Ulcer/ erosion",
          "color": [
            255,
            0,
            0
          ]
        },
        "isLocked": true,
        "case_key": "S2415106A01",
        "source": "B",
        "orig_class": "Ulcer/ erosion",
        "match": {
          "status": "unmatched"
        }
      }
    },
    {
      "type": "Feature",
      "id": "a29bebd0-7b57-4602-844d-ffa2b1dc64a8",
      "geometry": {
        "type": "Polygon",
        "coordinates": [
          [
            [
              10568.0,
              22199.0
            ],
            [
              10568.0,
              22424.0
            ],
            [
              10791.0,
              22424.0
            ],
            [
              10791.0,
              22199.0
            ],
            [
              10568.0,
              22199.0
            ]
          ]
        ]
      },
      "properties": {
        "objectType": "annotation",
        "classification": {
          "name": "B | Ulcer/ erosion",
          "color": [
            255,
            0,
            0
          ]
        },
        "isLocked": true,
        "case_key": "S2415106A01",
        "source": "B",
        "orig_class": "Ulcer/ erosion",
        "match": {
          "status": "unmatched"
        }
      }
    },
    {
      "type": "Feature",
      "id": "936cea31-74b7-41e3-b28b-56e8d6327f8e",
      "geometry": {
        "type": "Polygon",
        "coordinates": [
          [
            [
              12938.0,
              23384.0
            ],
            [
              12938.0,
              23868.0
            ],
            [
              13154.0,
              23868.0
            ],
            [
              13154.0,
              23384.0
            ],
            [
              12938.0,
              23384.0
            ]
          ]
        ]
      },
      "properties": {
        "objectType": "annotation",
        "classification": {
          "name": "B | Ulcer/ erosion",
          "color": [
            255,
            0,
            0
          ]
        },
        "isLocked": true,
        "case_key": "S2415106A01",
        "source": "B",
        "orig_class": "Ulcer/ erosion",
        "match": {
          "status": "unmatched"
        }
      }
    },
    {
      "type": "Feature",
      "id": "ec186a6a-b875-4ca4-94d4-b8c72ddda9e6",
      "geometry": {
        "type": "Polygon",
        "coordinates": [
          [
            [
              7225.0,
              25336.0
            ],
            [
              7225.0,
              25940.0
            ],
            [
              7619.0,
              25940.0
            ],
            [
              7619.0,
              25336.0
            ],
            [
              7225.0,
              25336.0
            ]
          ]
        ]
      },
      "properties": {
        "objectType": "annotation",
        "classification": {
          "name": "B | Ulcer/ erosion",
          "color": [
            255,
            0,
            0
          ]
        },
        "isLocked": true,
        "case_key": "S2415106A01",
        "source": "B",
        "orig_class": "Ulcer/ erosion",
        "match": {
          "status": "unmatched"
        }
      }
    },
    {
      "type": "Feature",
      "id": "9cd5f82b-d654-450b-a837-ac46721f1916",
      "geometry": {
        "type": "Polygon",
        "coordinates": [
          [
            [
              5545.0,
              18719.0
            ],
            [
              5545.0,
              19266.0
            ],
            [
              6003.0,
              19266.0
            ],
            [
              6003.0,
              18719.0
            ],
            [
              5545.0,
              18719.0
            ]
          ]
        ]
      },
      "properties": {
        "objectType": "annotation",
        "classification": {
          "name": "B | Ulcer/ erosion",
          "color": [
            255,
            0,
            0
          ]
        },
        "isLocked": true,
        "case_key": "S2415106A01",
        "source": "B",
        "orig_class": "Ulcer/ erosion",
        "match": {
          "status": "unmatched"
        }
      }
    },
    {
      "type": "Feature",
      "id": "ad8b4789-ba36-484c-9635-8eac7e89f54a",
      "geometry": {
        "type": "Polygon",
        "coordinates": [
          [
            [
              6814.0,
              22883.0
            ],
            [
              6814.0,
              23020.0
            ],
            [
              7349.0,
              23020.0
            ],
            [
              7349.0,
              22883.0
            ],
            [
              6814.0,
              22883.0
            ]
          ]
        ]
      },
      "properties": {
        "objectType": "annotation",
        "classification": {
          "name": "B | Ulcer/ erosion",
          "color": [
            255,
            0,
            0
          ]
        },
        "isLocked": true,
        "case_key": "S2415106A01",
        "source": "B",
        "orig_class": "Ulcer/ erosion",
        "match": {
          "status": "unmatched"
        }
      }
    },
    {
      "type": "Feature",
      "id": "d22b92cf-3f54-4451-b0bc-e2eed49d2afd",
      "geometry": {
        "type": "Polygon",
        "coordinates": [
          [
            [
              9964.0,
              13334.0
            ],
            [
              9964.0,
              14108.0
            ],
            [
              10293.0,
              14108.0
            ],
            [
              10293.0,
              13334.0
            ],
            [
              9964.0,
              13334.0
            ]
          ]
        ]
      },
      "properties": {
        "objectType": "annotation",
        "classification": {
          "name": "B | Ulcer/ erosion",
          "color": [
            255,
            0,
            0
          ]
        },
        "isLocked": true,
        "case_key": "S2415106A01",
        "source": "B",
        "orig_class": "Ulcer/ erosion",
        "match": {
          "status": "unmatched"
        }
      }
    },
    {
      "type": "Feature",
      "id": "6054dfa2-95eb-4d1a-8e26-c0ac264b8ace",
      "geometry": {
        "type": "Polygon",
        "coordinates": [
          [
            [
              11730.0,
              13505.0
            ],
            [
              11730.0,
              14166.0
            ],
            [
              12000.0,
              14166.0
            ],
            [
              12000.0,
              13505.0
            ],
            [
              11730.0,
              13505.0
            ]
          ]
        ]
      },
      "properties": {
        "objectType": "annotation",
        "classification": {
          "name": "B | Ulcer/ erosion",
          "color": [
            255,
            0,
            0
          ]
        },
        "isLocked": true,
        "case_key": "S2415106A01",
        "source": "B",
        "orig_class": "Ulcer/ erosion",
        "match": {
          "status": "unmatched"
        }
      }
    },
    {
      "type": "Feature",
      "id": "e0b40e9c-a5fc-431a-aa6e-c75f60a8b358",
      "geometry": {
        "type": "Polygon",
        "coordinates": [
          [
            [
              20668.0,
              13128.0
            ],
            [
              20668.0,
              13631.0
            ],
            [
              21401.0,
              13631.0
            ],
            [
              21401.0,
              13128.0
            ],
            [
              20668.0,
              13128.0
            ]
          ]
        ]
      },
      "properties": {
        "objectType": "annotation",
        "classification": {
          "name": "B | Ulcer/ erosion",
          "color": [
            255,
            0,
            0
          ]
        },
        "isLocked": true,
        "case_key": "S2415106A01",
        "source": "B",
        "orig_class": "Ulcer/ erosion",
        "match": {
          "status": "unmatched"
        }
      }
    },
    {
      "type": "Feature",
      "id": "1f2b3cf9-90f2-4745-a116-afcce6af544b",
      "geometry": {
        "type": "Polygon",
        "coordinates": [
          [
            [
              26584.0,
              13142.0
            ],
            [
              26584.0,
              13477.0
            ],
            [
              27045.0,
              13477.0
            ],
            [
              27045.0,
              13142.0
            ],
            [
              26584.0,
              13142.0
            ]
          ]
        ]
      },
      "properties": {
        "objectType": "annotation",
        "classification": {
          "name": "B | Ulcer/ erosion",
          "color": [
            255,
            0,
            0
          ]
        },
        "isLocked": true,
        "case_key": "S2415106A01",
        "source": "B",
        "orig_class": "Ulcer/ erosion",
        "match": {
          "status": "unmatched"
        }
      }
    },
    {
      "type": "Feature",
      "id": "33fedac3-fdc2-45ce-a2eb-0f13ac423d13",
      "geometry": {
        "type": "Polygon",
        "coordinates": [
          [
            [
              8050.0,
              18971.0
            ],
            [
              8050.0,
              19798.0
            ],
            [
              8623.0,
              19798.0
            ],
            [
              8623.0,
              18971.0
            ],
            [
              8050.0,
              18971.0
            ]
          ]
        ]
      },
      "properties": {
        "objectType": "annotation",
        "classification": {
          "name": "B | Crypt abscess",
          "color": [
            240,
            77,
            141
          ]
        },
        "isLocked": true,
        "case_key": "S2415106A01",
        "source": "B",
        "orig_class": "Crypt abscess",
        "match": {
          "status": "unmatched"
        }
      }
    },
    {
      "type": "Feature",
      "id": "11348865-bd7b-4790-ba32-f8c9a539596a",
      "geometry": {
        "type": "Polygon",
        "coordinates": [
          [
            [
              7542.0,
              17972.0
            ],
            [
              7542.0,
              19120.0
            ],
            [
              8453.0,
              19120.0
            ],
            [
              8453.0,
              17972.0
            ],
            [
              7542.0,
              17972.0
            ]
          ]
        ]
      },
      "properties": {
        "objectType": "annotation",
        "classification": {
          "name": "B | Crypt abscess",
          "color": [
            240,
            77,
            141
          ]
        },
        "isLocked": true,
        "case_key": "S2415106A01",
        "source": "B",
        "orig_class": "Crypt abscess",
        "match": {
          "status": "unmatched"
        }
      }
    },
    {
      "type": "Feature",
      "id": "45afa036-0f31-4f6a-baac-ec1872a5b230",
      "geometry": {
        "type": "Polygon",
        "coordinates": [
          [
            [
              6492.0,
              17420.0
            ],
            [
              6492.0,
              18604.0
            ],
            [
              7588.0,
              18604.0
            ],
            [
              7588.0,
              17420.0
            ],
            [
              6492.0,
              17420.0
            ]
          ]
        ]
      },
      "properties": {
        "objectType": "annotation",
        "classification": {
          "name": "B | Crypt abscess",
          "color": [
            240,
            77,
            141
          ]
        },
        "isLocked": true,
        "case_key": "S2415106A01",
        "source": "B",
        "orig_class": "Crypt abscess",
        "match": {
          "status": "unmatched"
        }
      }
    },
    {
      "type": "Feature",
      "id": "91151749-8456-44a5-9b38-f17f75bf3a08",
      "geometry": {
        "type": "Polygon",
        "coordinates": [
          [
            [
              11024.0,
              24846.0
            ],
            [
              11024.0,
              25353.0
            ],
            [
              11369.0,
              25353.0
            ],
            [
              11369.0,
              24846.0
            ],
            [
              11024.0,
              24846.0
            ]
          ]
        ]
      },
      "properties": {
        "objectType": "annotation",
        "classification": {
          "name": "B | Crypt abscess",
          "color": [
            240,
            77,
            141
          ]
        },
        "isLocked": true,
        "case_key": "S2415106A01",
        "source": "B",
        "orig_class": "Crypt abscess",
        "match": {
          "status": "unmatched"
        }
      }
    },
    {
      "type": "Feature",
      "id": "98179ed1-e899-4b20-bb33-a2410ada38ac",
      "geometry": {
        "type": "Polygon",
        "coordinates": [
          [
            [
              12217.0,
              12019.0
            ],
            [
              12217.0,
              12238.0
            ],
            [
              12998.0,
              12238.0
            ],
            [
              12998.0,
              12019.0
            ],
            [
              12217.0,
              12019.0
            ]
          ]
        ]
      },
      "properties": {
        "objectType": "annotation",
        "classification": {
          "name": "B | Ulcer/ erosion",
          "color": [
            255,
            0,
            0
          ]
        },
        "isLocked": true,
        "case_key": "S2415106A01",
        "source": "B",
        "orig_class": "Ulcer/ erosion",
        "match": {
          "status": "unmatched"
        }
      }
    },
    {
      "type": "Feature",
      "id": "320e3cd2-b6b9-4e2e-a9a5-5d415ce46bea",
      "geometry": {
        "type": "Polygon",
        "coordinates": [
          [
            [
              13180.0,
              11719.0
            ],
            [
              13180.0,
              12010.0
            ],
            [
              13841.0,
              12010.0
            ],
            [
              13841.0,
              11719.0
            ],
            [
              13180.0,
              11719.0
            ]
          ]
        ]
      },
      "properties": {
        "objectType": "annotation",
        "classification": {
          "name": "B | Ulcer/ erosion",
          "color": [
            255,
            0,
            0
          ]
        },
        "isLocked": true,
        "case_key": "S2415106A01",
        "source": "B",
        "orig_class": "Ulcer/ erosion",
        "match": {
          "status": "unmatched"
        }
      }
    },
    {
      "type": "Feature",
      "id": "4f23f5e7-d078-46df-9efc-255afa2c9f7a",
      "geometry": {
        "type": "Polygon",
        "coordinates": [
          [
            [
              21794.0,
              6735.0
            ],
            [
              21794.0,
              7410.0
            ],
            [
              22430.0,
              7410.0
            ],
            [
              22430.0,
              6735.0
            ],
            [
              21794.0,
              6735.0
            ]
          ]
        ]
      },
      "properties": {
        "objectType": "annotation",
        "classification": {
          "name": "B | Crypt abscess",
          "color": [
            240,
            77,
            141
          ]
        },
        "isLocked": true,
        "case_key": "S2415106A01",
        "source": "B",
        "orig_class": "Crypt abscess",
        "match": {
          "status": "unmatched"
        }
      }
    },
    {
      "type": "Feature",
      "id": "c57f07ca-78fa-44d9-a44f-b4f2d3a6b694",
      "geometry": {
        "type": "Polygon",
        "coordinates": [
          [
            [
              11381.0,
              24084.0
            ],
            [
              11381.0,
              24344.0
            ],
            [
              11839.0,
              24344.0
            ],
            [
              11839.0,
              24084.0
            ],
            [
              11381.0,
              24084.0
            ]
          ]
        ]
      },
      "properties": {
        "objectType": "annotation",
        "classification": {
          "name": "B | Basal Plasmacytosis",
          "color": [
            202,
            65,
            86
          ]
        },
        "isLocked": true,
        "case_key": "S2415106A01",
        "source": "B",
        "orig_class": "Basal Plasmacytosis",
        "match": {
          "status": "unmatched"
        }
      }
    },
    {
      "type": "Feature",
      "id": "2526686e-fcc6-49c1-8a29-3b9a0cc8987b",
      "geometry": {
        "type": "Polygon",
        "coordinates": [
          [
            [
              11951.0,
              24335.0
            ],
            [
              11951.0,
              24676.0
            ],
            [
              12711.0,
              24676.0
            ],
            [
              12711.0,
              24335.0
            ],
            [
              11951.0,
              24335.0
            ]
          ]
        ]
      },
      "properties": {
        "objectType": "annotation",
        "classification": {
          "name": "B | Basal Plasmacytosis",
          "color": [
            202,
            65,
            86
          ]
        },
        "isLocked": true,
        "case_key": "S2415106A01",
        "source": "B",
        "orig_class": "Basal Plasmacytosis",
        "match": {
          "status": "unmatched"
        }
      }
    },
    {
      "type": "Feature",
      "id": "ec90bcea-3f14-430c-8e4b-c5a56989992d",
      "geometry": {
        "type": "Polygon",
        "coordinates": [
          [
            [
              11672.0,
              25795.0
            ],
            [
              11672.0,
              26403.0
            ],
            [
              12492.0,
              26403.0
            ],
            [
              12492.0,
              25795.0
            ],
            [
              11672.0,
              25795.0
            ]
          ]
        ]
      },
      "properties": {
        "objectType": "annotation",
        "classification": {
          "name": "B | Basal Plasmacytosis",
          "color": [
            202,
            65,
            86
          ]
        },
        "isLocked": true,
        "case_key": "S2415106A01",
        "source": "B",
        "orig_class": "Basal Plasmacytosis",
        "match": {
          "status": "unmatched"
        }
      }
    },
    {
      "type": "Feature",
      "id": "6f99d53f-f7cb-4da1-a945-629af1784146",
      "geometry": {
        "type": "Polygon",
        "coordinates": [
          [
            [
              10487.0,
              29202.0
            ],
            [
              10487.0,
              29597.0
            ],
            [
              11340.0,
              29597.0
            ],
            [
              11340.0,
              29202.0
            ],
            [
              10487.0,
              29202.0
            ]
          ]
        ]
      },
      "properties": {
        "objectType": "annotation",
        "classification": {
          "name": "B | Basal Plasmacytosis",
          "color": [
            202,
            65,
            86
          ]
        },
        "isLocked": true,
        "case_key": "S2415106A01",
        "source": "B",
        "orig_class": "Basal Plasmacytosis",
        "match": {
          "status": "unmatched"
        }
      }
    },
    {
      "type": "Feature",
      "id": "6a8352c0-2929-4f7a-b68d-7f9b0e86e2f4",
      "geometry": {
        "type": "Polygon",
        "coordinates": [
          [
            [
              8481.0,
              24651.0
            ],
            [
              8481.0,
              25419.0
            ],
            [
              8966.0,
              25419.0
            ],
            [
              8966.0,
              24651.0
            ],
            [
              8481.0,
              24651.0
            ]
          ]
        ]
      },
      "properties": {
        "objectType": "annotation",
        "classification": {
          "name": "B | Basal Plasmacytosis",
          "color": [
            202,
            65,
            86
          ]
        },
        "isLocked": true,
        "case_key": "S2415106A01",
        "source": "B",
        "orig_class": "Basal Plasmacytosis",
        "match": {
          "status": "unmatched"
        }
      }
    },
    {
      "type": "Feature",
      "id": "f0717c3e-c444-4338-9bdf-70b0cd8620a3",
      "geometry": {
        "type": "Polygon",
        "coordinates": [
          [
            [
              10647.0,
              25578.0
            ],
            [
              10647.0,
              26003.0
            ],
            [
              11106.0,
              26003.0
            ],
            [
              11106.0,
              25578.0
            ],
            [
              10647.0,
              25578.0
            ]
          ]
        ]
      },
      "properties": {
        "objectType": "annotation",
        "classification": {
          "name": "B | Basal Plasmacytosis",
          "color": [
            202,
            65,
            86
          ]
        },
        "isLocked": true,
        "case_key": "S2415106A01",
        "source": "B",
        "orig_class": "Basal Plasmacytosis",
        "match": {
          "status": "unmatched"
        }
      }
    },
    {
      "type": "Feature",
      "id": "39b51c96-5352-4187-9fcd-62125f1d0ec3",
      "geometry": {
        "type": "Polygon",
        "coordinates": [
          [
            [
              12764.0,
              25307.0
            ],
            [
              12764.0,
              25907.0
            ],
            [
              13143.0,
              25907.0
            ],
            [
              13143.0,
              25307.0
            ],
            [
              12764.0,
              25307.0
            ]
          ]
        ]
      },
      "properties": {
        "objectType": "annotation",
        "classification": {
          "name": "B | Basal Plasmacytosis",
          "color": [
            202,
            65,
            86
          ]
        },
        "isLocked": true,
        "case_key": "S2415106A01",
        "source": "B",
        "orig_class": "Basal Plasmacytosis",
        "match": {
          "status": "unmatched"
        }
      }
    },
    {
      "type": "Feature",
      "id": "a78fdce5-51a3-4344-a67c-517f4e5db7f3",
      "geometry": {
        "type": "Polygon",
        "coordinates": [
          [
            [
              6275.0,
              11520.0
            ],
            [
              6275.0,
              12166.0
            ],
            [
              7041.0,
              12166.0
            ],
            [
              7041.0,
              11520.0
            ],
            [
              6275.0,
              11520.0
            ]
          ]
        ]
      },
      "properties": {
        "objectType": "annotation",
        "classification": {
          "name": "B | Basal Plasmacytosis",
          "color": [
            202,
            65,
            86
          ]
        },
        "isLocked": true,
        "case_key": "S2415106A01",
        "source": "B",
        "orig_class": "Basal Plasmacytosis",
        "match": {
          "status": "unmatched"
        }
      }
    },
    {
      "type": "Feature",
      "id": "36f6214c-975d-49ca-9598-dd68952da748",
      "geometry": {
        "type": "Polygon",
        "coordinates": [
          [
            [
              21450.0,
              8221.0
            ],
            [
              21450.0,
              8757.0
            ],
            [
              21944.0,
              8757.0
            ],
            [
              21944.0,
              8221.0
            ],
            [
              21450.0,
              8221.0
            ]
          ]
        ]
      },
      "properties": {
        "objectType": "annotation",
        "classification": {
          "name": "B | Basal Plasmacytosis",
          "color": [
            202,
            65,
            86
          ]
        },
        "isLocked": true,
        "case_key": "S2415106A01",
        "source": "B",
        "orig_class": "Basal Plasmacytosis",
        "match": {
          "status": "unmatched"
        }
      }
    },
    {
      "type": "Feature",
      "id": "3686e777-e193-4df1-b5be-bc04aafd9e4f",
      "geometry": {
        "type": "Polygon",
        "coordinates": [
          [
            [
              11034.0,
              26829.0
            ],
            [
              11034.0,
              27371.0
            ],
            [
              11874.0,
              27371.0
            ],
            [
              11874.0,
              26829.0
            ],
            [
              11034.0,
              26829.0
            ]
          ]
        ]
      },
      "properties": {
        "objectType": "annotation",
        "classification": {
          "name": "B | Basal Plasmacytosis",
          "color": [
            202,
            65,
            86
          ]
        },
        "isLocked": true,
        "case_key": "S2415106A01",
        "source": "B",
        "orig_class": "Basal Plasmacytosis",
        "match": {
          "status": "unmatched"
        }
      }
    },
    {
      "type": "Feature",
      "id": "f8ad79e1-d044-45d4-8a5f-3adc64e01962",
      "geometry": {
        "type": "Polygon",
        "coordinates": [
          [
            [
              10679.0,
              28515.0
            ],
            [
              10679.0,
              29042.0
            ],
            [
              11258.0,
              29042.0
            ],
            [
              11258.0,
              28515.0
            ],
            [
              10679.0,
              28515.0
            ]
          ]
        ]
      },
      "properties": {
        "objectType": "annotation",
        "classification": {
          "name": "B | Basal Plasmacytosis",
          "color": [
            202,
            65,
            86
          ]
        },
        "isLocked": true,
        "case_key": "S2415106A01",
        "source": "B",
        "orig_class": "Basal Plasmacytosis",
        "match": {
          "status": "unmatched"
        }
      }
    },
    {
      "type": "Feature",
      "id": "37e253fe-9274-4e40-b173-c4b22ff19895",
      "geometry": {
        "type": "Polygon",
        "coordinates": [
          [
            [
              7190.0,
              10190.0
            ],
            [
              7190.0,
              10619.0
            ],
            [
              7613.0,
              10619.0
            ],
            [
              7613.0,
              10190.0
            ],
            [
              7190.0,
              10190.0
            ]
          ]
        ]
      },
      "properties": {
        "objectType": "annotation",
        "classification": {
          "name": "B | Basal lymphoid aggregates",
          "color": [
            0,
            0,
            255
          ]
        },
        "isLocked": true,
        "case_key": "S2415106A01",
        "source": "B",
        "orig_class": "Basal lymphoid aggregates",
        "match": {
          "status": "unmatched"
        }
      }
    },
    {
      "type": "Feature",
      "id": "aad39a39-51fe-41d0-baa8-d065372c99c2",
      "geometry": {
        "type": "Polygon",
        "coordinates": [
          [
            [
              23441.0,
              16977.0
            ],
            [
              23441.0,
              17564.0
            ],
            [
              24209.0,
              17564.0
            ],
            [
              24209.0,
              16977.0
            ],
            [
              23441.0,
              16977.0
            ]
          ]
        ]
      },
      "properties": {
        "objectType": "annotation",
        "classification": {
          "name": "B | Moderate to marked mononuclear cell infiltrate",
          "color": [
            21,
            11,
            49
          ]
        },
        "isLocked": true,
        "case_key": "S2415106A01",
        "source": "B",
        "orig_class": "Moderate to marked mononuclear cell infiltrate",
        "match": {
          "status": "unmatched"
        }
      }
    },
    {
      "type": "Feature",
      "id": "57f80b39-6ce4-4d65-ae01-c466388c5f75",
      "geometry": {
        "type": "Polygon",
        "coordinates": [
          [
            [
              25226.0,
              15091.0
            ],
            [
              25226.0,
              15933.0
            ],
            [
              25950.0,
              15933.0
            ],
            [
              25950.0,
              15091.0
            ],
            [
              25226.0,
              15091.0
            ]
          ]
        ]
      },
      "properties": {
        "objectType": "annotation",
        "classification": {
          "name": "B | Moderate to marked mononuclear cell infiltrate",
          "color": [
            21,
            11,
            49
          ]
        },
        "isLocked": true,
        "case_key": "S2415106A01",
        "source": "B",
        "orig_class": "Moderate to marked mononuclear cell infiltrate",
        "match": {
          "status": "unmatched"
        }
      }
    },
    {
      "type": "Feature",
      "id": "c21f0531-573d-4367-8631-28fe6d2b1246",
      "geometry": {
        "type": "Polygon",
        "coordinates": [
          [
            [
              23683.0,
              12806.0
            ],
            [
              23683.0,
              13664.0
            ],
            [
              24743.0,
              13664.0
            ],
            [
              24743.0,
              12806.0
            ],
            [
              23683.0,
              12806.0
            ]
          ]
        ]
      },
      "properties": {
        "objectType": "annotation",
        "classification": {
          "name": "B | Moderate to marked mononuclear cell infiltrate",
          "color": [
            21,
            11,
            49
          ]
        },
        "isLocked": true,
        "case_key": "S2415106A01",
        "source": "B",
        "orig_class": "Moderate to marked mononuclear cell infiltrate",
        "match": {
          "status": "unmatched"
        }
      }
    },
    {
      "type": "Feature",
      "id": "ef2890cf-2e82-47f8-9793-8d356c3b1736",
      "geometry": {
        "type": "Polygon",
        "coordinates": [
          [
            [
              21397.0,
              14968.0
            ],
            [
              21397.0,
              15398.0
            ],
            [
              21805.0,
              15398.0
            ],
            [
              21805.0,
              14968.0
            ],
            [
              21397.0,
              14968.0
            ]
          ]
        ]
      },
      "properties": {
        "objectType": "annotation",
        "classification": {
          "name": "B | Moderate to marked mononuclear cell infiltrate",
          "color": [
            21,
            11,
            49
          ]
        },
        "isLocked": true,
        "case_key": "S2415106A01",
        "source": "B",
        "orig_class": "Moderate to marked mononuclear cell infiltrate",
        "match": {
          "status": "unmatched"
        }
      }
    },
    {
      "type": "Feature",
      "id": "e1c22b62-a290-495f-9a36-91c6a2d89c96",
      "geometry": {
        "type": "Polygon",
        "coordinates": [
          [
            [
              21642.0,
              15412.0
            ],
            [
              21642.0,
              15881.0
            ],
            [
              22552.0,
              15881.0
            ],
            [
              22552.0,
              15412.0
            ],
            [
              21642.0,
              15412.0
            ]
          ]
        ]
      },
      "properties": {
        "objectType": "annotation",
        "classification": {
          "name": "B | Moderate to marked mononuclear cell infiltrate",
          "color": [
            21,
            11,
            49
          ]
        },
        "isLocked": true,
        "case_key": "S2415106A01",
        "source": "B",
        "orig_class": "Moderate to marked mononuclear cell infiltrate",
        "match": {
          "status": "unmatched"
        }
      }
    },
    {
      "type": "Feature",
      "id": "ee8e1f97-f621-4329-b74b-1c938bac7df8",
      "geometry": {
        "type": "Polygon",
        "coordinates": [
          [
            [
              23881.0,
              15669.0
            ],
            [
              23881.0,
              16279.0
            ],
            [
              24805.0,
              16279.0
            ],
            [
              24805.0,
              15669.0
            ],
            [
              23881.0,
              15669.0
            ]
          ]
        ]
      },
      "properties": {
        "objectType": "annotation",
        "classification": {
          "name": "B | Moderate to marked mononuclear cell infiltrate",
          "color": [
            21,
            11,
            49
          ]
        },
        "isLocked": true,
        "case_key": "S2415106A01",
        "source": "B",
        "orig_class": "Moderate to marked mononuclear cell infiltrate",
        "match": {
          "status": "unmatched"
        }
      }
    },
    {
      "type": "Feature",
      "id": "c84358c9-e09e-4923-9ec5-8c2b388e6fbb",
      "geometry": {
        "type": "Polygon",
        "coordinates": [
          [
            [
              15067.0,
              13890.0
            ],
            [
              15067.0,
              14833.0
            ],
            [
              15912.0,
              14833.0
            ],
            [
              15912.0,
              13890.0
            ],
            [
              15067.0,
              13890.0
            ]
          ]
        ]
      },
      "properties": {
        "objectType": "annotation",
        "classification": {
          "name": "B | Moderate to marked mononuclear cell infiltrate",
          "color": [
            21,
            11,
            49
          ]
        },
        "isLocked": true,
        "case_key": "S2415106A01",
        "source": "B",
        "orig_class": "Moderate to marked mononuclear cell infiltrate",
        "match": {
          "status": "unmatched"
        }
      }
    },
    {
      "type": "Feature",
      "id": "517383b2-3199-4856-8a25-d0554ad06ee1",
      "geometry": {
        "type": "Polygon",
        "coordinates": [
          [
            [
              14217.0,
              15029.0
            ],
            [
              14217.0,
              15299.0
            ],
            [
              14765.0,
              15299.0
            ],
            [
              14765.0,
              15029.0
            ],
            [
              14217.0,
              15029.0
            ]
          ]
        ]
      },
      "properties": {
        "objectType": "annotation",
        "classification": {
          "name": "B | Basal Plasmacytosis",
          "color": [
            202,
            65,
            86
          ]
        },
        "isLocked": true,
        "case_key": "S2415106A01",
        "source": "B",
        "orig_class": "Basal Plasmacytosis",
        "match": {
          "status": "unmatched"
        }
      }
    },
    {
      "type": "Feature",
      "id": "aaead09d-d423-4947-b6a1-51c29aa58a8d",
      "geometry": {
        "type": "Polygon",
        "coordinates": [
          [
            [
              14006.0,
              14946.0
            ],
            [
              14006.0,
              15661.0
            ],
            [
              14496.0,
              15661.0
            ],
            [
              14496.0,
              14946.0
            ],
            [
              14006.0,
              14946.0
            ]
          ]
        ]
      },
      "properties": {
        "objectType": "annotation",
        "classification": {
          "name": "B | Moderate to marked mononuclear cell infiltrate",
          "color": [
            21,
            11,
            49
          ]
        },
        "isLocked": true,
        "case_key": "S2415106A01",
        "source": "B",
        "orig_class": "Moderate to marked mononuclear cell infiltrate",
        "match": {
          "status": "unmatched"
        }
      }
    },
    {
      "type": "Feature",
      "id": "f0800b40-0f45-4fe7-8ccd-8a94ca3cee62",
      "geometry": {
        "type": "Polygon",
        "coordinates": [
          [
            [
              9218.0,
              13805.0
            ],
            [
              9218.0,
              14616.0
            ],
            [
              10104.0,
              14616.0
            ],
            [
              10104.0,
              13805.0
            ],
            [
              9218.0,
              13805.0
            ]
          ]
        ]
      },
      "properties": {
        "objectType": "annotation",
        "classification": {
          "name": "B | Moderate to marked mononuclear cell infiltrate",
          "color": [
            21,
            11,
            49
          ]
        },
        "isLocked": true,
        "case_key": "S2415106A01",
        "source": "B",
        "orig_class": "Moderate to marked mononuclear cell infiltrate",
        "match": {
          "status": "unmatched"
        }
      }
    },
    {
      "type": "Feature",
      "id": "7b35d7e2-9f87-40cd-87d7-8a19a1113dca",
      "geometry": {
        "type": "Polygon",
        "coordinates": [
          [
            [
              7768.0,
              13732.0
            ],
            [
              7768.0,
              14702.0
            ],
            [
              8273.0,
              14702.0
            ],
            [
              8273.0,
              13732.0
            ],
            [
              7768.0,
              13732.0
            ]
          ]
        ]
      },
      "properties": {
        "objectType": "annotation",
        "classification": {
          "name": "B | Moderate to marked mononuclear cell infiltrate",
          "color": [
            21,
            11,
            49
          ]
        },
        "isLocked": true,
        "case_key": "S2415106A01",
        "source": "B",
        "orig_class": "Moderate to marked mononuclear cell infiltrate",
        "match": {
          "status": "unmatched"
        }
      }
    },
    {
      "type": "Feature",
      "id": "408dee5f-fff1-48ef-984b-b9ec306b590e",
      "geometry": {
        "type": "Polygon",
        "coordinates": [
          [
            [
              8087.0,
              11747.0
            ],
            [
              8087.0,
              12910.0
            ],
            [
              8658.0,
              12910.0
            ],
            [
              8658.0,
              11747.0
            ],
            [
              8087.0,
              11747.0
            ]
          ]
        ]
      },
      "properties": {
        "objectType": "annotation",
        "classification": {
          "name": "B | Moderate to marked mononuclear cell infiltrate",
          "color": [
            21,
            11,
            49
          ]
        },
        "isLocked": true,
        "case_key": "S2415106A01",
        "source": "B",
        "orig_class": "Moderate to marked mononuclear cell infiltrate",
        "match": {
          "status": "unmatched"
        }
      }
    },
    {
      "type": "Feature",
      "id": "9e45e939-c543-46b8-b2ed-fb411db7bcaf",
      "geometry": {
        "type": "Polygon",
        "coordinates": [
          [
            [
              7686.0,
              10468.0
            ],
            [
              7686.0,
              10990.0
            ],
            [
              8361.0,
              10990.0
            ],
            [
              8361.0,
              10468.0
            ],
            [
              7686.0,
              10468.0
            ]
          ]
        ]
      },
      "properties": {
        "objectType": "annotation",
        "classification": {
          "name": "B | Moderate to marked mononuclear cell infiltrate",
          "color": [
            21,
            11,
            49
          ]
        },
        "isLocked": true,
        "case_key": "S2415106A01",
        "source": "B",
        "orig_class": "Moderate to marked mononuclear cell infiltrate",
        "match": {
          "status": "unmatched"
        }
      }
    },
    {
      "type": "Feature",
      "id": "dcfd8e0e-ba4a-4cb5-81d4-9a063438e957",
      "geometry": {
        "type": "Polygon",
        "coordinates": [
          [
            [
              11852.0,
              20856.0
            ],
            [
              11852.0,
              21291.0
            ],
            [
              12354.0,
              21291.0
            ],
            [
              12354.0,
              20856.0
            ],
            [
              11852.0,
              20856.0
            ]
          ]
        ]
      },
      "properties": {
        "objectType": "annotation",
        "classification": {
          "name": "B | Moderate to marked mononuclear cell infiltrate",
          "color": [
            21,
            11,
            49
          ]
        },
        "isLocked": true,
        "case_key": "S2415106A01",
        "source": "B",
        "orig_class": "Moderate to marked mononuclear cell infiltrate",
        "match": {
          "status": "unmatched"
        }
      }
    },
    {
      "type": "Feature",
      "id": "70ea6450-b434-49de-8ebc-aac9b8381d6f",
      "geometry": {
        "type": "Polygon",
        "coordinates": [
          [
            [
              11161.0,
              22509.0
            ],
            [
              11161.0,
              23024.0
            ],
            [
              11480.0,
              23024.0
            ],
            [
              11480.0,
              22509.0
            ],
            [
              11161.0,
              22509.0
            ]
          ]
        ]
      },
      "properties": {
        "objectType": "annotation",
        "classification": {
          "name": "B | Basal Plasmacytosis",
          "color": [
            202,
            65,
            86
          ]
        },
        "isLocked": true,
        "case_key": "S2415106A01",
        "source": "B",
        "orig_class": "Basal Plasmacytosis",
        "match": {
          "status": "unmatched"
        }
      }
    },
    {
      "type": "Feature",
      "id": "1d20bab7-0039-4069-b2bb-bf07b4d0230e",
      "geometry": {
        "type": "Polygon",
        "coordinates": [
          [
            [
              11906.0,
              23167.0
            ],
            [
              11906.0,
              23599.0
            ],
            [
              12157.0,
              23599.0
            ],
            [
              12157.0,
              23167.0
            ],
            [
              11906.0,
              23167.0
            ]
          ]
        ]
      },
      "properties": {
        "objectType": "annotation",
        "classification": {
          "name": "B | Moderate to marked mononuclear cell infiltrate",
          "color": [
            21,
            11,
            49
          ]
        },
        "isLocked": true,
        "case_key": "S2415106A01",
        "source": "B",
        "orig_class": "Moderate to marked mononuclear cell infiltrate",
        "match": {
          "status": "unmatched"
        }
      }
    },
    {
      "type": "Feature",
      "id": "07410be7-e61f-4b52-b155-1a646b037c36",
      "geometry": {
        "type": "Polygon",
        "coordinates": [
          [
            [
              11393.0,
              24867.0
            ],
            [
              11393.0,
              25584.0
            ],
            [
              11792.0,
              25584.0
            ],
            [
              11792.0,
              24867.0
            ],
            [
              11393.0,
              24867.0
            ]
          ]
        ]
      },
      "properties": {
        "objectType": "annotation",
        "classification": {
          "name": "B | Moderate to marked mononuclear cell infiltrate",
          "color": [
            21,
            11,
            49
          ]
        },
        "isLocked": true,
        "case_key": "S2415106A01",
        "source": "B",
        "orig_class": "Moderate to marked mononuclear cell infiltrate",
        "match": {
          "status": "unmatched"
        }
      }
    },
    {
      "type": "Feature",
      "id": "48fe5cef-c5ff-4031-a4cf-9f1758163c26",
      "geometry": {
        "type": "Polygon",
        "coordinates": [
          [
            [
              10430.0,
              25633.0
            ],
            [
              10430.0,
              27217.0
            ],
            [
              11603.0,
              27217.0
            ],
            [
              11603.0,
              25633.0
            ],
            [
              10430.0,
              25633.0
            ]
          ]
        ]
      },
      "properties": {
        "objectType": "annotation",
        "classification": {
          "name": "B | Moderate to marked mononuclear cell infiltrate",
          "color": [
            21,
            11,
            49
          ]
        },
        "isLocked": true,
        "case_key": "S2415106A01",
        "source": "B",
        "orig_class": "Moderate to marked mononuclear cell infiltrate",
        "match": {
          "status": "unmatched"
        }
      }
    },
    {
      "type": "Feature",
      "id": "2415b7a8-2575-4ff5-8d8a-63701ea0c853",
      "geometry": {
        "type": "Polygon",
        "coordinates": [
          [
            [
              9266.0,
              26541.0
            ],
            [
              9266.0,
              27208.0
            ],
            [
              9657.0,
              27208.0
            ],
            [
              9657.0,
              26541.0
            ],
            [
              9266.0,
              26541.0
            ]
          ]
        ]
      },
      "properties": {
        "objectType": "annotation",
        "classification": {
          "name": "B | Moderate to marked mononuclear cell infiltrate",
          "color": [
            21,
            11,
            49
          ]
        },
        "isLocked": true,
        "case_key": "S2415106A01",
        "source": "B",
        "orig_class": "Moderate to marked mononuclear cell infiltrate",
        "match": {
          "status": "unmatched"
        }
      }
    },
    {
      "type": "Feature",
      "id": "89cead44-f121-4333-8ea4-2d28568865ab",
      "geometry": {
        "type": "Polygon",
        "coordinates": [
          [
            [
              9918.0,
              28282.0
            ],
            [
              9918.0,
              28717.0
            ],
            [
              10568.0,
              28717.0
            ],
            [
              10568.0,
              28282.0
            ],
            [
              9918.0,
              28282.0
            ]
          ]
        ]
      },
      "properties": {
        "objectType": "annotation",
        "classification": {
          "name": "B | Moderate to marked mononuclear cell infiltrate",
          "color": [
            21,
            11,
            49
          ]
        },
        "isLocked": true,
        "case_key": "S2415106A01",
        "source": "B",
        "orig_class": "Moderate to marked mononuclear cell infiltrate",
        "match": {
          "status": "unmatched"
        }
      }
    },
    {
      "type": "Feature",
      "id": "06719e8f-3b53-4f7a-a388-8c48a369888c",
      "geometry": {
        "type": "Polygon",
        "coordinates": [
          [
            [
              11921.0,
              26448.0
            ],
            [
              11921.0,
              27335.0
            ],
            [
              12431.0,
              27335.0
            ],
            [
              12431.0,
              26448.0
            ],
            [
              11921.0,
              26448.0
            ]
          ]
        ]
      },
      "properties": {
        "objectType": "annotation",
        "classification": {
          "name": "B | Moderate to marked mononuclear cell infiltrate",
          "color": [
            21,
            11,
            49
          ]
        },
        "isLocked": true,
        "case_key": "S2415106A01",
        "source": "B",
        "orig_class": "Moderate to marked mononuclear cell infiltrate",
        "match": {
          "status": "unmatched"
        }
      }
    },
    {
      "type": "Feature",
      "id": "23419dcb-8c96-4e15-8b60-d0f906e52797",
      "geometry": {
        "type": "Polygon",
        "coordinates": [
          [
            [
              16429.0,
              18482.0
            ],
            [
              16429.0,
              19444.0
            ],
            [
              17353.0,
              19444.0
            ],
            [
              17353.0,
              18482.0
            ],
            [
              16429.0,
              18482.0
            ]
          ]
        ]
      },
      "properties": {
        "objectType": "annotation",
        "classification": {
          "name": "B | Moderate to marked mononuclear cell infiltrate",
          "color": [
            21,
            11,
            49
          ]
        },
        "isLocked": true,
        "case_key": "S2415106A01",
        "source": "B",
        "orig_class": "Moderate to marked mononuclear cell infiltrate",
        "match": {
          "status": "unmatched"
        }
      }
    },
    {
      "type": "Feature",
      "id": "12d47f36-6254-4f18-a24a-125cf150b76c",
      "geometry": {
        "type": "Polygon",
        "coordinates": [
          [
            [
              14061.0,
              7592.0
            ],
            [
              14061.0,
              8076.0
            ],
            [
              14814.0,
              8076.0
            ],
            [
              14814.0,
              7592.0
            ],
            [
              14061.0,
              7592.0
            ]
          ]
        ]
      },
      "properties": {
        "objectType": "annotation",
        "classification": {
          "name": "B | Moderate to marked mononuclear cell infiltrate",
          "color": [
            21,
            11,
            49
          ]
        },
        "isLocked": true,
        "case_key": "S2415106A01",
        "source": "B",
        "orig_class": "Moderate to marked mononuclear cell infiltrate",
        "match": {
          "status": "unmatched"
        }
      }
    },
    {
      "type": "Feature",
      "id": "5aaa0a76-0d93-4809-969a-d79524dfe13f",
      "geometry": {
        "type": "Polygon",
        "coordinates": [
          [
            [
              15307.0,
              9971.0
            ],
            [
              15307.0,
              10463.0
            ],
            [
              16172.0,
              10463.0
            ],
            [
              16172.0,
              9971.0
            ],
            [
              15307.0,
              9971.0
            ]
          ]
        ]
      },
      "properties": {
        "objectType": "annotation",
        "classification": {
          "name": "B | Basal lymphoid aggregates",
          "color": [
            0,
            0,
            255
          ]
        },
        "isLocked": true,
        "case_key": "S2415106A01",
        "source": "B",
        "orig_class": "Basal lymphoid aggregates",
        "match": {
          "status": "unmatched"
        }
      }
    },
    {
      "type": "Feature",
      "id": "466a6de9-a340-4996-babd-170e3502151b",
      "geometry": {
        "type": "Polygon",
        "coordinates": [
          [
            [
              6006.0,
              11054.0
            ],
            [
              6006.0,
              12174.0
            ],
            [
              6924.0,
              12174.0
            ],
            [
              6924.0,
              11054.0
            ],
            [
              6006.0,
              11054.0
            ]
          ]
        ]
      },
      "properties": {
        "objectType": "annotation",
        "classification": {
          "name": "B | Moderate to marked mononuclear cell infiltrate",
          "color": [
            21,
            11,
            49
          ]
        },
        "isLocked": true,
        "case_key": "S2415106A01",
        "source": "B",
        "orig_class": "Moderate to marked mononuclear cell infiltrate",
        "match": {
          "status": "unmatched"
        }
      }
    },
    {
      "type": "Feature",
      "id": "aa183688-7861-4df1-b865-9072c998d583",
      "geometry": {
        "type": "Polygon",
        "coordinates": [
          [
            [
              8635.0,
              14928.0
            ],
            [
              8635.0,
              15261.0
            ],
            [
              8872.0,
              15261.0
            ],
            [
              8872.0,
              14928.0
            ],
            [
              8635.0,
              14928.0
            ]
          ]
        ]
      },
      "properties": {
        "objectType": "annotation",
        "classification": {
          "name": "B | Basal Plasmacytosis",
          "color": [
            202,
            65,
            86
          ]
        },
        "isLocked": true,
        "case_key": "S2415106A01",
        "source": "B",
        "orig_class": "Basal Plasmacytosis",
        "match": {
          "status": "unmatched"
        }
      }
    },
    {
      "type": "Feature",
      "id": "027b1304-e7ce-42b7-a103-c920eb9ff709",
      "geometry": {
        "type": "Polygon",
        "coordinates": [
          [
            [
              8370.0,
              25514.0
            ],
            [
              8370.0,
              25906.0
            ],
            [
              8563.0,
              25906.0
            ],
            [
              8563.0,
              25514.0
            ],
            [
              8370.0,
              25514.0
            ]
          ]
        ]
      },
      "properties": {
        "objectType": "annotation",
        "classification": {
          "name": "B | Moderate to marked mononuclear cell infiltrate",
          "color": [
            21,
            11,
            49
          ]
        },
        "isLocked": true,
        "case_key": "S2415106A01",
        "source": "B",
        "orig_class": "Moderate to marked mononuclear cell infiltrate",
        "match": {
          "status": "unmatched"
        }
      }
    },
    {
      "type": "Feature",
      "id": "f55d28d2-37c0-4f69-bbe5-a04c9e831935",
      "geometry": {
        "type": "Polygon",
        "coordinates": [
          [
            [
              8986.0,
              25394.0
            ],
            [
              8986.0,
              25984.0
            ],
            [
              9322.0,
              25984.0
            ],
            [
              9322.0,
              25394.0
            ],
            [
              8986.0,
              25394.0
            ]
          ]
        ]
      },
      "properties": {
        "objectType": "annotation",
        "classification": {
          "name": "B | Moderate to marked mononuclear cell infiltrate",
          "color": [
            21,
            11,
            49
          ]
        },
        "isLocked": true,
        "case_key": "S2415106A01",
        "source": "B",
        "orig_class": "Moderate to marked mononuclear cell infiltrate",
        "match": {
          "status": "unmatched"
        }
      }
    },
    {
      "type": "Feature",
      "id": "9ff5df45-3ee9-4011-8f6d-d45c4131270c",
      "geometry": {
        "type": "Polygon",
        "coordinates": [
          [
            [
              10798.0,
              24389.0
            ],
            [
              10798.0,
              24852.0
            ],
            [
              11367.0,
              24852.0
            ],
            [
              11367.0,
              24389.0
            ],
            [
              10798.0,
              24389.0
            ]
          ]
        ]
      },
      "properties": {
        "objectType": "annotation",
        "classification": {
          "name": "B | Moderate to marked mononuclear cell infiltrate",
          "color": [
            21,
            11,
            49
          ]
        },
        "isLocked": true,
        "case_key": "S2415106A01",
        "source": "B",
        "orig_class": "Moderate to marked mononuclear cell infiltrate",
        "match": {
          "status": "unmatched"
        }
      }
    },
    {
      "type": "Feature",
      "id": "88113341-69eb-45cb-a30a-67661be72832",
      "geometry": {
        "type": "Polygon",
        "coordinates": [
          [
            [
              12549.0,
              24912.0
            ],
            [
              12549.0,
              25376.0
            ],
            [
              13099.0,
              25376.0
            ],
            [
              13099.0,
              24912.0
            ],
            [
              12549.0,
              24912.0
            ]
          ]
        ]
      },
      "properties": {
        "objectType": "annotation",
        "classification": {
          "name": "B | Moderate to marked mononuclear cell infiltrate",
          "color": [
            21,
            11,
            49
          ]
        },
        "isLocked": true,
        "case_key": "S2415106A01",
        "source": "B",
        "orig_class": "Moderate to marked mononuclear cell infiltrate",
        "match": {
          "status": "unmatched"
        }
      }
    },
    {
      "type": "Feature",
      "id": "f58d74ca-f22f-4a73-b0ec-67f704f6b82b",
      "geometry": {
        "type": "Polygon",
        "coordinates": [
          [
            [
              11966.0,
              25696.0
            ],
            [
              11966.0,
              25895.0
            ],
            [
              12712.0,
              25895.0
            ],
            [
              12712.0,
              25696.0
            ],
            [
              11966.0,
              25696.0
            ]
          ]
        ]
      },
      "properties": {
        "objectType": "annotation",
        "classification": {
          "name": "B | Moderate to marked mononuclear cell infiltrate",
          "color": [
            21,
            11,
            49
          ]
        },
        "isLocked": true,
        "case_key": "S2415106A01",
        "source": "B",
        "orig_class": "Moderate to marked mononuclear cell infiltrate",
        "match": {
          "status": "unmatched"
        }
      }
    },
    {
      "type": "Feature",
      "id": "9a2651c4-8514-46eb-bdaf-b1be6f34432f",
      "geometry": {
        "type": "Polygon",
        "coordinates": [
          [
            [
              10883.0,
              28360.0
            ],
            [
              10883.0,
              28889.0
            ],
            [
              11593.0,
              28889.0
            ],
            [
              11593.0,
              28360.0
            ],
            [
              10883.0,
              28360.0
            ]
          ]
        ]
      },
      "properties": {
        "objectType": "annotation",
        "classification": {
          "name": "B | Moderate to marked mononuclear cell infiltrate",
          "color": [
            21,
            11,
            49
          ]
        },
        "isLocked": true,
        "case_key": "S2415106A01",
        "source": "B",
        "orig_class": "Moderate to marked mononuclear cell infiltrate",
        "match": {
          "status": "unmatched"
        }
      }
    },
    {
      "type": "Feature",
      "id": "5c511d84-c3e3-42e0-a152-0a9840c9d15c",
      "geometry": {
        "type": "Polygon",
        "coordinates": [
          [
            [
              10661.0,
              28861.0
            ],
            [
              10661.0,
              29588.0
            ],
            [
              11289.0,
              29588.0
            ],
            [
              11289.0,
              28861.0
            ],
            [
              10661.0,
              28861.0
            ]
          ]
        ]
      },
      "properties": {
        "objectType": "annotation",
        "classification": {
          "name": "B | Moderate to marked mononuclear cell infiltrate",
          "color": [
            21,
            11,
            49
          ]
        },
        "isLocked": true,
        "case_key": "S2415106A01",
        "source": "B",
        "orig_class": "Moderate to marked mononuclear cell infiltrate",
        "match": {
          "status": "unmatched"
        }
      }
    },
    {
      "type": "Feature",
      "id": "fef773e9-c2d8-48b9-af5a-a5ada75aed39",
      "geometry": {
        "type": "Polygon",
        "coordinates": [
          [
            [
              10623.0,
              20210.0
            ],
            [
              10623.0,
              20616.0
            ],
            [
              11055.0,
              20616.0
            ],
            [
              11055.0,
              20210.0
            ],
            [
              10623.0,
              20210.0
            ]
          ]
        ]
      },
      "properties": {
        "objectType": "annotation",
        "classification": {
          "name": "B | Moderate to marked mononuclear cell infiltrate",
          "color": [
            21,
            11,
            49
          ]
        },
        "isLocked": true,
        "case_key": "S2415106A01",
        "source": "B",
        "orig_class": "Moderate to marked mononuclear cell infiltrate",
        "match": {
          "status": "unmatched"
        }
      }
    },
    {
      "type": "Feature",
      "id": "453e90f7-a54e-43fe-8ef6-415e244adcd8",
      "geometry": {
        "type": "Polygon",
        "coordinates": [
          [
            [
              11102.0,
              19831.0
            ],
            [
              11102.0,
              20108.0
            ],
            [
              11557.0,
              20108.0
            ],
            [
              11557.0,
              19831.0
            ],
            [
              11102.0,
              19831.0
            ]
          ]
        ]
      },
      "properties": {
        "objectType": "annotation",
        "classification": {
          "name": "B | Moderate to marked mononuclear cell infiltrate",
          "color": [
            21,
            11,
            49
          ]
        },
        "isLocked": true,
        "case_key": "S2415106A01",
        "source": "B",
        "orig_class": "Moderate to marked mononuclear cell infiltrate",
        "match": {
          "status": "unmatched"
        }
      }
    },
    {
      "type": "Feature",
      "id": "19de8fb0-61bd-4d28-b675-604f9615e5aa",
      "geometry": {
        "type": "Polygon",
        "coordinates": [
          [
            [
              12239.0,
              21929.0
            ],
            [
              12239.0,
              22196.0
            ],
            [
              12693.0,
              22196.0
            ],
            [
              12693.0,
              21929.0
            ],
            [
              12239.0,
              21929.0
            ]
          ]
        ]
      },
      "properties": {
        "objectType": "annotation",
        "classification": {
          "name": "B | Moderate to marked mononuclear cell infiltrate",
          "color": [
            21,
            11,
            49
          ]
        },
        "isLocked": true,
        "case_key": "S2415106A01",
        "source": "B",
        "orig_class": "Moderate to marked mononuclear cell infiltrate",
        "match": {
          "status": "unmatched"
        }
      }
    },
    {
      "type": "Feature",
      "id": "f6e18935-141d-4003-a4e9-646c811b1527",
      "geometry": {
        "type": "Polygon",
        "coordinates": [
          [
            [
              10496.0,
              25140.0
            ],
            [
              10496.0,
              25551.0
            ],
            [
              11022.0,
              25551.0
            ],
            [
              11022.0,
              25140.0
            ],
            [
              10496.0,
              25140.0
            ]
          ]
        ]
      },
      "properties": {
        "objectType": "annotation",
        "classification": {
          "name": "B | Moderate to marked mononuclear cell infiltrate",
          "color": [
            21,
            11,
            49
          ]
        },
        "isLocked": true,
        "case_key": "S2415106A01",
        "source": "B",
        "orig_class": "Moderate to marked mononuclear cell infiltrate",
        "match": {
          "status": "unmatched"
        }
      }
    },
    {
      "type": "Feature",
      "id": "f84ffbae-2b14-4d5f-8a22-8b0d884fa83e",
      "geometry": {
        "type": "Polygon",
        "coordinates": [
          [
            [
              8932.0,
              22913.0
            ],
            [
              8932.0,
              23627.0
            ],
            [
              9267.0,
              23627.0
            ],
            [
              9267.0,
              22913.0
            ],
            [
              8932.0,
              22913.0
            ]
          ]
        ]
      },
      "properties": {
        "objectType": "annotation",
        "classification": {
          "name": "B | Moderate to marked mononuclear cell infiltrate",
          "color": [
            21,
            11,
            49
          ]
        },
        "isLocked": true,
        "case_key": "S2415106A01",
        "source": "B",
        "orig_class": "Moderate to marked mononuclear cell infiltrate",
        "match": {
          "status": "unmatched"
        }
      }
    },
    {
      "type": "Feature",
      "id": "0e2970e7-3772-481d-b7e4-53f759975d9f",
      "geometry": {
        "type": "Polygon",
        "coordinates": [
          [
            [
              7829.0,
              9866.0
            ],
            [
              7829.0,
              10095.0
            ],
            [
              8251.0,
              10095.0
            ],
            [
              8251.0,
              9866.0
            ],
            [
              7829.0,
              9866.0
            ]
          ]
        ]
      },
      "properties": {
        "objectType": "annotation",
        "classification": {
          "name": "B | Moderate to marked mononuclear cell infiltrate",
          "color": [
            21,
            11,
            49
          ]
        },
        "isLocked": true,
        "case_key": "S2415106A01",
        "source": "B",
        "orig_class": "Moderate to marked mononuclear cell infiltrate",
        "match": {
          "status": "unmatched"
        }
      }
    },
    {
      "type": "Feature",
      "id": "5eb4c90e-cb86-400e-b986-ec2781334aee",
      "geometry": {
        "type": "Polygon",
        "coordinates": [
          [
            [
              4921.0,
              16267.0
            ],
            [
              4921.0,
              21121.0
            ],
            [
              9518.0,
              21121.0
            ],
            [
              9518.0,
              16267.0
            ],
            [
              4921.0,
              16267.0
            ]
          ]
        ]
      },
      "properties": {
        "objectType": "annotation",
        "classification": {
          "name": "B | Marked (>50%) crypt distortion",
          "color": [
            0,
            51,
            0
          ]
        },
        "isLocked": true,
        "case_key": "S2415106A01",
        "source": "B",
        "orig_class": "Marked (>50%) crypt distortion",
        "match": {
          "status": "unmatched"
        }
      }
    },
    {
      "type": "Feature",
      "id": "b2e7f418-946c-4e42-8f6d-8d029f5f6e4c",
      "geometry": {
        "type": "Polygon",
        "coordinates": [
          [
            [
              7091.0,
              9174.0
            ],
            [
              7091.0,
              15517.0
            ],
            [
              10268.0,
              15517.0
            ],
            [
              10268.0,
              9174.0
            ],
            [
              7091.0,
              9174.0
            ]
          ]
        ]
      },
      "properties": {
        "objectType": "annotation",
        "classification": {
          "name": "B | Marked (>50%) crypt distortion",
          "color": [
            0,
            51,
            0
          ]
        },
        "isLocked": true,
        "case_key": "S2415106A01",
        "source": "B",
        "orig_class": "Marked (>50%) crypt distortion",
        "match": {
          "status": "unmatched"
        }
      }
    },
    {
      "type": "Feature",
      "id": "1c2e4277-9c7b-49a4-82f7-535607b6d0e7",
      "geometry": {
        "type": "Polygon",
        "coordinates": [
          [
            [
              14382.0,
              6767.0
            ],
            [
              14382.0,
              9500.0
            ],
            [
              17864.0,
              9500.0
            ],
            [
              17864.0,
              6767.0
            ],
            [
              14382.0,
              6767.0
            ]
          ]
        ]
      },
      "properties": {
        "objectType": "annotation",
        "classification": {
          "name": "B | Marked (>50%) crypt distortion",
          "color": [
            0,
            51,
            0
          ]
        },
        "isLocked": true,
        "case_key": "S2415106A01",
        "source": "B",
        "orig_class": "Marked (>50%) crypt distortion",
        "match": {
          "status": "unmatched"
        }
      }
    },
    {
      "type": "Feature",
      "id": "73ae4117-6c2c-4936-bb93-f009f50f8a24",
      "geometry": {
        "type": "Polygon",
        "coordinates": [
          [
            [
              20232.0,
              3462.0
            ],
            [
              20232.0,
              10476.0
            ],
            [
              23626.0,
              10476.0
            ],
            [
              23626.0,
              3462.0
            ],
            [
              20232.0,
              3462.0
            ]
          ]
        ]
      },
      "properties": {
        "objectType": "annotation",
        "classification": {
          "name": "B | Marked (>50%) crypt distortion",
          "color": [
            0,
            51,
            0
          ]
        },
        "isLocked": true,
        "case_key": "S2415106A01",
        "source": "B",
        "orig_class": "Marked (>50%) crypt distortion",
        "match": {
          "status": "unmatched"
        }
      }
    },
    {
      "type": "Feature",
      "id": "cce0ecfd-e5b3-46ce-8556-39ec677fb944",
      "geometry": {
        "type": "Polygon",
        "coordinates": [
          [
            [
              20647.0,
              12077.0
            ],
            [
              20647.0,
              17647.0
            ],
            [
              27864.0,
              17647.0
            ],
            [
              27864.0,
              12077.0
            ],
            [
              20647.0,
              12077.0
            ]
          ]
        ]
      },
      "properties": {
        "objectType": "annotation",
        "classification": {
          "name": "B | Marked (>50%) crypt distortion",
          "color": [
            0,
            51,
            0
          ]
        },
        "isLocked": true,
        "case_key": "S2415106A01",
        "source": "B",
        "orig_class": "Marked (>50%) crypt distortion",
        "match": {
          "status": "unmatched"
        }
      }
    },
    {
      "type": "Feature",
      "id": "668cc7d2-89bb-4979-ac7c-1b264537939e",
      "geometry": {
        "type": "Polygon",
        "coordinates": [
          [
            [
              12162.0,
              11655.0
            ],
            [
              12162.0,
              19878.0
            ],
            [
              18548.0,
              19878.0
            ],
            [
              18548.0,
              11655.0
            ],
            [
              12162.0,
              11655.0
            ]
          ]
        ]
      },
      "properties": {
        "objectType": "annotation",
        "classification": {
          "name": "B | Marked (>50%) crypt distortion",
          "color": [
            0,
            51,
            0
          ]
        },
        "isLocked": true,
        "case_key": "S2415106A01",
        "source": "B",
        "orig_class": "Marked (>50%) crypt distortion",
        "match": {
          "status": "unmatched"
        }
      }
    },
    {
      "type": "Feature",
      "id": "be69d6fb-8bba-4235-a60a-de0ea3466331",
      "geometry": {
        "type": "Polygon",
        "coordinates": [
          [
            [
              6972.0,
              22415.0
            ],
            [
              6972.0,
              27141.0
            ],
            [
              9715.0,
              27141.0
            ],
            [
              9715.0,
              22415.0
            ],
            [
              6972.0,
              22415.0
            ]
          ]
        ]
      },
      "properties": {
        "objectType": "annotation",
        "classification": {
          "name": "B | Marked (>50%) crypt distortion",
          "color": [
            0,
            51,
            0
          ]
        },
        "isLocked": true,
        "case_key": "S2415106A01",
        "source": "B",
        "orig_class": "Marked (>50%) crypt distortion",
        "match": {
          "status": "unmatched"
        }
      }
    },
    {
      "type": "Feature",
      "id": "5a30edca-b396-4825-a524-28e509a7be4d",
      "geometry": {
        "type": "Polygon",
        "coordinates": [
          [
            [
              10494.0,
              20571.0
            ],
            [
              10494.0,
              28533.0
            ],
            [
              13326.0,
              28533.0
            ],
            [
              13326.0,
              20571.0
            ],
            [
              10494.0,
              20571.0
            ]
          ]
        ]
      },
      "properties": {
        "objectType": "annotation",
        "classification": {
          "name": "B | Marked (>50%) crypt distortion",
          "color": [
            0,
            51,
            0
          ]
        },
        "isLocked": true,
        "case_key": "S2415106A01",
        "source": "B",
        "orig_class": "Marked (>50%) crypt distortion",
        "match": {
          "status": "unmatched"
        }
      }
    },
    {
      "type": "Feature",
      "id": "902fb4e4-686a-4715-9f82-5d8d630cd300",
      "geometry": {
        "type": "Polygon",
        "coordinates": [
          [
            [
              9518.0,
              28663.0
            ],
            [
              9518.0,
              30139.0
            ],
            [
              12302.0,
              30139.0
            ],
            [
              12302.0,
              28663.0
            ],
            [
              9518.0,
              28663.0
            ]
          ]
        ]
      },
      "properties": {
        "objectType": "annotation",
        "classification": {
          "name": "B | Marked (>50%) crypt distortion",
          "color": [
            0,
            51,
            0
          ]
        },
        "isLocked": true,
        "case_key": "S2415106A01",
        "source": "B",
        "orig_class": "Marked (>50%) crypt distortion",
        "match": {
          "status": "unmatched"
        }
      }
    },
    {
      "type": "Feature",
      "id": "d86d2ed0-d57c-4252-8e54-9aceede4aa20",
      "geometry": {
        "type": "Polygon",
        "coordinates": [
          [
            [
              21790.0,
              6786.0
            ],
            [
              21790.0,
              7437.0
            ],
            [
              22440.0,
              7437.0
            ],
            [
              22440.0,
              6786.0
            ],
            [
              21790.0,
              6786.0
            ]
          ]
        ]
      },
      "properties": {
        "objectType": "annotation",
        "case_key": "S2415106A01",
        "source": "C",
        "orig_class": "unknown",
        "classification": {
          "name": "C | unknown"
        },
        "match": {
          "status": "unmatched"
        }
      }
    },
    {
      "type": "Feature",
      "id": "6f6a59a7-e3a6-4254-a99e-25b6bb028ba3",
      "geometry": {
        "type": "Polygon",
        "coordinates": [
          [
            [
              5969.0,
              16830.0
            ],
            [
              5969.0,
              17861.0
            ],
            [
              6656.0,
              17861.0
            ],
            [
              6656.0,
              16830.0
            ],
            [
              5969.0,
              16830.0
            ]
          ]
        ]
      },
      "properties": {
        "objectType": "annotation",
        "case_key": "S2415106A01",
        "source": "C",
        "orig_class": "unknown",
        "classification": {
          "name": "C | unknown"
        },
        "match": {
          "status": "unmatched"
        }
      }
    },
    {
      "type": "Feature",
      "id": "43da0510-1fed-4407-b85d-989b00b9ee8b",
      "geometry": {
        "type": "Polygon",
        "coordinates": [
          [
            [
              6672.0,
              17377.0
            ],
            [
              6672.0,
              18676.0
            ],
            [
              7633.0,
              18676.0
            ],
            [
              7633.0,
              17377.0
            ],
            [
              6672.0,
              17377.0
            ]
          ]
        ]
      },
      "properties": {
        "objectType": "annotation",
        "classification": {
          "name": "C | Crypt absces",
          "color": [
            240,
            77,
            141
          ]
        },
        "case_key": "S2415106A01",
        "source": "C",
        "orig_class": "Crypt absces",
        "match": {
          "status": "unmatched"
        }
      }
    },
    {
      "type": "Feature",
      "id": "39945e6a-fd1d-4c99-bef1-f6dc3e251d3d",
      "geometry": {
        "type": "Polygon",
        "coordinates": [
          [
            [
              7631.0,
              17865.0
            ],
            [
              7631.0,
              19074.0
            ],
            [
              8648.0,
              19074.0
            ],
            [
              8648.0,
              17865.0
            ],
            [
              7631.0,
              17865.0
            ]
          ]
        ]
      },
      "properties": {
        "objectType": "annotation",
        "classification": {
          "name": "C | Crypt absces",
          "color": [
            240,
            77,
            141
          ]
        },
        "case_key": "S2415106A01",
        "source": "C",
        "orig_class": "Crypt absces",
        "match": {
          "status": "unmatched"
        }
      }
    },
    {
      "type": "Feature",
      "id": "0746b2fc-b41b-423f-9d92-366ea8d38d5d",
      "geometry": {
        "type": "Polygon",
        "coordinates": [
          [
            [
              8000.0,
              19085.0
            ],
            [
              8000.0,
              19900.0
            ],
            [
              8612.0,
              19900.0
            ],
            [
              8612.0,
              19085.0
            ],
            [
              8000.0,
              19085.0
            ]
          ]
        ]
      },
      "properties": {
        "objectType": "annotation",
        "classification": {
          "name": "C | Crypt absces",
          "color": [
            240,
            77,
            141
          ]
        },
        "case_key": "S2415106A01",
        "source": "C",
        "orig_class": "Crypt absces",
        "match": {
          "status": "unmatched"
        }
      }
    },
    {
      "type": "Feature",
      "id": "d5a2e3ff-f70e-4086-a87c-f6ac8067e7e1",
      "geometry": {
        "type": "Polygon",
        "coordinates": [
          [
            [
              10971.0,
              24942.0
            ],
            [
              10971.0,
              25363.0
            ],
            [
              11378.0,
              25363.0
            ],
            [
              11378.0,
              24942.0
            ],
            [
              10971.0,
              24942.0
            ]
          ]
        ]
      },
      "properties": {
        "objectType": "annotation",
        "classification": {
          "name": "C | Crypt absces",
          "color": [
            240,
            77,
            141
          ]
        },
        "case_key": "S2415106A01",
        "source": "C",
        "orig_class": "Crypt absces",
        "match": {
          "status": "unmatched"
        }
      }
    },
    {
      "type": "Feature",
      "id": "32fa9d24-e880-47a9-b71d-2738dbbe0912",
      "geometry": {
        "type": "Polygon",
        "coordinates": [
          [
            [
              12718.0,
              20897.0
            ],
            [
              12718.0,
              26349.0
            ],
            [
              14743.0,
              26349.0
            ],
            [
              14743.0,
              20897.0
            ],
            [
              12718.0,
              20897.0
            ]
          ]
        ]
      },
      "properties": {
        "objectType": "annotation",
        "classification": {
          "name": "C | Ulcer/ erosions",
          "color": [
            255,
            0,
            0
          ]
        },
        "case_key": "S2415106A01",
        "source": "C",
        "orig_class": "Ulcer/ erosions",
        "match": {
          "status": "unmatched"
        }
      }
    },
    {
      "type": "Feature",
      "id": "8e647360-a172-4283-85d6-cc20342da085",
      "geometry": {
        "type": "Polygon",
        "coordinates": [
          [
            [
              13820.0,
              26891.0
            ],
            [
              13820.0,
              28724.0
            ],
            [
              14708.0,
              28724.0
            ],
            [
              14708.0,
              26891.0
            ],
            [
              13820.0,
              26891.0
            ]
          ]
        ]
      },
      "properties": {
        "objectType": "annotation",
        "classification": {
          "name": "C | Ulcer/ erosions",
          "color": [
            255,
            0,
            0
          ]
        },
        "case_key": "S2415106A01",
        "source": "C",
        "orig_class": "Ulcer/ erosions",
        "match": {
          "status": "unmatched"
        }
      }
    },
    {
      "type": "Feature",
      "id": "3d250b88-072a-4d00-819d-68f9ebb369ac",
      "geometry": {
        "type": "Polygon",
        "coordinates": [
          [
            [
              12774.0,
              28359.0
            ],
            [
              12774.0,
              29455.0
            ],
            [
              13998.0,
              29455.0
            ],
            [
              13998.0,
              28359.0
            ],
            [
              12774.0,
              28359.0
            ]
          ]
        ]
      },
      "properties": {
        "objectType": "annotation",
        "classification": {
          "name": "C | Ulcer/ erosions",
          "color": [
            255,
            0,
            0
          ]
        },
        "case_key": "S2415106A01",
        "source": "C",
        "orig_class": "Ulcer/ erosions",
        "match": {
          "status": "unmatched"
        }
      }
    },
    {
      "type": "Feature",
      "id": "2901bc40-7037-4b18-948a-64a308befc89",
      "geometry": {
        "type": "Polygon",
        "coordinates": [
          [
            [
              8699.0,
              16925.0
            ],
            [
              8699.0,
              19040.0
            ],
            [
              10160.0,
              19040.0
            ],
            [
              10160.0,
              16925.0
            ],
            [
              8699.0,
              16925.0
            ]
          ]
        ]
      },
      "properties": {
        "objectType": "annotation",
        "classification": {
          "name": "C | Ulcer/ erosions",
          "color": [
            255,
            0,
            0
          ]
        },
        "case_key": "S2415106A01",
        "source": "C",
        "orig_class": "Ulcer/ erosions",
        "match": {
          "status": "unmatched"
        }
      }
    },
    {
      "type": "Feature",
      "id": "938e540c-2eb9-479f-9de9-b07c8076c919",
      "geometry": {
        "type": "Polygon",
        "coordinates": [
          [
            [
              9074.0,
              19050.0
            ],
            [
              9074.0,
              21061.0
            ],
            [
              9989.0,
              21061.0
            ],
            [
              9989.0,
              19050.0
            ],
            [
              9074.0,
              19050.0
            ]
          ]
        ]
      },
      "properties": {
        "objectType": "annotation",
        "case_key": "S2415106A01",
        "source": "C",
        "orig_class": "unknown",
        "classification": {
          "name": "C | unknown"
        },
        "match": {
          "status": "unmatched"
        }
      }
    },
    {
      "type": "Feature",
      "id": "496319fb-9c38-440e-aff6-79c8bbd3349c",
      "geometry": {
        "type": "Polygon",
        "coordinates": [
          [
            [
              5455.0,
              11096.0
            ],
            [
              5455.0,
              13264.0
            ],
            [
              6779.0,
              13264.0
            ],
            [
              6779.0,
              11096.0
            ],
            [
              5455.0,
              11096.0
            ]
          ]
        ]
      },
      "properties": {
        "objectType": "annotation",
        "case_key": "S2415106A01",
        "source": "C",
        "orig_class": "unknown",
        "classification": {
          "name": "C | unknown"
        },
        "match": {
          "status": "unmatched"
        }
      }
    },
    {
      "type": "Feature",
      "id": "54911d3a-1351-4e41-b8c9-41da75af26f5",
      "geometry": {
        "type": "Polygon",
        "coordinates": [
          [
            [
              6749.0,
              9222.0
            ],
            [
              6749.0,
              10373.0
            ],
            [
              8233.0,
              10373.0
            ],
            [
              8233.0,
              9222.0
            ],
            [
              6749.0,
              9222.0
            ]
          ]
        ]
      },
      "properties": {
        "objectType": "annotation",
        "case_key": "S2415106A01",
        "source": "C",
        "orig_class": "unknown",
        "classification": {
          "name": "C | unknown"
        },
        "match": {
          "status": "unmatched"
        }
      }
    },
    {
      "type": "Feature",
      "id": "9d033d4d-c883-4b9a-9a7a-7ae9e3409d24",
      "geometry": {
        "type": "Polygon",
        "coordinates": [
          [
            [
              18767.0,
              17802.0
            ],
            [
              18767.0,
              22669.0
            ],
            [
              20161.0,
              22669.0
            ],
            [
              20161.0,
              17802.0
            ],
            [
              18767.0,
              17802.0
            ]
          ]
        ]
      },
      "properties": {
        "objectType": "annotation",
        "case_key": "S2415106A01",
        "source": "C",
        "orig_class": "unknown",
        "classification": {
          "name": "C | unknown"
        },
        "match": {
          "status": "unmatched"
        }
      }
    },
    {
      "type": "Feature",
      "id": "24bc4271-6c12-4421-b347-92ae80e8b7ed",
      "geometry": {
        "type": "Polygon",
        "coordinates": [
          [
            [
              14628.0,
              12469.0
            ],
            [
              14628.0,
              14165.0
            ],
            [
              18895.0,
              14165.0
            ],
            [
              18895.0,
              12469.0
            ],
            [
              14628.0,
              12469.0
            ]
          ]
        ]
      },
      "properties": {
        "objectType": "annotation",
        "case_key": "S2415106A01",
        "source": "C",
        "orig_class": "unknown",
        "classification": {
          "name": "C | unknown"
        },
        "match": {
          "status": "unmatched"
        }
      }
    },
    {
      "type": "Feature",
      "id": "4ff053ac-0616-4678-a0fb-da5b18518315",
      "geometry": {
        "type": "Polygon",
        "coordinates": [
          [
            [
              12161.0,
              11598.0
            ],
            [
              12161.0,
              12301.0
            ],
            [
              13861.0,
              12301.0
            ],
            [
              13861.0,
              11598.0
            ],
            [
              12161.0,
              11598.0
            ]
          ]
        ]
      },
      "properties": {
        "objectType": "annotation",
        "classification": {
          "name": "C | Ulcer/ erosions",
          "color": [
            255,
            0,
            0
          ]
        },
        "case_key": "S2415106A01",
        "source": "C",
        "orig_class": "Ulcer/ erosions",
        "match": {
          "status": "unmatched"
        }
      }
    },
    {
      "type": "Feature",
      "id": "0b8e227d-94a2-43e6-872c-0dfc96d594f7",
      "geometry": {
        "type": "Polygon",
        "coordinates": [
          [
            [
              7119.0,
              10604.0
            ],
            [
              7119.0,
              16312.0
            ],
            [
              10958.0,
              16312.0
            ],
            [
              10958.0,
              10604.0
            ],
            [
              7119.0,
              10604.0
            ]
          ]
        ]
      },
      "properties": {
        "objectType": "annotation",
        "classification": {
          "name": "C | No ulcer/ moderate to severe activity",
          "color": [
            128,
            0,
            0
          ]
        },
        "case_key": "S2415106A01",
        "source": "C",
        "orig_class": "No ulcer/ moderate to severe activity",
        "match": {
          "status": "unmatched"
        }
      }
    },
    {
      "type": "Feature",
      "id": "0fc57001-3189-4719-b429-65a39b7ed179",
      "geometry": {
        "type": "Polygon",
        "coordinates": [
          [
            [
              8385.0,
              8835.0
            ],
            [
              8385.0,
              10584.0
            ],
            [
              9993.0,
              10584.0
            ],
            [
              9993.0,
              8835.0
            ],
            [
              8385.0,
              8835.0
            ]
          ]
        ]
      },
      "properties": {
        "objectType": "annotation",
        "classification": {
          "name": "C | No ulcer/ moderate to severe activity",
          "color": [
            128,
            0,
            0
          ]
        },
        "case_key": "S2415106A01",
        "source": "C",
        "orig_class": "No ulcer/ moderate to severe activity",
        "match": {
          "status": "unmatched"
        }
      }
    },
    {
      "type": "Feature",
      "id": "c30b323b-13c2-4ba6-981e-4e5ba4c0473e",
      "geometry": {
        "type": "Polygon",
        "coordinates": [
          [
            [
              5692.0,
              18361.0
            ],
            [
              5692.0,
              20351.0
            ],
            [
              6657.0,
              20351.0
            ],
            [
              6657.0,
              18361.0
            ],
            [
              5692.0,
              18361.0
            ]
          ]
        ]
      },
      "properties": {
        "objectType": "annotation",
        "classification": {
          "name": "C | No ulcer/ moderate to severe activity",
          "color": [
            128,
            0,
            0
          ]
        },
        "case_key": "S2415106A01",
        "source": "C",
        "orig_class": "No ulcer/ moderate to severe activity",
        "match": {
          "status": "unmatched"
        }
      }
    },
    {
      "type": "Feature",
      "id": "4a91704b-6035-41ec-8567-bfe6e9a4a404",
      "geometry": {
        "type": "Polygon",
        "coordinates": [
          [
            [
              6898.0,
              18884.0
            ],
            [
              6898.0,
              21095.0
            ],
            [
              7742.0,
              21095.0
            ],
            [
              7742.0,
              18884.0
            ],
            [
              6898.0,
              18884.0
            ]
          ]
        ]
      },
      "properties": {
        "objectType": "annotation",
        "classification": {
          "name": "C | No ulcer/ moderate to severe activity",
          "color": [
            128,
            0,
            0
          ]
        },
        "case_key": "S2415106A01",
        "source": "C",
        "orig_class": "No ulcer/ moderate to severe activity",
        "match": {
          "status": "unmatched"
        }
      }
    },
    {
      "type": "Feature",
      "id": "cc946520-af82-4ad0-978c-84a537ed684f",
      "geometry": {
        "type": "Polygon",
        "coordinates": [
          [
            [
              8043.0,
              20110.0
            ],
            [
              8043.0,
              21135.0
            ],
            [
              8767.0,
              21135.0
            ],
            [
              8767.0,
              20110.0
            ],
            [
              8043.0,
              20110.0
            ]
          ]
        ]
      },
      "properties": {
        "objectType": "annotation",
        "classification": {
          "name": "C | No ulcer/ moderate to severe activity",
          "color": [
            128,
            0,
            0
          ]
        },
        "case_key": "S2415106A01",
        "source": "C",
        "orig_class": "No ulcer/ moderate to severe activity",
        "match": {
          "status": "unmatched"
        }
      }
    },
    {
      "type": "Feature",
      "id": "0c92c913-b115-4f72-98c8-805f235d3384",
      "geometry": {
        "type": "Polygon",
        "coordinates": [
          [
            [
              4546.0,
              16472.0
            ],
            [
              4546.0,
              18120.0
            ],
            [
              5692.0,
              18120.0
            ],
            [
              5692.0,
              16472.0
            ],
            [
              4546.0,
              16472.0
            ]
          ]
        ]
      },
      "properties": {
        "objectType": "annotation",
        "classification": {
          "name": "C | No ulcer/ moderate to severe activity",
          "color": [
            128,
            0,
            0
          ]
        },
        "case_key": "S2415106A01",
        "source": "C",
        "orig_class": "No ulcer/ moderate to severe activity",
        "match": {
          "status": "unmatched"
        }
      }
    },
    {
      "type": "Feature",
      "id": "86244f0d-bc0e-423f-a585-6fe4a196867b",
      "geometry": {
        "type": "Polygon",
        "coordinates": [
          [
            [
              11781.0,
              12473.0
            ],
            [
              11781.0,
              18160.0
            ],
            [
              14274.0,
              18160.0
            ],
            [
              14274.0,
              12473.0
            ],
            [
              11781.0,
              12473.0
            ]
          ]
        ]
      },
      "properties": {
        "objectType": "annotation",
        "classification": {
          "name": "C | No ulcer/ moderate to severe activity",
          "color": [
            128,
            0,
            0
          ]
        },
        "case_key": "S2415106A01",
        "source": "C",
        "orig_class": "No ulcer/ moderate to severe activity",
        "match": {
          "status": "unmatched"
        }
      }
    },
    {
      "type": "Feature",
      "id": "f104c5ca-bc7e-4ca9-9f9b-e31d1efae076",
      "geometry": {
        "type": "Polygon",
        "coordinates": [
          [
            [
              14475.0,
              14362.0
            ],
            [
              14475.0,
              21738.0
            ],
            [
              18635.0,
              21738.0
            ],
            [
              18635.0,
              14362.0
            ],
            [
              14475.0,
              14362.0
            ]
          ]
        ]
      },
      "properties": {
        "objectType": "annotation",
        "classification": {
          "name": "C | No ulcer/ moderate to severe activity",
          "color": [
            128,
            0,
            0
          ]
        },
        "case_key": "S2415106A01",
        "source": "C",
        "orig_class": "No ulcer/ moderate to severe activity",
        "match": {
          "status": "unmatched"
        }
      }
    },
    {
      "type": "Feature",
      "id": "35eb7da0-643e-476d-91a9-f3b577ecee3a",
      "geometry": {
        "type": "Polygon",
        "coordinates": [
          [
            [
              20990.0,
              11801.0
            ],
            [
              20990.0,
              18228.0
            ],
            [
              24943.0,
              18228.0
            ],
            [
              24943.0,
              11801.0
            ],
            [
              20990.0,
              11801.0
            ]
          ]
        ]
      },
      "properties": {
        "objectType": "annotation",
        "case_key": "S2415106A01",
        "source": "C",
        "orig_class": "unknown",
        "classification": {
          "name": "C | unknown"
        },
        "match": {
          "status": "unmatched"
        }
      }
    },
    {
      "type": "Feature",
      "id": "fa4ecc8f-2b91-4af4-b8a8-6530913d5e07",
      "geometry": {
        "type": "Polygon",
        "coordinates": [
          [
            [
              25047.0,
              12514.0
            ],
            [
              25047.0,
              18235.0
            ],
            [
              28123.0,
              18235.0
            ],
            [
              28123.0,
              12514.0
            ],
            [
              25047.0,
              12514.0
            ]
          ]
        ]
      },
      "properties": {
        "objectType": "annotation",
        "case_key": "S2415106A01",
        "source": "C",
        "orig_class": "unknown",
        "classification": {
          "name": "C | unknown"
        },
        "match": {
          "status": "unmatched"
        }
      }
    },
    {
      "type": "Feature",
      "id": "fcdcd306-f7ca-41f3-b938-ae9c5ce452c7",
      "geometry": {
        "type": "Polygon",
        "coordinates": [
          [
            [
              19636.0,
              2997.0
            ],
            [
              19636.0,
              6668.0
            ],
            [
              23626.0,
              6668.0
            ],
            [
              23626.0,
              2997.0
            ],
            [
              19636.0,
              2997.0
            ]
          ]
        ]
      },
      "properties": {
        "objectType": "annotation",
        "case_key": "S2415106A01",
        "source": "C",
        "orig_class": "unknown",
        "classification": {
          "name": "C | unknown"
        },
        "match": {
          "status": "unmatched"
        }
      }
    },
    {
      "type": "Feature",
      "id": "b423f608-744a-4860-9ce5-a9f7da2132e6",
      "geometry": {
        "type": "Polygon",
        "coordinates": [
          [
            [
              19984.0,
              7500.0
            ],
            [
              19984.0,
              10584.0
            ],
            [
              23670.0,
              10584.0
            ],
            [
              23670.0,
              7500.0
            ],
            [
              19984.0,
              7500.0
            ]
          ]
        ]
      },
      "properties": {
        "objectType": "annotation",
        "case_key": "S2415106A01",
        "source": "C",
        "orig_class": "unknown",
        "classification": {
          "name": "C | unknown"
        },
        "match": {
          "status": "unmatched"
        }
      }
    },
    {
      "type": "Feature",
      "id": "7c0581e1-aea0-4a19-ba78-337afa47d43e",
      "geometry": {
        "type": "Polygon",
        "coordinates": [
          [
            [
              19732.0,
              6698.0
            ],
            [
              19732.0,
              7478.0
            ],
            [
              21724.0,
              7478.0
            ],
            [
              21724.0,
              6698.0
            ],
            [
              19732.0,
              6698.0
            ]
          ]
        ]
      },
      "properties": {
        "objectType": "annotation",
        "case_key": "S2415106A01",
        "source": "C",
        "orig_class": "unknown",
        "classification": {
          "name": "C | unknown"
        },
        "match": {
          "status": "unmatched"
        }
      }
    },
    {
      "type": "Feature",
      "id": "0423f278-9fed-42f7-8c0c-909a480d47ed",
      "geometry": {
        "type": "Polygon",
        "coordinates": [
          [
            [
              22519.0,
              6757.0
            ],
            [
              22519.0,
              7389.0
            ],
            [
              23648.0,
              7389.0
            ],
            [
              23648.0,
              6757.0
            ],
            [
              22519.0,
              6757.0
            ]
          ]
        ]
      },
      "properties": {
        "objectType": "annotation",
        "case_key": "S2415106A01",
        "source": "C",
        "orig_class": "unknown",
        "classification": {
          "name": "C | unknown"
        },
        "match": {
          "status": "unmatched"
        }
      }
    },
    {
      "type": "Feature",
      "id": "5a3b36c4-4862-4d12-bc64-bd8859234578",
      "geometry": {
        "type": "Polygon",
        "coordinates": [
          [
            [
              12139.0,
              6708.0
            ],
            [
              12139.0,
              8889.0
            ],
            [
              14839.0,
              8889.0
            ],
            [
              14839.0,
              6708.0
            ],
            [
              12139.0,
              6708.0
            ]
          ]
        ]
      },
      "properties": {
        "objectType": "annotation",
        "case_key": "S2415106A01",
        "source": "C",
        "orig_class": "unknown",
        "classification": {
          "name": "C | unknown"
        },
        "match": {
          "status": "unmatched"
        }
      }
    },
    {
      "type": "Feature",
      "id": "b393857c-5090-46f7-b8c6-93ff5893a611",
      "geometry": {
        "type": "Polygon",
        "coordinates": [
          [
            [
              15348.0,
              9758.0
            ],
            [
              15348.0,
              11050.0
            ],
            [
              16690.0,
              11050.0
            ],
            [
              16690.0,
              9758.0
            ],
            [
              15348.0,
              9758.0
            ]
          ]
        ]
      },
      "properties": {
        "objectType": "annotation",
        "case_key": "S2415106A01",
        "source": "C",
        "orig_class": "unknown",
        "classification": {
          "name": "C | unknown"
        },
        "match": {
          "status": "unmatched"
        }
      }
    },
    {
      "type": "Feature",
      "id": "3f2ee8ba-0d7b-4de8-ae5c-4d4164743020",
      "geometry": {
        "type": "Polygon",
        "coordinates": [
          [
            [
              14869.0,
              6254.0
            ],
            [
              14869.0,
              9718.0
            ],
            [
              18262.0,
              9718.0
            ],
            [
              18262.0,
              6254.0
            ],
            [
              14869.0,
              6254.0
            ]
          ]
        ]
      },
      "properties": {
        "objectType": "annotation",
        "case_key": "S2415106A01",
        "source": "C",
        "orig_class": "unknown",
        "classification": {
          "name": "C | unknown"
        },
        "match": {
          "status": "unmatched"
        }
      }
    },
    {
      "type": "Feature",
      "id": "8b7b0662-239f-40cc-bc3f-d148d04e549e",
      "geometry": {
        "type": "Polygon",
        "coordinates": [
          [
            [
              12528.0,
              8919.0
            ],
            [
              12528.0,
              11489.0
            ],
            [
              15205.0,
              11489.0
            ],
            [
              15205.0,
              8919.0
            ],
            [
              12528.0,
              8919.0
            ]
          ]
        ]
      },
      "properties": {
        "objectType": "annotation",
        "case_key": "S2415106A01",
        "source": "C",
        "orig_class": "unknown",
        "classification": {
          "name": "C | unknown"
        },
        "match": {
          "status": "unmatched"
        }
      }
    },
    {
      "type": "Feature",
      "id": "494ef7f7-9ea3-46db-af9d-11b20ca6b4a8",
      "geometry": {
        "type": "Polygon",
        "coordinates": [
          [
            [
              10529.0,
              19039.0
            ],
            [
              10529.0,
              30426.0
            ],
            [
              12642.0,
              30426.0
            ],
            [
              12642.0,
              19039.0
            ],
            [
              10529.0,
              19039.0
            ]
          ]
        ]
      },
      "properties": {
        "objectType": "annotation",
        "case_key": "S2415106A01",
        "source": "C",
        "orig_class": "unknown",
        "classification": {
          "name": "C | unknown"
        },
        "match": {
          "status": "unmatched"
        }
      }
    },
    {
      "type": "Feature",
      "id": "69887d7b-6c6e-4773-9aca-1f142e37c17b",
      "geometry": {
        "type": "Polygon",
        "coordinates": [
          [
            [
              12714.0,
              26464.0
            ],
            [
              12714.0,
              28260.0
            ],
            [
              13866.0,
              28260.0
            ],
            [
              13866.0,
              26464.0
            ],
            [
              12714.0,
              26464.0
            ]
          ]
        ]
      },
      "properties": {
        "objectType": "annotation",
        "case_key": "S2415106A01",
        "source": "C",
        "orig_class": "unknown",
        "classification": {
          "name": "C | unknown"
        },
        "match": {
          "status": "unmatched"
        }
      }
    },
    {
      "type": "Feature",
      "id": "dca344be-adb2-47a4-854f-a22faf0b48ed",
      "geometry": {
        "type": "Polygon",
        "coordinates": [
          [
            [
              6858.0,
              21696.0
            ],
            [
              6858.0,
              30635.0
            ],
            [
              10439.0,
              30635.0
            ],
            [
              10439.0,
              21696.0
            ],
            [
              6858.0,
              21696.0
            ]
          ]
        ]
      },
      "properties": {
        "objectType": "annotation",
        "case_key": "S2415106A01",
        "source": "C",
        "orig_class": "unknown",
        "classification": {
          "name": "C | unknown"
        },
        "match": {
          "status": "unmatched"
        }
      }
    },
    {
      "type": "Feature",
      "id": "7ea54451-8de7-407a-ae5f-1bfcd42b2339",
      "geometry": {
        "type": "Polygon",
        "coordinates": [
          [
            [
              6659.0,
              16411.0
            ],
            [
              6659.0,
              17345.0
            ],
            [
              8676.0,
              17345.0
            ],
            [
              8676.0,
              16411.0
            ],
            [
              6659.0,
              16411.0
            ]
          ]
        ]
      },
      "properties": {
        "objectType": "annotation",
        "case_key": "S2415106A01",
        "source": "C",
        "orig_class": "unknown",
        "classification": {
          "name": "C | unknown"
        },
        "match": {
          "status": "unmatched"
        }
      }
    },
    {
      "type": "Feature",
      "id": "054ed723-0b27-426b-9475-514052226b74",
      "geometry": {
        "type": "Polygon",
        "coordinates": [
          [
            [
              7664.0,
              17354.0
            ],
            [
              7664.0,
              17856.0
            ],
            [
              8690.0,
              17856.0
            ],
            [
              8690.0,
              17354.0
            ],
            [
              7664.0,
              17354.0
            ]
          ]
        ]
      },
      "properties": {
        "objectType": "annotation",
        "case_key": "S2415106A01",
        "source": "C",
        "orig_class": "unknown",
        "classification": {
          "name": "C | unknown"
        },
        "match": {
          "status": "unmatched"
        }
      }
    },
    {
      "type": "Feature",
      "id": "dd7d8478-1ea2-4301-9be2-775ff8e7b5b7",
      "geometry": {
        "type": "Polygon",
        "coordinates": [
          [
            [
              5677.0,
              16291.0
            ],
            [
              5677.0,
              16807.0
            ],
            [
              6643.0,
              16807.0
            ],
            [
              6643.0,
              16291.0
            ],
            [
              5677.0,
              16291.0
            ]
          ]
        ]
      },
      "properties": {
        "objectType": "annotation",
        "case_key": "S2415106A01",
        "source": "C",
        "orig_class": "unknown",
        "classification": {
          "name": "C | unknown"
        },
        "match": {
          "status": "unmatched"
        }
      }
    },
    {
      "type": "Feature",
      "id": "e9d6579c-0b88-4e2d-84b7-de77845c44ec",
      "geometry": {
        "type": "Polygon",
        "coordinates": [
          [
            [
              5776.0,
              17833.0
            ],
            [
              5776.0,
              18324.0
            ],
            [
              6639.0,
              18324.0
            ],
            [
              6639.0,
              17833.0
            ],
            [
              5776.0,
              17833.0
            ]
          ]
        ]
      },
      "properties": {
        "objectType": "annotation",
        "case_key": "S2415106A01",
        "source": "C",
        "orig_class": "unknown",
        "classification": {
          "name": "C | unknown"
        },
        "match": {
          "status": "unmatched"
        }
      }
    },
    {
      "type": "Feature",
      "id": "c7f91821-311f-4c1a-97b5-0ea93b8cb5f7",
      "geometry": {
        "type": "Polygon",
        "coordinates": [
          [
            [
              4512.0,
              6747.0
            ],
            [
              4512.0,
              30744.0
            ],
            [
              28659.0,
              30744.0
            ],
            [
              28659.0,
              6747.0
            ],
            [
              4512.0,
              6747.0
            ]
          ]
        ]
      },
      "properties": {
        "objectType": "annotation",
        "case_key": "S2415106A01",
        "source": "C",
        "orig_class": "unknown",
        "classification": {
          "name": "C | unknown"
        },
        "match": {
          "status": "unmatched"
        }
      }
    }
  ]
}