{
  "type": "FeatureCollection",
  "features": [
    {
      "type": "Feature",
      "id": "b0cc7942-ec96-4a3f-9ad9-c7977aef91bc",
      "geometry": {
        "type": "Polygon",
        "coordinates": [
          [
            [
              38981.0,
              11503.0
            ],
            [
              39960.0,
              11503.0
            ],
            [
              39960.0,
              12056.0
            ],
            [
              38981.0,
              12056.0
            ],
            [
              38981.0,
              11503.0
            ]
          ]
        ]
      },
      "properties": {
        "objectType": "annotation",
        "classification": {
          "name": "A | Ulcer/ erosion",
          "color": [
            255,
            0,
            0
          ]
        },
        "case_key": "2385991",
        "source": "A",
        "orig_class": "Ulcer/ erosion",
        "match": {
          "status": "component_tp",
          "component_id": "Ulcer/ erosion:comp_0",
          "class": "Ulcer/ erosion",
          "nA": 1,
          "nB": 1,
          "cas_union": 0.7788614661817185,
          "oc_union": 0.7816345270890726,
          "ar_union": 1.1836700336700336,
          "area_a_union": 541387.0,
          "area_b_union": 457380.0,
          "area_intersection_union": 357504.0
        }
      }
    },
    {
      "type": "Feature",
      "id": "03f995f0-60e6-47a7-8bfc-7723078431ec",
      "geometry": {
        "type": "Polygon",
        "coordinates": [
          [
            [
              39475.0,
              10858.0
            ],
            [
              39795.0,
              10858.0
            ],
            [
              39795.0,
              11285.0
            ],
            [
              39475.0,
              11285.0
            ],
            [
              39475.0,
              10858.0
            ]
          ]
        ]
      },
      "properties": {
        "objectType": "annotation",
        "classification": {
          "name": "A | Ulcer/ erosion",
          "color": [
            255,
            0,
            0
          ]
        },
        "case_key": "2385991",
        "source": "A",
        "orig_class": "Ulcer/ erosion",
        "match": {
          "status": "component_fn",
          "component_id": "Ulcer/ erosion:comp_1",
          "class": "Ulcer/ erosion",
          "nA": 1,
          "nB": 0,
          "cas_union": 0.0,
          "oc_union": 0.0,
          "ar_union": Infinity,
          "area_a_union": 136640.0,
          "area_b_union": 0.0,
          "area_intersection_union": 0.0
        }
      }
    },
    {
      "type": "Feature",
      "id": "4a01721e-1c16-49a3-b64e-a2597329cb2f",
      "geometry": {
        "type": "Polygon",
        "coordinates": [
          [
            [
              41565.0,
              8869.0
            ],
            [
              41839.0,
              8869.0
            ],
            [
              41839.0,
              9113.0
            ],
            [
              41565.0,
              9113.0
            ],
            [
              41565.0,
              8869.0
            ]
          ]
        ]
      },
      "properties": {
        "objectType": "annotation",
        "classification": {
          "name": "A | Ulcer/ erosion",
          "color": [
            255,
            0,
            0
          ]
        },
        "case_key": "2385991",
        "source": "A",
        "orig_class": "Ulcer/ erosion",
        "match": {
          "status": "component_fn",
          "component_id": "Ulcer/ erosion:comp_2",
          "class": "Ulcer/ erosion",
          "nA": 1,
          "nB": 0,
          "cas_union": 0.0,
          "oc_union": 0.0,
          "ar_union": Infinity,
          "area_a_union": 66856.0,
          "area_b_union": 0.0,
          "area_intersection_union": 0.0
        }
      }
    },
    {
      "type": "Feature",
      "id": "31c6eb47-6e09-434f-a45f-100c15f1cbcd",
      "geometry": {
        "type": "Polygon",
        "coordinates": [
          [
            [
              41227.0,
              11461.0
            ],
            [
              41624.0,
              11461.0
            ],
            [
              41624.0,
              11874.0
            ],
            [
              41227.0,
              11874.0
            ],
            [
              41227.0,
              11461.0
            ]
          ]
        ]
      },
      "properties": {
        "objectType": "annotation",
        "classification": {
          "name": "A | Ulcer/ erosion",
          "color": [
            255,
            0,
            0
          ]
        },
        "case_key": "2385991",
        "source": "A",
        "orig_class": "Ulcer/ erosion",
        "match": {
          "status": "component_fn",
          "component_id": "Ulcer/ erosion:comp_3",
          "class": "Ulcer/ erosion",
          "nA": 1,
          "nB": 0,
          "cas_union": 0.0,
          "oc_union": 0.0,
          "ar_union": Infinity,
          "area_a_union": 163961.0,
          "area_b_union": 0.0,
          "area_intersection_union": 0.0
        }
      }
    },
    {
      "type": "Feature",
      "id": "eba9b80f-ef52-4e26-a9d0-37721350cd7a",
      "geometry": {
        "type": "Polygon",
        "coordinates": [
          [
            [
              39712.0,
              12539.0
            ],
            [
              39957.0,
              12539.0
            ],
            [
              39957.0,
              12877.0
            ],
            [
              39712.0,
              12877.0
            ],
            [
              39712.0,
              12539.0
            ]
          ]
        ]
      },
      "properties": {
        "objectType": "annotation",
        "classification": {
          "name": "A | Ulcer/ erosion",
          "color": [
            255,
            0,
            0
          ]
        },
        "case_key": "2385991",
        "source": "A",
        "orig_class": "Ulcer/ erosion",
        "match": {
          "status": "component_fn",
          "component_id": "Ulcer/ erosion:comp_4",
          "class": "Ulcer/ erosion",
          "nA": 1,
          "nB": 0,
          "cas_union": 0.0,
          "oc_union": 0.0,
          "ar_union": Infinity,
          "area_a_union": 82810.0,
          "area_b_union": 0.0,
          "area_intersection_union": 0.0
        }
      }
    },
    {
      "type": "Feature",
      "id": "fa1a0a74-7551-48f9-adfb-01be6eceee48",
      "geometry": {
        "type": "Polygon",
        "coordinates": [
          [
            [
              38525.0,
              15305.0
            ],
            [
              38775.0,
              15305.0
            ],
            [
              38775.0,
              15634.0
            ],
            [
              38525.0,
              15634.0
            ],
            [
              38525.0,
              15305.0
            ]
          ]
        ]
      },
      "properties": {
        "objectType": "annotation",
        "classification": {
          "name": "A | Ulcer/ erosion",
          "color": [
            255,
            0,
            0
          ]
        },
        "case_key": "2385991",
        "source": "A",
        "orig_class": "Ulcer/ erosion",
        "match": {
          "status": "component_fn",
          "component_id": "Ulcer/ erosion:comp_5",
          "class": "Ulcer/ erosion",
          "nA": 1,
          "nB": 0,
          "cas_union": 0.0,
          "oc_union": 0.0,
          "ar_union": Infinity,
          "area_a_union": 82250.0,
          "area_b_union": 0.0,
          "area_intersection_union": 0.0
        }
      }
    },
    {
      "type": "Feature",
      "id": "0edd95f7-a437-41fb-8ac0-b676112e7423",
      "geometry": {
        "type": "Polygon",
        "coordinates": [
          [
            [
              38274.0,
              15611.0
            ],
            [
              39085.0,
              15611.0
            ],
            [
              39085.0,
              16060.0
            ],
            [
              38274.0,
              16060.0
            ],
            [
              38274.0,
              15611.0
            ]
          ]
        ]
      },
      "properties": {
        "objectType": "annotation",
        "classification": {
          "name": "A | Ulcer/ erosion",
          "color": [
            255,
            0,
            0
          ]
        },
        "case_key": "2385991",
        "source": "A",
        "orig_class": "Ulcer/ erosion",
        "match": {
          "status": "component_fn",
          "component_id": "Ulcer/ erosion:comp_6",
          "class": "Ulcer/ erosion",
          "nA": 1,
          "nB": 0,
          "cas_union": 0.0,
          "oc_union": 0.0,
          "ar_union": Infinity,
          "area_a_union": 364139.0,
          "area_b_union": 0.0,
          "area_intersection_union": 0.0
        }
      }
    },
    {
      "type": "Feature",
      "id": "9af7f864-be18-49d2-b638-a340a795ce2c",
      "geometry": {
        "type": "Polygon",
        "coordinates": [
          [
            [
              42146.0,
              17637.0
            ],
            [
              42621.0,
              17637.0
            ],
            [
              42621.0,
              18015.0
            ],
            [
              42146.0,
              18015.0
            ],
            [
              42146.0,
              17637.0
            ]
          ]
        ]
      },
      "properties": {
        "objectType": "annotation",
        "classification": {
          "name": "A | Ulcer/ erosion",
          "color": [
            255,
            0,
            0
          ]
        },
        "case_key": "2385991",
        "source": "A",
        "orig_class": "Ulcer/ erosion",
        "match": {
          "status": "component_fn",
          "component_id": "Ulcer/ erosion:comp_7",
          "class": "Ulcer/ erosion",
          "nA": 1,
          "nB": 0,
          "cas_union": 0.0,
          "oc_union": 0.0,
          "ar_union": Infinity,
          "area_a_union": 179550.0,
          "area_b_union": 0.0,
          "area_intersection_union": 0.0
        }
      }
    },
    {
      "type": "Feature",
      "id": "3c683350-941a-4140-9d56-89e14e19ee82",
      "geometry": {
        "type": "Polygon",
        "coordinates": [
          [
            [
              31662.0,
              22760.0
            ],
            [
              32054.0,
              22760.0
            ],
            [
              32054.0,
              23308.0
            ],
            [
              31662.0,
              23308.0
            ],
            [
              31662.0,
              22760.0
            ]
          ]
        ]
      },
      "properties": {
        "objectType": "annotation",
        "classification": {
          "name": "A | Ulcer/ erosion",
          "color": [
            255,
            0,
            0
          ]
        },
        "case_key": "2385991",
        "source": "A",
        "orig_class": "Ulcer/ erosion",
        "match": {
          "status": "component_fn",
          "component_id": "Ulcer/ erosion:comp_8",
          "class": "Ulcer/ erosion",
          "nA": 1,
          "nB": 0,
          "cas_union": 0.0,
          "oc_union": 0.0,
          "ar_union": Infinity,
          "area_a_union": 214816.0,
          "area_b_union": 0.0,
          "area_intersection_union": 0.0
        }
      }
    },
    {
      "type": "Feature",
      "id": "e245634c-2c27-47dc-afa4-d3690f6510bd",
      "geometry": {
        "type": "Polygon",
        "coordinates": [
          [
            [
              32064.0,
              22338.0
            ],
            [
              32510.0,
              22338.0
            ],
            [
              32510.0,
              22614.0
            ],
            [
              32064.0,
              22614.0
            ],
            [
              32064.0,
              22338.0
            ]
          ]
        ]
      },
      "properties": {
        "objectType": "annotation",
        "classification": {
          "name": "A | Ulcer/ erosion",
          "color": [
            255,
            0,
            0
          ]
        },
        "case_key": "2385991",
        "source": "A",
        "orig_class": "Ulcer/ erosion",
        "match": {
          "status": "component_fn",
          "component_id": "Ulcer/ erosion:comp_9",
          "class": "Ulcer/ erosion",
          "nA": 1,
          "nB": 0,
          "cas_union": 0.0,
          "oc_union": 0.0,
          "ar_union": Infinity,
          "area_a_union": 123096.0,
          "area_b_union": 0.0,
          "area_intersection_union": 0.0
        }
      }
    },
    {
      "type": "Feature",
      "id": "c22c770d-00cc-4e0e-8f6e-d3e56b9b3209",
      "geometry": {
        "type": "Polygon",
        "coordinates": [
          [
            [
              34760.0,
              10383.0
            ],
            [
              35584.0,
              10383.0
            ],
            [
              35584.0,
              10839.0
            ],
            [
              34760.0,
              10839.0
            ],
            [
              34760.0,
              10383.0
            ]
          ]
        ]
      },
      "properties": {
        "objectType": "annotation",
        "classification": {
          "name": "A | Ulcer/ erosion",
          "color": [
            255,
            0,
            0
          ]
        },
        "case_key": "2385991",
        "source": "A",
        "orig_class": "Ulcer/ erosion",
        "match": {
          "status": "component_fn",
          "component_id": "Ulcer/ erosion:comp_10",
          "class": "Ulcer/ erosion",
          "nA": 1,
          "nB": 0,
          "cas_union": 0.0,
          "oc_union": 0.0,
          "ar_union": Infinity,
          "area_a_union": 375744.0,
          "area_b_union": 0.0,
          "area_intersection_union": 0.0
        }
      }
    },
    {
      "type": "Feature",
      "id": "b92b8fcd-e128-42b6-b5ae-15c893e0d14c",
      "geometry": {
        "type": "Polygon",
        "coordinates": [
          [
            [
              38572.0,
              9099.0
            ],
            [
              39049.0,
              9099.0
            ],
            [
              39049.0,
              10441.0
            ],
            [
              38572.0,
              10441.0
            ],
            [
              38572.0,
              9099.0
            ]
          ]
        ]
      },
      "properties": {
        "objectType": "annotation",
        "classification": {
          "name": "A | Basal Plasmacytosis",
          "color": [
            202,
            65,
            86
          ]
        },
        "case_key": "2385991",
        "source": "A",
        "orig_class": "Basal Plasmacytosis",
        "match": {
          "status": "component_fn",
          "component_id": "Basal Plasmacytosis:comp_0",
          "class": "Basal Plasmacytosis",
          "nA": 1,
          "nB": 0,
          "cas_union": 0.0,
          "oc_union": 0.0,
          "ar_union": Infinity,
          "area_a_union": 640134.0,
          "area_b_union": 0.0,
          "area_intersection_union": 0.0
        }
      }
    },
    {
      "type": "Feature",
      "id": "dba56b14-95d0-43fb-820a-241d4fddc1a5",
      "geometry": {
        "type": "Polygon",
        "coordinates": [
          [
            [
              38370.0,
              10160.0
            ],
            [
              38738.0,
              10160.0
            ],
            [
              38738.0,
              11517.0
            ],
            [
              38370.0,
              11517.0
            ],
            [
              38370.0,
              10160.0
            ]
          ]
        ]
      },
      "properties": {
        "objectType": "annotation",
        "classification": {
          "name": "A | Basal Plasmacytosis",
          "color": [
            202,
            65,
            86
          ]
        },
        "case_key": "2385991",
        "source": "A",
        "orig_class": "Basal Plasmacytosis",
        "match": {
          "status": "component_fn",
          "component_id": "Basal Plasmacytosis:comp_1",
          "class": "Basal Plasmacytosis",
          "nA": 1,
          "nB": 0,
          "cas_union": 0.0,
          "oc_union": 0.0,
          "ar_union": Infinity,
          "area_a_union": 499376.0,
          "area_b_union": 0.0,
          "area_intersection_union": 0.0
        }
      }
    },
    {
      "type": "Feature",
      "id": "224d2279-cb09-45b5-9ea3-ff3874c0d58c",
      "geometry": {
        "type": "Polygon",
        "coordinates": [
          [
            [
              37814.0,
              11575.0
            ],
            [
              38320.0,
              11575.0
            ],
            [
              38320.0,
              13624.0
            ],
            [
              37814.0,
              13624.0
            ],
            [
              37814.0,
              11575.0
            ]
          ]
        ]
      },
      "properties": {
        "objectType": "annotation",
        "classification": {
          "name": "A | Basal Plasmacytosis",
          "color": [
            202,
            65,
            86
          ]
        },
        "case_key": "2385991",
        "source": "A",
        "orig_class": "Basal Plasmacytosis",
        "match": {
          "status": "component_fn",
          "component_id": "Basal Plasmacytosis:comp_2",
          "class": "Basal Plasmacytosis",
          "nA": 1,
          "nB": 0,
          "cas_union": 0.0,
          "oc_union": 0.0,
          "ar_union": Infinity,
          "area_a_union": 1036794.0,
          "area_b_union": 0.0,
          "area_intersection_union": 0.0
        }
      }
    },
    {
      "type": "Feature",
      "id": "c76ffe2b-8232-4a52-b5a8-ff2498b95761",
      "geometry": {
        "type": "Polygon",
        "coordinates": [
          [
            [
              42225.0,
              9402.0
            ],
            [
              42622.0,
              9402.0
            ],
            [
              42622.0,
              10427.0
            ],
            [
              42225.0,
              10427.0
            ],
            [
              42225.0,
              9402.0
            ]
          ]
        ]
      },
      "properties": {
        "objectType": "annotation",
        "classification": {
          "name": "A | Basal Plasmacytosis",
          "color": [
            202,
            65,
            86
          ]
        },
        "case_key": "2385991",
        "source": "A",
        "orig_class": "Basal Plasmacytosis",
        "match": {
          "status": "component_fn",
          "component_id": "Basal Plasmacytosis:comp_3",
          "class": "Basal Plasmacytosis",
          "nA": 1,
          "nB": 0,
          "cas_union": 0.0,
          "oc_union": 0.0,
          "ar_union": Infinity,
          "area_a_union": 406925.0,
          "area_b_union": 0.0,
          "area_intersection_union": 0.0
        }
      }
    },
    {
      "type": "Feature",
      "id": "77418432-290f-4a33-84fb-703fa963d149",
      "geometry": {
        "type": "Polygon",
        "coordinates": [
          [
            [
              42340.0,
              10001.0
            ],
            [
              43076.0,
              10001.0
            ],
            [
              43076.0,
              10427.0
            ],
            [
              42340.0,
              10427.0
            ],
            [
              42340.0,
              10001.0
            ]
          ]
        ]
      },
      "properties": {
        "objectType": "annotation",
        "classification": {
          "name": "A | Basal Plasmacytosis",
          "color": [
            202,
            65,
            86
          ]
        },
        "case_key": "2385991",
        "source": "A",
        "orig_class": "Basal Plasmacytosis",
        "match": {
          "status": "component_fn",
          "component_id": "Basal Plasmacytosis:comp_4",
          "class": "Basal Plasmacytosis",
          "nA": 1,
          "nB": 0,
          "cas_union": 0.0,
          "oc_union": 0.0,
          "ar_union": Infinity,
          "area_a_union": 313536.0,
          "area_b_union": 0.0,
          "area_intersection_union": 0.0
        }
      }
    },
    {
      "type": "Feature",
      "id": "a3085560-df32-49bb-8159-b904418af4f1",
      "geometry": {
        "type": "Polygon",
        "coordinates": [
          [
            [
              38536.0,
              17378.0
            ],
            [
              39792.0,
              17378.0
            ],
            [
              39792.0,
              18164.0
            ],
            [
              38536.0,
              18164.0
            ],
            [
              38536.0,
              17378.0
            ]
          ]
        ]
      },
      "properties": {
        "objectType": "annotation",
        "classification": {
          "name": "A | Basal Plasmacytosis",
          "color": [
            202,
            65,
            86
          ]
        },
        "case_key": "2385991",
        "source": "A",
        "orig_class": "Basal Plasmacytosis",
        "match": {
          "status": "component_fn",
          "component_id": "Basal Plasmacytosis:comp_5",
          "class": "Basal Plasmacytosis",
          "nA": 1,
          "nB": 0,
          "cas_union": 0.0,
          "oc_union": 0.0,
          "ar_union": Infinity,
          "area_a_union": 987216.0,
          "area_b_union": 0.0,
          "area_intersection_union": 0.0
        }
      }
    },
    {
      "type": "Feature",
      "id": "958c027f-3f64-44e1-80b0-2e1a7e356484",
      "geometry": {
        "type": "Polygon",
        "coordinates": [
          [
            [
              35476.0,
              20611.0
            ],
            [
              35801.0,
              20611.0
            ],
            [
              35801.0,
              21196.0
            ],
            [
              35476.0,
              21196.0
            ],
            [
              35476.0,
              20611.0
            ]
          ]
        ]
      },
      "properties": {
        "objectType": "annotation",
        "classification": {
          "name": "A | Basal Plasmacytosis",
          "color": [
            202,
            65,
            86
          ]
        },
        "case_key": "2385991",
        "source": "A",
        "orig_class": "Basal Plasmacytosis",
        "match": {
          "status": "component_fn",
          "component_id": "Basal Plasmacytosis:comp_6",
          "class": "Basal Plasmacytosis",
          "nA": 1,
          "nB": 0,
          "cas_union": 0.0,
          "oc_union": 0.0,
          "ar_union": Infinity,
          "area_a_union": 190125.0,
          "area_b_union": 0.0,
          "area_intersection_union": 0.0
        }
      }
    },
    {
      "type": "Feature",
      "id": "21b4c84e-6386-4466-8d10-73a6d606481c",
      "geometry": {
        "type": "Polygon",
        "coordinates": [
          [
            [
              37028.0,
              9139.0
            ],
            [
              37468.0,
              9139.0
            ],
            [
              37468.0,
              10431.0
            ],
            [
              37028.0,
              10431.0
            ],
            [
              37028.0,
              9139.0
            ]
          ]
        ]
      },
      "properties": {
        "objectType": "annotation",
        "classification": {
          "name": "A | Moderate to marked mononuclear cell infiltrate",
          "color": [
            21,
            11,
            49
          ]
        },
        "case_key": "2385991",
        "source": "A",
        "orig_class": "Moderate to marked mononuclear cell infiltrate",
        "match": {
          "status": "component_tp",
          "component_id": "Moderate to marked mononuclear cell infiltrate:comp_0",
          "class": "Moderate to marked mononuclear cell infiltrate",
          "nA": 1,
          "nB": 1,
          "cas_union": 0.35598777979012924,
          "oc_union": 0.3565019654850253,
          "ar_union": 1.1134418805980089,
          "area_a_union": 568480.0,
          "area_b_union": 510561.0,
          "area_intersection_union": 182016.0
        }
      }
    },
    {
      "type": "Feature",
      "id": "69adf630-7cd4-481c-a09c-1f4ecbd9fe7f",
      "geometry": {
        "type": "Polygon",
        "coordinates": [
          [
            [
              38493.0,
              8410.0
            ],
            [
              39027.0,
              8410.0
            ],
            [
              39027.0,
              8995.0
            ],
            [
              38493.0,
              8995.0
            ],
            [
              38493.0,
              8410.0
            ]
          ]
        ]
      },
      "properties": {
        "objectType": "annotation",
        "classification": {
          "name": "A | Moderate to marked mononuclear cell infiltrate",
          "color": [
            21,
            11,
            49
          ]
        },
        "case_key": "2385991",
        "source": "A",
        "orig_class": "Moderate to marked mononuclear cell infiltrate",
        "match": {
          "status": "component_fn",
          "component_id": "Moderate to marked mononuclear cell infiltrate:comp_1",
          "class": "Moderate to marked mononuclear cell infiltrate",
          "nA": 1,
          "nB": 0,
          "cas_union": 0.0,
          "oc_union": 0.0,
          "ar_union": Infinity,
          "area_a_union": 312390.0,
          "area_b_union": 0.0,
          "area_intersection_union": 0.0
        }
      }
    },
    {
      "type": "Feature",
      "id": "1b0cc66a-ca84-4ca5-8bdf-9f642ab86ecb",
      "geometry": {
        "type": "Polygon",
        "coordinates": [
          [
            [
              37360.0,
              10958.0
            ],
            [
              37973.0,
              10958.0
            ],
            [
              37973.0,
              11434.0
            ],
            [
              37360.0,
              11434.0
            ],
            [
              37360.0,
              10958.0
            ]
          ]
        ]
      },
      "properties": {
        "objectType": "annotation",
        "classification": {
          "name": "A | Moderate to marked mononuclear cell infiltrate",
          "color": [
            21,
            11,
            49
          ]
        },
        "case_key": "2385991",
        "source": "A",
        "orig_class": "Moderate to marked mononuclear cell infiltrate",
        "match": {
          "status": "component_fn",
          "component_id": "Moderate to marked mononuclear cell infiltrate:comp_2",
          "class": "Moderate to marked mononuclear cell infiltrate",
          "nA": 1,
          "nB": 0,
          "cas_union": 0.0,
          "oc_union": 0.0,
          "ar_union": Infinity,
          "area_a_union": 291788.0,
          "area_b_union": 0.0,
          "area_intersection_union": 0.0
        }
      }
    },
    {
      "type": "Feature",
      "id": "eb5a2a37-f26f-43ca-9a80-e99ad85012a5",
      "geometry": {
        "type": "Polygon",
        "coordinates": [
          [
            [
              36017.0,
              12106.0
            ],
            [
              36717.0,
              12106.0
            ],
            [
              36717.0,
              12589.0
            ],
            [
              36017.0,
              12589.0
            ],
            [
              36017.0,
              12106.0
            ]
          ]
        ]
      },
      "properties": {
        "objectType": "annotation",
        "classification": {
          "name": "A | Moderate to marked mononuclear cell infiltrate",
          "color": [
            21,
            11,
            49
          ]
        },
        "case_key": "2385991",
        "source": "A",
        "orig_class": "Moderate to marked mononuclear cell infiltrate",
        "match": {
          "status": "component_tp",
          "component_id": "Moderate to marked mononuclear cell infiltrate:comp_3",
          "class": "Moderate to marked mononuclear cell infiltrate",
          "nA": 1,
          "nB": 1,
          "cas_union": 0.8643891915401285,
          "oc_union": 1.0,
          "ar_union": 2.9439396628216503,
          "area_a_union": 338100.0,
          "area_b_union": 995346.0,
          "area_intersection_union": 338100.0
        }
      }
    },
    {
      "type": "Feature",
      "id": "7d1d8dff-2bef-4ecf-b918-b7535cf4cbbb",
      "geometry": {
        "type": "Polygon",
        "coordinates": [
          [
            [
              37056.0,
              13896.0
            ],
            [
              37894.0,
              13896.0
            ],
            [
              37894.0,
              14235.0
            ],
            [
              37056.0,
              14235.0
            ],
            [
              37056.0,
              13896.0
            ]
          ]
        ]
      },
      "properties": {
        "objectType": "annotation",
        "classification": {
          "name": "A | Moderate to marked mononuclear cell infiltrate",
          "color": [
            21,
            11,
            49
          ]
        },
        "case_key": "2385991",
        "source": "A",
        "orig_class": "Moderate to marked mononuclear cell infiltrate",
        "match": {
          "status": "component_fn",
          "component_id": "Moderate to marked mononuclear cell infiltrate:comp_4",
          "class": "Moderate to marked mononuclear cell infiltrate",
          "nA": 1,
          "nB": 0,
          "cas_union": 0.0,
          "oc_union": 0.0,
          "ar_union": Infinity,
          "area_a_union": 284082.0,
          "area_b_union": 0.0,
          "area_intersection_union": 0.0
        }
      }
    },
    {
      "type": "Feature",
      "id": "b11975c4-bdfa-44a1-9447-be5422e8bc9d",
      "geometry": {
        "type": "Polygon",
        "coordinates": [
          [
            [
              37093.0,
              12503.0
            ],
            [
              37677.0,
              12503.0
            ],
            [
              37677.0,
              12828.0
            ],
            [
              37093.0,
              12828.0
            ],
            [
              37093.0,
              12503.0
            ]
          ]
        ]
      },
      "properties": {
        "objectType": "annotation",
        "classification": {
          "name": "A | Moderate to marked mononuclear cell infiltrate",
          "color": [
            21,
            11,
            49
          ]
        },
        "case_key": "2385991",
        "source": "A",
        "orig_class": "Moderate to marked mononuclear cell infiltrate",
        "match": {
          "status": "component_tp",
          "component_id": "Moderate to marked mononuclear cell infiltrate:comp_5",
          "class": "Moderate to marked mononuclear cell infiltrate",
          "nA": 1,
          "nB": 1,
          "cas_union": 0.4056269739065172,
          "oc_union": 0.5924657534246576,
          "ar_union": 5.702702845100105,
          "area_a_union": 189800.0,
          "area_b_union": 1082373.0,
          "area_intersection_union": 112450.0
        }
      }
    },
    {
      "type": "Feature",
      "id": "f12dff46-73ab-4ec4-99e2-ba1fcfe8698a",
      "geometry": {
        "type": "Polygon",
        "coordinates": [
          [
            [
              38991.0,
              13145.0
            ],
            [
              39518.0,
              13145.0
            ],
            [
              39518.0,
              13412.0
            ],
            [
              38991.0,
              13412.0
            ],
            [
              38991.0,
              13145.0
            ]
          ]
        ]
      },
      "properties": {
        "objectType": "annotation",
        "classification": {
          "name": "A | Moderate to marked mononuclear cell infiltrate",
          "color": [
            21,
            11,
            49
          ]
        },
        "case_key": "2385991",
        "source": "A",
        "orig_class": "Moderate to marked mononuclear cell infiltrate",
        "match": {
          "status": "component_tp",
          "component_id": "Moderate to marked mononuclear cell infiltrate:comp_6",
          "class": "Moderate to marked mononuclear cell infiltrate",
          "nA": 1,
          "nB": 1,
          "cas_union": 0.6452087760052075,
          "oc_union": 0.9438202247191011,
          "ar_union": 5.722405816259088,
          "area_a_union": 140709.0,
          "area_b_union": 805194.0,
          "area_intersection_union": 132804.0
        }
      }
    },
    {
      "type": "Feature",
      "id": "85a856f0-50dc-42a6-abf3-a29a9a589985",
      "geometry": {
        "type": "Polygon",
        "coordinates": [
          [
            [
              39691.0,
              13022.0
            ],
            [
              40377.0,
              13022.0
            ],
            [
              40377.0,
              13564.0
            ],
            [
              39691.0,
              13564.0
            ],
            [
              39691.0,
              13022.0
            ]
          ]
        ]
      },
      "properties": {
        "objectType": "annotation",
        "classification": {
          "name": "A | Moderate to marked mononuclear cell infiltrate",
          "color": [
            21,
            11,
            49
          ]
        },
        "case_key": "2385991",
        "source": "A",
        "orig_class": "Moderate to marked mononuclear cell infiltrate",
        "match": {
          "status": "component_fn",
          "component_id": "Moderate to marked mononuclear cell infiltrate:comp_7",
          "class": "Moderate to marked mononuclear cell infiltrate",
          "nA": 1,
          "nB": 0,
          "cas_union": 0.0,
          "oc_union": 0.0,
          "ar_union": Infinity,
          "area_a_union": 371812.0,
          "area_b_union": 0.0,
          "area_intersection_union": 0.0
        }
      }
    },
    {
      "type": "Feature",
      "id": "9f582489-3c2e-4670-a692-cd8fe73c916e",
      "geometry": {
        "type": "Polygon",
        "coordinates": [
          [
            [
              39121.0,
              13968.0
            ],
            [
              39727.0,
              13968.0
            ],
            [
              39727.0,
              14430.0
            ],
            [
              39121.0,
              14430.0
            ],
            [
              39121.0,
              13968.0
            ]
          ]
        ]
      },
      "properties": {
        "objectType": "annotation",
        "classification": {
          "name": "A | Moderate to marked mononuclear cell infiltrate",
          "color": [
            21,
            11,
            49
          ]
        },
        "case_key": "2385991",
        "source": "A",
        "orig_class": "Moderate to marked mononuclear cell infiltrate",
        "match": {
          "status": "component_fn",
          "component_id": "Moderate to marked mononuclear cell infiltrate:comp_8",
          "class": "Moderate to marked mononuclear cell infiltrate",
          "nA": 1,
          "nB": 0,
          "cas_union": 0.0,
          "oc_union": 0.0,
          "ar_union": Infinity,
          "area_a_union": 279972.0,
          "area_b_union": 0.0,
          "area_intersection_union": 0.0
        }
      }
    },
    {
      "type": "Feature",
      "id": "02ea436a-a35a-4605-bc2b-36229ee9267e",
      "geometry": {
        "type": "Polygon",
        "coordinates": [
          [
            [
              40319.0,
              13824.0
            ],
            [
              40875.0,
              13824.0
            ],
            [
              40875.0,
              14387.0
            ],
            [
              40319.0,
              14387.0
            ],
            [
              40319.0,
              13824.0
            ]
          ]
        ]
      },
      "properties": {
        "objectType": "annotation",
        "classification": {
          "name": "A | Moderate to marked mononuclear cell infiltrate",
          "color": [
            21,
            11,
            49
          ]
        },
        "case_key": "2385991",
        "source": "A",
        "orig_class": "Moderate to marked mononuclear cell infiltrate",
        "match": {
          "status": "component_tp",
          "component_id": "Moderate to marked mononuclear cell infiltrate:comp_9",
          "class": "Moderate to marked mononuclear cell infiltrate",
          "nA": 1,
          "nB": 1,
          "cas_union": 0.7655190722329224,
          "oc_union": 0.765543049280781,
          "ar_union": 1.0159552370566547,
          "area_a_union": 313028.0,
          "area_b_union": 308112.0,
          "area_intersection_union": 235873.0
        }
      }
    },
    {
      "type": "Feature",
      "id": "a685289f-6ccf-4d98-a9a0-166d7fcb29d5",
      "geometry": {
        "type": "Polygon",
        "coordinates": [
          [
            [
              40102.0,
              14827.0
            ],
            [
              40774.0,
              14827.0
            ],
            [
              40774.0,
              15383.0
            ],
            [
              40102.0,
              15383.0
            ],
            [
              40102.0,
              14827.0
            ]
          ]
        ]
      },
      "properties": {
        "objectType": "annotation",
        "classification": {
          "name": "A | Moderate to marked mononuclear cell infiltrate",
          "color": [
            21,
            11,
            49
          ]
        },
        "case_key": "2385991",
        "source": "A",
        "orig_class": "Moderate to marked mononuclear cell infiltrate",
        "match": {
          "status": "component_fn",
          "component_id": "Moderate to marked mononuclear cell infiltrate:comp_10",
          "class": "Moderate to marked mononuclear cell infiltrate",
          "nA": 1,
          "nB": 0,
          "cas_union": 0.0,
          "oc_union": 0.0,
          "ar_union": Infinity,
          "area_a_union": 373632.0,
          "area_b_union": 0.0,
          "area_intersection_union": 0.0
        }
      }
    },
    {
      "type": "Feature",
      "id": "16c965c6-f386-48cb-8584-ec1698587fa6",
      "geometry": {
        "type": "Polygon",
        "coordinates": [
          [
            [
              41279.0,
              15412.0
            ],
            [
              42109.0,
              15412.0
            ],
            [
              42109.0,
              16198.0
            ],
            [
              41279.0,
              16198.0
            ],
            [
              41279.0,
              15412.0
            ]
          ]
        ]
      },
      "properties": {
        "objectType": "annotation",
        "classification": {
          "name": "A | Moderate to marked mononuclear cell infiltrate",
          "color": [
            21,
            11,
            49
          ]
        },
        "case_key": "2385991",
        "source": "A",
        "orig_class": "Moderate to marked mononuclear cell infiltrate",
        "match": {
          "status": "component_fn",
          "component_id": "Moderate to marked mononuclear cell infiltrate:comp_11",
          "class": "Moderate to marked mononuclear cell infiltrate",
          "nA": 1,
          "nB": 0,
          "cas_union": 0.0,
          "oc_union": 0.0,
          "ar_union": Infinity,
          "area_a_union": 652380.0,
          "area_b_union": 0.0,
          "area_intersection_union": 0.0
        }
      }
    },
    {
      "type": "Feature",
      "id": "7f901158-db80-49ff-b582-e6372d683230",
      "geometry": {
        "type": "Polygon",
        "coordinates": [
          [
            [
              39344.0,
              15491.0
            ],
            [
              40124.0,
              15491.0
            ],
            [
              40124.0,
              16422.0
            ],
            [
              39344.0,
              16422.0
            ],
            [
              39344.0,
              15491.0
            ]
          ]
        ]
      },
      "properties": {
        "objectType": "annotation",
        "classification": {
          "name": "A | Moderate to marked mononuclear cell infiltrate",
          "color": [
            21,
            11,
            49
          ]
        },
        "case_key": "2385991",
        "source": "A",
        "orig_class": "Moderate to marked mononuclear cell infiltrate",
        "match": {
          "status": "component_tp",
          "component_id": "Moderate to marked mononuclear cell infiltrate:comp_12",
          "class": "Moderate to marked mononuclear cell infiltrate",
          "nA": 1,
          "nB": 1,
          "cas_union": 0.685728026234098,
          "oc_union": 0.706766917293233,
          "ar_union": 1.6350767027458757,
          "area_a_union": 726180.0,
          "area_b_union": 1187360.0,
          "area_intersection_union": 513240.0
        }
      }
    },
    {
      "type": "Feature",
      "id": "0348810c-ff11-4ef0-a498-4e43d4713072",
      "geometry": {
        "type": "Polygon",
        "coordinates": [
          [
            [
              41337.0,
              17086.0
            ],
            [
              42022.0,
              17086.0
            ],
            [
              42022.0,
              17837.0
            ],
            [
              41337.0,
              17837.0
            ],
            [
              41337.0,
              17086.0
            ]
          ]
        ]
      },
      "properties": {
        "objectType": "annotation",
        "classification": {
          "name": "A | Moderate to marked mononuclear cell infiltrate",
          "color": [
            21,
            11,
            49
          ]
        },
        "case_key": "2385991",
        "source": "A",
        "orig_class": "Moderate to marked mononuclear cell infiltrate",
        "match": {
          "status": "component_fn",
          "component_id": "Moderate to marked mononuclear cell infiltrate:comp_13",
          "class": "Moderate to marked mononuclear cell infiltrate",
          "nA": 1,
          "nB": 0,
          "cas_union": 0.0,
          "oc_union": 0.0,
          "ar_union": Infinity,
          "area_a_union": 514435.0,
          "area_b_union": 0.0,
          "area_intersection_union": 0.0
        }
      }
    },
    {
      "type": "Feature",
      "id": "4ba11dd5-c1ee-466b-ac93-b8078b5641c0",
      "geometry": {
        "type": "Polygon",
        "coordinates": [
          [
            [
              40319.0,
              16335.0
            ],
            [
              40997.0,
              16335.0
            ],
            [
              40997.0,
              16624.0
            ],
            [
              40319.0,
              16624.0
            ],
            [
              40319.0,
              16335.0
            ]
          ]
        ]
      },
      "properties": {
        "objectType": "annotation",
        "classification": {
          "name": "A | Moderate to marked mononuclear cell infiltrate",
          "color": [
            21,
            11,
            49
          ]
        },
        "case_key": "2385991",
        "source": "A",
        "orig_class": "Moderate to marked mononuclear cell infiltrate",
        "match": {
          "status": "component_fn",
          "component_id": "Moderate to marked mononuclear cell infiltrate:comp_14",
          "class": "Moderate to marked mononuclear cell infiltrate",
          "nA": 1,
          "nB": 0,
          "cas_union": 0.0,
          "oc_union": 0.0,
          "ar_union": Infinity,
          "area_a_union": 195942.0,
          "area_b_union": 0.0,
          "area_intersection_union": 0.0
        }
      }
    },
    {
      "type": "Feature",
      "id": "84fb0bbf-d8da-4875-87a0-6a1f907effa9",
      "geometry": {
        "type": "Polygon",
        "coordinates": [
          [
            [
              40160.0,
              17461.0
            ],
            [
              40730.0,
              17461.0
            ],
            [
              40730.0,
              18003.0
            ],
            [
              40160.0,
              18003.0
            ],
            [
              40160.0,
              17461.0
            ]
          ]
        ]
      },
      "properties": {
        "objectType": "annotation",
        "classification": {
          "name": "A | Moderate to marked mononuclear cell infiltrate",
          "color": [
            21,
            11,
            49
          ]
        },
        "case_key": "2385991",
        "source": "A",
        "orig_class": "Moderate to marked mononuclear cell infiltrate",
        "match": {
          "status": "component_fn",
          "component_id": "Moderate to marked mononuclear cell infiltrate:comp_15",
          "class": "Moderate to marked mononuclear cell infiltrate",
          "nA": 1,
          "nB": 0,
          "cas_union": 0.0,
          "oc_union": 0.0,
          "ar_union": Infinity,
          "area_a_union": 308940.0,
          "area_b_union": 0.0,
          "area_intersection_union": 0.0
        }
      }
    },
    {
      "type": "Feature",
      "id": "582e5424-6727-44e2-ae35-c572ccda670c",
      "geometry": {
        "type": "Polygon",
        "coordinates": [
          [
            [
              41510.0,
              18075.0
            ],
            [
              42102.0,
              18075.0
            ],
            [
              42102.0,
              18602.0
            ],
            [
              41510.0,
              18602.0
            ],
            [
              41510.0,
              18075.0
            ]
          ]
        ]
      },
      "properties": {
        "objectType": "annotation",
        "classification": {
          "name": "A | Moderate to marked mononuclear cell infiltrate",
          "color": [
            21,
            11,
            49
          ]
        },
        "case_key": "2385991",
        "source": "A",
        "orig_class": "Moderate to marked mononuclear cell infiltrate",
        "match": {
          "status": "component_fn",
          "component_id": "Moderate to marked mononuclear cell infiltrate:comp_16",
          "class": "Moderate to marked mononuclear cell infiltrate",
          "nA": 1,
          "nB": 0,
          "cas_union": 0.0,
          "oc_union": 0.0,
          "ar_union": Infinity,
          "area_a_union": 311984.0,
          "area_b_union": 0.0,
          "area_intersection_union": 0.0
        }
      }
    },
    {
      "type": "Feature",
      "id": "3020ed1d-2e49-4eb1-a82d-38690855b88f",
      "geometry": {
        "type": "Polygon",
        "coordinates": [
          [
            [
              40268.0,
              19013.0
            ],
            [
              41625.0,
              19013.0
            ],
            [
              41625.0,
              20240.0
            ],
            [
              40268.0,
              20240.0
            ],
            [
              40268.0,
              19013.0
            ]
          ]
        ]
      },
      "properties": {
        "objectType": "annotation",
        "classification": {
          "name": "A | Moderate to marked mononuclear cell infiltrate",
          "color": [
            21,
            11,
            49
          ]
        },
        "case_key": "2385991",
        "source": "A",
        "orig_class": "Moderate to marked mononuclear cell infiltrate",
        "match": {
          "status": "component_tp",
          "component_id": "Moderate to marked mononuclear cell infiltrate:comp_17",
          "class": "Moderate to marked mononuclear cell infiltrate",
          "nA": 1,
          "nB": 1,
          "cas_union": 0.6841209798933738,
          "oc_union": 0.6895705521472393,
          "ar_union": 1.2865192934740617,
          "area_a_union": 1665039.0,
          "area_b_union": 1294220.0,
          "area_intersection_union": 892456.0
        }
      }
    },
    {
      "type": "Feature",
      "id": "0e02e33f-8348-4995-a392-f0468b76dde5",
      "geometry": {
        "type": "Polygon",
        "coordinates": [
          [
            [
              34371.0,
              19417.0
            ],
            [
              35173.0,
              19417.0
            ],
            [
              35173.0,
              19887.0
            ],
            [
              34371.0,
              19887.0
            ],
            [
              34371.0,
              19417.0
            ]
          ]
        ]
      },
      "properties": {
        "objectType": "annotation",
        "classification": {
          "name": "A | No/ mild mononuclear cell infiltrate",
          "color": [
            185,
            185,
            116
          ]
        },
        "case_key": "2385991",
        "source": "A",
        "orig_class": "No/ mild mononuclear cell infiltrate",
        "match": {
          "status": "component_fn",
          "component_id": "No/ mild mononuclear cell infiltrate:comp_0",
          "class": "No/ mild mononuclear cell infiltrate",
          "nA": 1,
          "nB": 0,
          "cas_union": 0.0,
          "oc_union": 0.0,
          "ar_union": Infinity,
          "area_a_union": 376940.0,
          "area_b_union": 0.0,
          "area_intersection_union": 0.0
        }
      }
    },
    {
      "type": "Feature",
      "id": "8bebbb41-410c-497c-9639-494162fc4185",
      "geometry": {
        "type": "Polygon",
        "coordinates": [
          [
            [
              33787.0,
              17663.0
            ],
            [
              35367.0,
              17663.0
            ],
            [
              35367.0,
              18147.0
            ],
            [
              33787.0,
              18147.0
            ],
            [
              33787.0,
              17663.0
            ]
          ]
        ]
      },
      "properties": {
        "objectType": "annotation",
        "classification": {
          "name": "A | Moderate to marked mononuclear cell infiltrate",
          "color": [
            21,
            11,
            49
          ]
        },
        "case_key": "2385991",
        "source": "A",
        "orig_class": "Moderate to marked mononuclear cell infiltrate",
        "match": {
          "status": "component_fn",
          "component_id": "Moderate to marked mononuclear cell infiltrate:comp_18",
          "class": "Moderate to marked mononuclear cell infiltrate",
          "nA": 1,
          "nB": 0,
          "cas_union": 0.0,
          "oc_union": 0.0,
          "ar_union": Infinity,
          "area_a_union": 764720.0,
          "area_b_union": 0.0,
          "area_intersection_union": 0.0
        }
      }
    },
    {
      "type": "Feature",
      "id": "ce14fbdd-e3cd-436e-a849-6e85f874012c",
      "geometry": {
        "type": "Polygon",
        "coordinates": [
          [
            [
              33332.0,
              18385.0
            ],
            [
              34855.0,
              18385.0
            ],
            [
              34855.0,
              19201.0
            ],
            [
              33332.0,
              19201.0
            ],
            [
              33332.0,
              18385.0
            ]
          ]
        ]
      },
      "properties": {
        "objectType": "annotation",
        "classification": {
          "name": "A | Moderate to marked mononuclear cell infiltrate",
          "color": [
            21,
            11,
            49
          ]
        },
        "case_key": "2385991",
        "source": "A",
        "orig_class": "Moderate to marked mononuclear cell infiltrate",
        "match": {
          "status": "component_fn",
          "component_id": "Moderate to marked mononuclear cell infiltrate:comp_19",
          "class": "Moderate to marked mononuclear cell infiltrate",
          "nA": 1,
          "nB": 0,
          "cas_union": 0.0,
          "oc_union": 0.0,
          "ar_union": Infinity,
          "area_a_union": 1242768.0,
          "area_b_union": 0.0,
          "area_intersection_union": 0.0
        }
      }
    },
    {
      "type": "Feature",
      "id": "354d22e9-aae2-4db8-84dd-7c87a906fdf9",
      "geometry": {
        "type": "Polygon",
        "coordinates": [
          [
            [
              35483.0,
              17642.0
            ],
            [
              36335.0,
              17642.0
            ],
            [
              36335.0,
              18068.0
            ],
            [
              35483.0,
              18068.0
            ],
            [
              35483.0,
              17642.0
            ]
          ]
        ]
      },
      "properties": {
        "objectType": "annotation",
        "classification": {
          "name": "A | Moderate to marked mononuclear cell infiltrate",
          "color": [
            21,
            11,
            49
          ]
        },
        "case_key": "2385991",
        "source": "A",
        "orig_class": "Moderate to marked mononuclear cell infiltrate",
        "match": {
          "status": "component_fn",
          "component_id": "Moderate to marked mononuclear cell infiltrate:comp_20",
          "class": "Moderate to marked mononuclear cell infiltrate",
          "nA": 1,
          "nB": 0,
          "cas_union": 0.0,
          "oc_union": 0.0,
          "ar_union": Infinity,
          "area_a_union": 362952.0,
          "area_b_union": 0.0,
          "area_intersection_union": 0.0
        }
      }
    },
    {
      "type": "Feature",
      "id": "22f25de1-bbe7-4ceb-bf0a-d452e51d1deb",
      "geometry": {
        "type": "Polygon",
        "coordinates": [
          [
            [
              33982.0,
              21626.0
            ],
            [
              34205.0,
              21626.0
            ],
            [
              34205.0,
              22225.0
            ],
            [
              33982.0,
              22225.0
            ],
            [
              33982.0,
              21626.0
            ]
          ]
        ]
      },
      "properties": {
        "objectType": "annotation",
        "classification": {
          "name": "A | No/ mild mononuclear cell infiltrate",
          "color": [
            185,
            185,
            116
          ]
        },
        "case_key": "2385991",
        "source": "A",
        "orig_class": "No/ mild mononuclear cell infiltrate",
        "match": {
          "status": "component_fn",
          "component_id": "No/ mild mononuclear cell infiltrate:comp_1",
          "class": "No/ mild mononuclear cell infiltrate",
          "nA": 1,
          "nB": 0,
          "cas_union": 0.0,
          "oc_union": 0.0,
          "ar_union": Infinity,
          "area_a_union": 133577.0,
          "area_b_union": 0.0,
          "area_intersection_union": 0.0
        }
      }
    },
    {
      "type": "Feature",
      "id": "706dbdb3-986e-4b6b-9777-0e30a5c595ba",
      "geometry": {
        "type": "Polygon",
        "coordinates": [
          [
            [
              34133.0,
              22204.0
            ],
            [
              34934.0,
              22204.0
            ],
            [
              34934.0,
              22889.0
            ],
            [
              34133.0,
              22889.0
            ],
            [
              34133.0,
              22204.0
            ]
          ]
        ]
      },
      "properties": {
        "objectType": "annotation",
        "classification": {
          "name": "A | Basal lymphoid aggregates",
          "color": [
            0,
            0,
            255
          ]
        },
        "case_key": "2385991",
        "source": "A",
        "orig_class": "Basal lymphoid aggregates",
        "match": {
          "status": "component_tp",
          "component_id": "Basal lymphoid aggregates:comp_0",
          "class": "Basal lymphoid aggregates",
          "nA": 1,
          "nB": 1,
          "cas_union": 0.8045028754200422,
          "oc_union": 0.8114856429463171,
          "ar_union": 1.30074815240074,
          "area_a_union": 548685.0,
          "area_b_union": 713701.0,
          "area_intersection_union": 445250.0
        }
      }
    },
    {
      "type": "Feature",
      "id": "f9960fe7-51fb-4e77-92ef-cc86636c482c",
      "geometry": {
        "type": "Polygon",
        "coordinates": [
          [
            [
              33534.0,
              23127.0
            ],
            [
              34660.0,
              23127.0
            ],
            [
              34660.0,
              23842.0
            ],
            [
              33534.0,
              23842.0
            ],
            [
              33534.0,
              23127.0
            ]
          ]
        ]
      },
      "properties": {
        "objectType": "annotation",
        "classification": {
          "name": "A | Basal lymphoid aggregates",
          "color": [
            0,
            0,
            255
          ]
        },
        "case_key": "2385991",
        "source": "A",
        "orig_class": "Basal lymphoid aggregates",
        "match": {
          "status": "component_tp",
          "component_id": "Basal lymphoid aggregates:comp_1",
          "class": "Basal lymphoid aggregates",
          "nA": 1,
          "nB": 1,
          "cas_union": 0.8635491193974293,
          "oc_union": 1.0,
          "ar_union": 2.9545454545454546,
          "area_a_union": 805090.0,
          "area_b_union": 272492.0,
          "area_intersection_union": 272492.0
        }
      }
    },
    {
      "type": "Feature",
      "id": "c266e3a9-834a-4f75-a1db-203f60d55e74",
      "geometry": {
        "type": "Polygon",
        "coordinates": [
          [
            [
              37188.0,
              16329.0
            ],
            [
              38252.0,
              16329.0
            ],
            [
              38252.0,
              17650.0
            ],
            [
              37188.0,
              17650.0
            ],
            [
              37188.0,
              16329.0
            ]
          ]
        ]
      },
      "properties": {
        "objectType": "annotation",
        "classification": {
          "name": "A | Basal lymphoid aggregates",
          "color": [
            0,
            0,
            255
          ]
        },
        "case_key": "2385991",
        "source": "A",
        "orig_class": "Basal lymphoid aggregates",
        "match": {
          "status": "component_fn",
          "component_id": "Basal lymphoid aggregates:comp_2",
          "class": "Basal lymphoid aggregates",
          "nA": 1,
          "nB": 0,
          "cas_union": 0.0,
          "oc_union": 0.0,
          "ar_union": Infinity,
          "area_a_union": 1405544.0,
          "area_b_union": 0.0,
          "area_intersection_union": 0.0
        }
      }
    },
    {
      "type": "Feature",
      "id": "c43b5ef8-b787-4a7d-80aa-d0345a869aa1",
      "geometry": {
        "type": "Polygon",
        "coordinates": [
          [
            [
              39186.0,
              9261.0
            ],
            [
              39540.0,
              9261.0
            ],
            [
              39540.0,
              9998.0
            ],
            [
              39186.0,
              9998.0
            ],
            [
              39186.0,
              9261.0
            ]
          ]
        ]
      },
      "properties": {
        "objectType": "annotation",
        "classification": {
          "name": "A | Ulcer/ erosion",
          "color": [
            255,
            0,
            0
          ]
        },
        "case_key": "2385991",
        "source": "A",
        "orig_class": "Ulcer/ erosion",
        "match": {
          "status": "component_fn",
          "component_id": "Ulcer/ erosion:comp_11",
          "class": "Ulcer/ erosion",
          "nA": 1,
          "nB": 0,
          "cas_union": 0.0,
          "oc_union": 0.0,
          "ar_union": Infinity,
          "area_a_union": 260898.0,
          "area_b_union": 0.0,
          "area_intersection_union": 0.0
        }
      }
    },
    {
      "type": "Feature",
      "id": "16b58a3d-aa9b-474c-a1bc-3bee91864419",
      "geometry": {
        "type": "Polygon",
        "coordinates": [
          [
            [
              31644.0,
              16689.0
            ],
            [
              36396.0,
              16689.0
            ],
            [
              36396.0,
              25297.0
            ],
            [
              31644.0,
              25297.0
            ],
            [
              31644.0,
              16689.0
            ]
          ]
        ]
      },
      "properties": {
        "objectType": "annotation",
        "classification": {
          "name": "A | Marked (>50%) crypt distortion",
          "color": [
            0,
            51,
            0
          ]
        },
        "case_key": "2385991",
        "source": "A",
        "orig_class": "Marked (>50%) crypt distortion",
        "match": {
          "status": "component_tp",
          "component_id": "Marked (>50%) crypt distortion:comp_0",
          "class": "Marked (>50%) crypt distortion",
          "nA": 1,
          "nB": 1,
          "cas_union": 0.7156036893810641,
          "oc_union": 0.7353088900050226,
          "ar_union": 1.5938759327758467,
          "area_a_union": 40905216.0,
          "area_b_union": 25663990.0,
          "area_intersection_union": 18870960.0
        }
      }
    },
    {
      "type": "Feature",
      "id": "10e5dbe3-1c44-47a7-b6fe-b586c4744afc",
      "geometry": {
        "type": "Polygon",
        "coordinates": [
          [
            [
              38188.0,
              12881.0
            ],
            [
              42860.0,
              12881.0
            ],
            [
              42860.0,
              21377.0
            ],
            [
              38188.0,
              21377.0
            ],
            [
              38188.0,
              12881.0
            ]
          ]
        ]
      },
      "properties": {
        "objectType": "annotation",
        "classification": {
          "name": "A | Marked (>50%) crypt distortion",
          "color": [
            0,
            51,
            0
          ]
        },
        "case_key": "2385991",
        "source": "A",
        "orig_class": "Marked (>50%) crypt distortion",
        "match": {
          "status": "component_tp",
          "component_id": "Marked (>50%) crypt distortion:comp_1",
          "class": "Marked (>50%) crypt distortion",
          "nA": 1,
          "nB": 1,
          "cas_union": 0.985648097595666,
          "oc_union": 1.0,
          "ar_union": 1.4050448902526373,
          "area_a_union": 39693312.0,
          "area_b_union": 28250565.0,
          "area_intersection_union": 28250565.0
        }
      }
    },
    {
      "type": "Feature",
      "id": "101ad9c8-729f-435b-a1d1-693090c9bcfe",
      "geometry": {
        "type": "Polygon",
        "coordinates": [
          [
            [
              39484.0,
              7825.0
            ],
            [
              44876.0,
              7825.0
            ],
            [
              44876.0,
              14049.0
            ],
            [
              39484.0,
              14049.0
            ],
            [
              39484.0,
              7825.0
            ]
          ]
        ]
      },
      "properties": {
        "objectType": "annotation",
        "classification": {
          "name": "A | Marked (>50%) crypt distortion",
          "color": [
            0,
            51,
            0
          ]
        },
        "case_key": "2385991",
        "source": "A",
        "orig_class": "Marked (>50%) crypt distortion",
        "match": {
          "status": "component_tp",
          "component_id": "Marked (>50%) crypt distortion:comp_2",
          "class": "Marked (>50%) crypt distortion",
          "nA": 1,
          "nB": 1,
          "cas_union": 0.975019523215075,
          "oc_union": 1.0,
          "ar_union": 1.5681070251316287,
          "area_a_union": 33559808.0,
          "area_b_union": 21401478.0,
          "area_intersection_union": 21401478.0
        }
      }
    },
    {
      "type": "Feature",
      "id": "0df3b320-b5b7-4a4f-aff0-edd6a2349768",
      "geometry": {
        "type": "Polygon",
        "coordinates": [
          [
            [
              35036.0,
              7729.0
            ],
            [
              39468.0,
              7729.0
            ],
            [
              39468.0,
              14657.0
            ],
            [
              35036.0,
              14657.0
            ],
            [
              35036.0,
              7729.0
            ]
          ]
        ]
      },
      "properties": {
        "objectType": "annotation",
        "classification": {
          "name": "A | Marked (>50%) crypt distortion",
          "color": [
            0,
            51,
            0
          ]
        },
        "case_key": "2385991",
        "source": "A",
        "orig_class": "Marked (>50%) crypt distortion",
        "match": {
          "status": "component_tp",
          "component_id": "Marked (>50%) crypt distortion:comp_3",
          "class": "Marked (>50%) crypt distortion",
          "nA": 1,
          "nB": 1,
          "cas_union": 0.893724027236069,
          "oc_union": 1.0,
          "ar_union": 2.5807638515330824,
          "area_a_union": 30704896.0,
          "area_b_union": 11897600.0,
          "area_intersection_union": 11897600.0
        }
      }
    },
    {
      "type": "Feature",
      "id": "d44024c0-4a1e-4ed5-b3ef-734442fbe747",
      "geometry": {
        "type": "Polygon",
        "coordinates": [
          [
            [
              36378.0,
              18003.0
            ],
            [
              37205.0,
              18003.0
            ],
            [
              37205.0,
              20195.0
            ],
            [
              36378.0,
              20195.0
            ],
            [
              36378.0,
              18003.0
            ]
          ]
        ]
      },
      "properties": {
        "objectType": "annotation",
        "classification": {
          "name": "A | Basal Plasmacytosis",
          "color": [
            202,
            65,
            86
          ]
        },
        "case_key": "2385991",
        "source": "A",
        "orig_class": "Basal Plasmacytosis",
        "match": {
          "status": "component_fn",
          "component_id": "Basal Plasmacytosis:comp_7",
          "class": "Basal Plasmacytosis",
          "nA": 1,
          "nB": 0,
          "cas_union": 0.0,
          "oc_union": 0.0,
          "ar_union": Infinity,
          "area_a_union": 1812784.0,
          "area_b_union": 0.0,
          "area_intersection_union": 0.0
        }
      }
    },
    {
      "type": "Feature",
      "id": "f5ff8ae2-1f90-42ff-8eb2-6041b740a486",
      "geometry": {
        "type": "Polygon",
        "coordinates": [
          [
            [
              40511.0,
              18905.0
            ],
            [
              41097.0,
              18905.0
            ],
            [
              41097.0,
              19443.0
            ],
            [
              40511.0,
              19443.0
            ],
            [
              40511.0,
              18905.0
            ]
          ]
        ]
      },
      "properties": {
        "objectType": "annotation",
        "classification": {
          "name": "A | Crypt abscess",
          "color": [
            240,
            77,
            141
          ]
        },
        "case_key": "2385991",
        "source": "A",
        "orig_class": "Crypt abscess",
        "match": {
          "status": "component_fn",
          "component_id": "Crypt abscess:comp_0",
          "class": "Crypt abscess",
          "nA": 1,
          "nB": 0,
          "cas_union": 0.0,
          "oc_union": 0.0,
          "ar_union": Infinity,
          "area_a_union": 315268.0,
          "area_b_union": 0.0,
          "area_intersection_union": 0.0
        }
      }
    },
    {
      "type": "Feature",
      "id": "f849bf7e-fc6b-4766-bd58-7a7d4a13a11f",
      "geometry": {
        "type": "Polygon",
        "coordinates": [
          [
            [
              44433.0,
              9672.0
            ],
            [
              44733.0,
              9672.0
            ],
            [
              44733.0,
              9946.0
            ],
            [
              44433.0,
              9946.0
            ],
            [
              44433.0,
              9672.0
            ]
          ]
        ]
      },
      "properties": {
        "objectType": "annotation",
        "classification": {
          "name": "A | Ulcer/ erosion",
          "color": [
            255,
            0,
            0
          ]
        },
        "case_key": "2385991",
        "source": "A",
        "orig_class": "Ulcer/ erosion",
        "match": {
          "status": "component_fn",
          "component_id": "Ulcer/ erosion:comp_12",
          "class": "Ulcer/ erosion",
          "nA": 1,
          "nB": 0,
          "cas_union": 0.0,
          "oc_union": 0.0,
          "ar_union": Infinity,
          "area_a_union": 82200.0,
          "area_b_union": 0.0,
          "area_intersection_union": 0.0
        }
      }
    },
    {
      "type": "Feature",
      "id": "ce3e5e57-d345-4a95-8985-835fc09c290d",
      "geometry": {
        "type": "Polygon",
        "coordinates": [
          [
            [
              43899.0,
              9099.0
            ],
            [
              44120.0,
              9099.0
            ],
            [
              44120.0,
              9294.0
            ],
            [
              43899.0,
              9294.0
            ],
            [
              43899.0,
              9099.0
            ]
          ]
        ]
      },
      "properties": {
        "objectType": "annotation",
        "classification": {
          "name": "A | Ulcer/ erosion",
          "color": [
            255,
            0,
            0
          ]
        },
        "case_key": "2385991",
        "source": "A",
        "orig_class": "Ulcer/ erosion",
        "match": {
          "status": "component_fn",
          "component_id": "Ulcer/ erosion:comp_13",
          "class": "Ulcer/ erosion",
          "nA": 1,
          "nB": 0,
          "cas_union": 0.0,
          "oc_union": 0.0,
          "ar_union": Infinity,
          "area_a_union": 43095.0,
          "area_b_union": 0.0,
          "area_intersection_union": 0.0
        }
      }
    },
    {
      "type": "Feature",
      "id": "46e22890-2998-4615-8416-832e0bec3203",
      "geometry": {
        "type": "Polygon",
        "coordinates": [
          [
            [
              41835.0,
              8209.0
            ],
            [
              42672.0,
              8209.0
            ],
            [
              42672.0,
              9335.0
            ],
            [
              41835.0,
              9335.0
            ],
            [
              41835.0,
              8209.0
            ]
          ]
        ]
      },
      "properties": {
        "objectType": "annotation",
        "classification": {
          "name": "A | Moderate to marked mononuclear cell infiltrate",
          "color": [
            21,
            11,
            49
          ]
        },
        "case_key": "2385991",
        "source": "A",
        "orig_class": "Moderate to marked mononuclear cell infiltrate",
        "match": {
          "status": "component_tp",
          "component_id": "Moderate to marked mononuclear cell infiltrate:comp_21",
          "class": "Moderate to marked mononuclear cell infiltrate",
          "nA": 1,
          "nB": 1,
          "cas_union": 0.9522017002338223,
          "oc_union": 1.0,
          "ar_union": 1.8700422041394582,
          "area_a_union": 942462.0,
          "area_b_union": 503979.0,
          "area_intersection_union": 503979.0
        }
      }
    },
    {
      "type": "Feature",
      "id": "5115808b-dde5-4c4b-b612-fe27572338ce",
      "geometry": {
        "type": "Polygon",
        "coordinates": [
          [
            [
              43495.0,
              9667.0
            ],
            [
              44267.0,
              9667.0
            ],
            [
              44267.0,
              10281.0
            ],
            [
              43495.0,
              10281.0
            ],
            [
              43495.0,
              9667.0
            ]
          ]
        ]
      },
      "properties": {
        "objectType": "annotation",
        "classification": {
          "name": "A | Moderate to marked mononuclear cell infiltrate",
          "color": [
            21,
            11,
            49
          ]
        },
        "case_key": "2385991",
        "source": "A",
        "orig_class": "Moderate to marked mononuclear cell infiltrate",
        "match": {
          "status": "component_tp",
          "component_id": "Moderate to marked mononuclear cell infiltrate:comp_22",
          "class": "Moderate to marked mononuclear cell infiltrate",
          "nA": 1,
          "nB": 1,
          "cas_union": 0.9095697470499232,
          "oc_union": 0.9154613424246004,
          "ar_union": 1.2551686891360483,
          "area_a_union": 474008.0,
          "area_b_union": 594960.0,
          "area_intersection_union": 433936.0
        }
      }
    },
    {
      "type": "Feature",
      "id": "63413b3c-c1d9-440b-8d29-72d770cce81a",
      "geometry": {
        "type": "Polygon",
        "coordinates": [
          [
            [
              43127.0,
              9978.0
            ],
            [
              43452.0,
              9978.0
            ],
            [
              43452.0,
              10339.0
            ],
            [
              43127.0,
              10339.0
            ],
            [
              43127.0,
              9978.0
            ]
          ]
        ]
      },
      "properties": {
        "objectType": "annotation",
        "classification": {
          "name": "A | Moderate to marked mononuclear cell infiltrate",
          "color": [
            21,
            11,
            49
          ]
        },
        "case_key": "2385991",
        "source": "A",
        "orig_class": "Moderate to marked mononuclear cell infiltrate",
        "match": {
          "status": "component_tp",
          "component_id": "Moderate to marked mononuclear cell infiltrate:comp_23",
          "class": "Moderate to marked mononuclear cell infiltrate",
          "nA": 1,
          "nB": 1,
          "cas_union": 0.5292379650766841,
          "oc_union": 1.0,
          "ar_union": 9.546950777754102,
          "area_a_union": 117325.0,
          "area_b_union": 1120096.0,
          "area_intersection_union": 117325.0
        }
      }
    },
    {
      "type": "Feature",
      "id": "b7049687-75c3-4f39-8835-afc22e447642",
      "geometry": {
        "type": "Polygon",
        "coordinates": [
          [
            [
              41120.0,
              9797.0
            ],
            [
              41784.0,
              9797.0
            ],
            [
              41784.0,
              11104.0
            ],
            [
              41120.0,
              11104.0
            ],
            [
              41120.0,
              9797.0
            ]
          ]
        ]
      },
      "properties": {
        "objectType": "annotation",
        "classification": {
          "name": "A | Moderate to marked mononuclear cell infiltrate",
          "color": [
            21,
            11,
            49
          ]
        },
        "case_key": "2385991",
        "source": "A",
        "orig_class": "Moderate to marked mononuclear cell infiltrate",
        "match": {
          "status": "component_tp",
          "component_id": "Moderate to marked mononuclear cell infiltrate:comp_24",
          "class": "Moderate to marked mononuclear cell infiltrate",
          "nA": 1,
          "nB": 1,
          "cas_union": 0.8332667508980531,
          "oc_union": 0.8352201257861636,
          "ar_union": 1.146673008826172,
          "area_a_union": 867848.0,
          "area_b_union": 756840.0,
          "area_intersection_union": 632128.0
        }
      }
    },
    {
      "type": "Feature",
      "id": "857ce427-e87b-46d3-9c49-527bef6c8593",
      "geometry": {
        "type": "Polygon",
        "coordinates": [
          [
            [
              42575.0,
              10933.0
            ],
            [
              43766.0,
              10933.0
            ],
            [
              43766.0,
              12131.0
            ],
            [
              42575.0,
              12131.0
            ],
            [
              42575.0,
              10933.0
            ]
          ]
        ]
      },
      "properties": {
        "objectType": "annotation",
        "classification": {
          "name": "A | Moderate to marked mononuclear cell infiltrate",
          "color": [
            21,
            11,
            49
          ]
        },
        "case_key": "2385991",
        "source": "A",
        "orig_class": "Moderate to marked mononuclear cell infiltrate",
        "match": {
          "status": "component_tp",
          "component_id": "Moderate to marked mononuclear cell infiltrate:comp_25",
          "class": "Moderate to marked mononuclear cell infiltrate",
          "nA": 1,
          "nB": 1,
          "cas_union": 0.9180480198634625,
          "oc_union": 0.9249577388115294,
          "ar_union": 1.2775217036272992,
          "area_a_union": 1426818.0,
          "area_b_union": 1116864.0,
          "area_intersection_union": 1033052.0
        }
      }
    },
    {
      "type": "Feature",
      "id": "5d76f4eb-6cce-4cb5-9942-64e10f970b85",
      "geometry": {
        "type": "Polygon",
        "coordinates": [
          [
            [
              42337.0,
              12218.0
            ],
            [
              43239.0,
              12218.0
            ],
            [
              43239.0,
              12889.0
            ],
            [
              42337.0,
              12889.0
            ],
            [
              42337.0,
              12218.0
            ]
          ]
        ]
      },
      "properties": {
        "objectType": "annotation",
        "classification": {
          "name": "A | Moderate to marked mononuclear cell infiltrate",
          "color": [
            21,
            11,
            49
          ]
        },
        "case_key": "2385991",
        "source": "A",
        "orig_class": "Moderate to marked mononuclear cell infiltrate",
        "match": {
          "status": "component_tp",
          "component_id": "Moderate to marked mononuclear cell infiltrate:comp_26",
          "class": "Moderate to marked mononuclear cell infiltrate",
          "nA": 2,
          "nB": 1,
          "cas_union": 0.9420185825183705,
          "oc_union": 0.9637516220298241,
          "ar_union": 1.5329036283832174,
          "area_a_union": 1410270.0,
          "area_b_union": 2161808.0,
          "area_intersection_union": 1359150.0
        }
      }
    },
    {
      "type": "Feature",
      "id": "4c69f4dd-10a2-4468-8530-2c3a308fd783",
      "geometry": {
        "type": "Polygon",
        "coordinates": [
          [
            [
              42359.0,
              12672.0
            ],
            [
              43528.0,
              12672.0
            ],
            [
              43528.0,
              13524.0
            ],
            [
              42359.0,
              13524.0
            ],
            [
              42359.0,
              12672.0
            ]
          ]
        ]
      },
      "properties": {
        "objectType": "annotation",
        "classification": {
          "name": "A | Moderate to marked mononuclear cell infiltrate",
          "color": [
            21,
            11,
            49
          ]
        },
        "case_key": "2385991",
        "source": "A",
        "orig_class": "Moderate to marked mononuclear cell infiltrate",
        "match": {
          "status": "component_tp",
          "component_id": "Moderate to marked mononuclear cell infiltrate:comp_26",
          "class": "Moderate to marked mononuclear cell infiltrate",
          "nA": 2,
          "nB": 1,
          "cas_union": 0.9420185825183705,
          "oc_union": 0.9637516220298241,
          "ar_union": 1.5329036283832174,
          "area_a_union": 1410270.0,
          "area_b_union": 2161808.0,
          "area_intersection_union": 1359150.0
        }
      }
    },
    {
      "type": "Feature",
      "id": "4dcffa39-1e15-46cf-b5cb-03b5bb92fd11",
      "geometry": {
        "type": "Polygon",
        "coordinates": [
          [
            [
              36840.0,
              8964.0
            ],
            [
              36840.0,
              9807.0
            ],
            [
              37253.0,
              9807.0
            ],
            [
              37253.0,
              8964.0
            ],
            [
              36840.0,
              8964.0
            ]
          ]
        ]
      },
      "properties": {
        "objectType": "annotation",
        "classification": {
          "name": "B | Ulcer/ erosion",
          "color": [
            255,
            0,
            0
          ]
        },
        "isLocked": true,
        "case_key": "2385991",
        "source": "B",
        "orig_class": "Ulcer/ erosion",
        "match": {
          "status": "component_fp",
          "component_id": "Ulcer/ erosion:comp_14",
          "class": "Ulcer/ erosion",
          "nA": 0,
          "nB": 1,
          "cas_union": 0.0,
          "oc_union": 0.0,
          "ar_union": Infinity,
          "area_a_union": 0.0,
          "area_b_union": 348159.0,
          "area_intersection_union": 0.0
        }
      }
    },
    {
      "type": "Feature",
      "id": "f25fd841-a96f-4c6c-abb4-c65422711a0d",
      "geometry": {
        "type": "Polygon",
        "coordinates": [
          [
            [
              37505.0,
              7798.0
            ],
            [
              37505.0,
              7886.0
            ],
            [
              37783.0,
              7886.0
            ],
            [
              37783.0,
              7798.0
            ],
            [
              37505.0,
              7798.0
            ]
          ]
        ]
      },
      "properties": {
        "objectType": "annotation",
        "classification": {
          "name": "B | Ulcer/ erosion",
          "color": [
            255,
            0,
            0
          ]
        },
        "isLocked": true,
        "case_key": "2385991",
        "source": "B",
        "orig_class": "Ulcer/ erosion",
        "match": {
          "status": "component_fp",
          "component_id": "Ulcer/ erosion:comp_15",
          "class": "Ulcer/ erosion",
          "nA": 0,
          "nB": 1,
          "cas_union": 0.0,
          "oc_union": 0.0,
          "ar_union": Infinity,
          "area_a_union": 0.0,
          "area_b_union": 24464.0,
          "area_intersection_union": 0.0
        }
      }
    },
    {
      "type": "Feature",
      "id": "4d6039af-ab06-4ab8-a573-3ffb1f7e6df7",
      "geometry": {
        "type": "Polygon",
        "coordinates": [
          [
            [
              31710.0,
              23283.0
            ],
            [
              31710.0,
              24096.0
            ],
            [
              32121.0,
              24096.0
            ],
            [
              32121.0,
              23283.0
            ],
            [
              31710.0,
              23283.0
            ]
          ]
        ]
      },
      "properties": {
        "objectType": "annotation",
        "classification": {
          "name": "B | Ulcer/ erosion",
          "color": [
            255,
            0,
            0
          ]
        },
        "isLocked": true,
        "case_key": "2385991",
        "source": "B",
        "orig_class": "Ulcer/ erosion",
        "match": {
          "status": "component_fp",
          "component_id": "Ulcer/ erosion:comp_16",
          "class": "Ulcer/ erosion",
          "nA": 0,
          "nB": 1,
          "cas_union": 0.0,
          "oc_union": 0.0,
          "ar_union": Infinity,
          "area_a_union": 0.0,
          "area_b_union": 334143.0,
          "area_intersection_union": 0.0
        }
      }
    },
    {
      "type": "Feature",
      "id": "57150b40-5e3f-4324-9323-8d65235214b2",
      "geometry": {
        "type": "Polygon",
        "coordinates": [
          [
            [
              41662.0,
              8149.0
            ],
            [
              41662.0,
              8680.0
            ],
            [
              41959.0,
              8680.0
            ],
            [
              41959.0,
              8149.0
            ],
            [
              41662.0,
              8149.0
            ]
          ]
        ]
      },
      "properties": {
        "objectType": "annotation",
        "classification": {
          "name": "B | Ulcer/ erosion",
          "color": [
            255,
            0,
            0
          ]
        },
        "isLocked": true,
        "case_key": "2385991",
        "source": "B",
        "orig_class": "Ulcer/ erosion",
        "match": {
          "status": "component_fp",
          "component_id": "Ulcer/ erosion:comp_17",
          "class": "Ulcer/ erosion",
          "nA": 0,
          "nB": 1,
          "cas_union": 0.0,
          "oc_union": 0.0,
          "ar_union": Infinity,
          "area_a_union": 0.0,
          "area_b_union": 157707.0,
          "area_intersection_union": 0.0
        }
      }
    },
    {
      "type": "Feature",
      "id": "3b9f5620-ea41-4ba1-8a5a-65c1ff0dd92a",
      "geometry": {
        "type": "Polygon",
        "coordinates": [
          [
            [
              38246.0,
              15196.0
            ],
            [
              38246.0,
              17006.0
            ],
            [
              39262.0,
              17006.0
            ],
            [
              39262.0,
              15196.0
            ],
            [
              38246.0,
              15196.0
            ]
          ]
        ]
      },
      "properties": {
        "objectType": "annotation",
        "classification": {
          "name": "B | Crypt abscess",
          "color": [
            240,
            77,
            141
          ]
        },
        "isLocked": true,
        "case_key": "2385991",
        "source": "B",
        "orig_class": "Crypt abscess",
        "match": {
          "status": "component_fp",
          "component_id": "Crypt abscess:comp_1",
          "class": "Crypt abscess",
          "nA": 0,
          "nB": 1,
          "cas_union": 0.0,
          "oc_union": 0.0,
          "ar_union": Infinity,
          "area_a_union": 0.0,
          "area_b_union": 1838960.0,
          "area_intersection_union": 0.0
        }
      }
    },
    {
      "type": "Feature",
      "id": "bc22969d-5446-4af3-91ed-ccf39a83e48d",
      "geometry": {
        "type": "Polygon",
        "coordinates": [
          [
            [
              37944.0,
              10226.0
            ],
            [
              37944.0,
              10860.0
            ],
            [
              38308.0,
              10860.0
            ],
            [
              38308.0,
              10226.0
            ],
            [
              37944.0,
              10226.0
            ]
          ]
        ]
      },
      "properties": {
        "objectType": "annotation",
        "classification": {
          "name": "B | Crypt abscess",
          "color": [
            240,
            77,
            141
          ]
        },
        "isLocked": true,
        "case_key": "2385991",
        "source": "B",
        "orig_class": "Crypt abscess",
        "match": {
          "status": "component_fp",
          "component_id": "Crypt abscess:comp_2",
          "class": "Crypt abscess",
          "nA": 0,
          "nB": 1,
          "cas_union": 0.0,
          "oc_union": 0.0,
          "ar_union": Infinity,
          "area_a_union": 0.0,
          "area_b_union": 230776.0,
          "area_intersection_union": 0.0
        }
      }
    },
    {
      "type": "Feature",
      "id": "85277630-72d7-4ee0-a8b1-3449ad6ee299",
      "geometry": {
        "type": "Polygon",
        "coordinates": [
          [
            [
              39288.0,
              11430.0
            ],
            [
              39288.0,
              12035.0
            ],
            [
              40044.0,
              12035.0
            ],
            [
              40044.0,
              11430.0
            ],
            [
              39288.0,
              11430.0
            ]
          ]
        ]
      },
      "properties": {
        "objectType": "annotation",
        "classification": {
          "name": "B | Ulcer/ erosion",
          "color": [
            255,
            0,
            0
          ]
        },
        "isLocked": true,
        "case_key": "2385991",
        "source": "B",
        "orig_class": "Ulcer/ erosion",
        "match": {
          "status": "component_tp",
          "component_id": "Ulcer/ erosion:comp_0",
          "class": "Ulcer/ erosion",
          "nA": 1,
          "nB": 1,
          "cas_union": 0.7788614661817185,
          "oc_union": 0.7816345270890726,
          "ar_union": 1.1836700336700336,
          "area_a_union": 541387.0,
          "area_b_union": 457380.0,
          "area_intersection_union": 357504.0
        }
      }
    },
    {
      "type": "Feature",
      "id": "3336c256-ddea-4c03-88d5-162a72d8795c",
      "geometry": {
        "type": "Polygon",
        "coordinates": [
          [
            [
              33920.0,
              22121.0
            ],
            [
              33920.0,
              22948.0
            ],
            [
              34783.0,
              22948.0
            ],
            [
              34783.0,
              22121.0
            ],
            [
              33920.0,
              22121.0
            ]
          ]
        ]
      },
      "properties": {
        "objectType": "annotation",
        "classification": {
          "name": "B | Basal lymphoid aggregates",
          "color": [
            0,
            0,
            255
          ]
        },
        "isLocked": true,
        "case_key": "2385991",
        "source": "B",
        "orig_class": "Basal lymphoid aggregates",
        "match": {
          "status": "component_tp",
          "component_id": "Basal lymphoid aggregates:comp_0",
          "class": "Basal lymphoid aggregates",
          "nA": 1,
          "nB": 1,
          "cas_union": 0.8045028754200422,
          "oc_union": 0.8114856429463171,
          "ar_union": 1.30074815240074,
          "area_a_union": 548685.0,
          "area_b_union": 713701.0,
          "area_intersection_union": 445250.0
        }
      }
    },
    {
      "type": "Feature",
      "id": "f24000c3-18cf-4ba5-bbf6-f53f5781b338",
      "geometry": {
        "type": "Polygon",
        "coordinates": [
          [
            [
              33647.0,
              23246.0
            ],
            [
              33647.0,
              23730.0
            ],
            [
              34210.0,
              23730.0
            ],
            [
              34210.0,
              23246.0
            ],
            [
              33647.0,
              23246.0
            ]
          ]
        ]
      },
      "properties": {
        "objectType": "annotation",
        "classification": {
          "name": "B | Basal lymphoid aggregates",
          "color": [
            0,
            0,
            255
          ]
        },
        "isLocked": true,
        "case_key": "2385991",
        "source": "B",
        "orig_class": "Basal lymphoid aggregates",
        "match": {
          "status": "component_tp",
          "component_id": "Basal lymphoid aggregates:comp_1",
          "class": "Basal lymphoid aggregates",
          "nA": 1,
          "nB": 1,
          "cas_union": 0.8635491193974293,
          "oc_union": 1.0,
          "ar_union": 2.9545454545454546,
          "area_a_union": 805090.0,
          "area_b_union": 272492.0,
          "area_intersection_union": 272492.0
        }
      }
    },
    {
      "type": "Feature",
      "id": "7eb5c101-ca6d-40cd-98b9-3e9503f091a5",
      "geometry": {
        "type": "Polygon",
        "coordinates": [
          [
            [
              41313.0,
              17192.0
            ],
            [
              41313.0,
              17751.0
            ],
            [
              41947.0,
              17751.0
            ],
            [
              41947.0,
              17192.0
            ],
            [
              41313.0,
              17192.0
            ]
          ]
        ]
      },
      "properties": {
        "objectType": "annotation",
        "classification": {
          "name": "B | Basal Plasmacytosis",
          "color": [
            202,
            65,
            86
          ]
        },
        "isLocked": true,
        "case_key": "2385991",
        "source": "B",
        "orig_class": "Basal Plasmacytosis",
        "match": {
          "status": "component_fp",
          "component_id": "Basal Plasmacytosis:comp_8",
          "class": "Basal Plasmacytosis",
          "nA": 0,
          "nB": 1,
          "cas_union": 0.0,
          "oc_union": 0.0,
          "ar_union": Infinity,
          "area_a_union": 0.0,
          "area_b_union": 354406.0,
          "area_intersection_union": 0.0
        }
      }
    },
    {
      "type": "Feature",
      "id": "135653c2-8453-4034-9699-9783752ae35a",
      "geometry": {
        "type": "Polygon",
        "coordinates": [
          [
            [
              40093.0,
              17269.0
            ],
            [
              40093.0,
              17821.0
            ],
            [
              40510.0,
              17821.0
            ],
            [
              40510.0,
              17269.0
            ],
            [
              40093.0,
              17269.0
            ]
          ]
        ]
      },
      "properties": {
        "objectType": "annotation",
        "classification": {
          "name": "B | Basal Plasmacytosis",
          "color": [
            202,
            65,
            86
          ]
        },
        "isLocked": true,
        "case_key": "2385991",
        "source": "B",
        "orig_class": "Basal Plasmacytosis",
        "match": {
          "status": "component_fp",
          "component_id": "Basal Plasmacytosis:comp_9",
          "class": "Basal Plasmacytosis",
          "nA": 0,
          "nB": 1,
          "cas_union": 0.0,
          "oc_union": 0.0,
          "ar_union": Infinity,
          "area_a_union": 0.0,
          "area_b_union": 230184.0,
          "area_intersection_union": 0.0
        }
      }
    },
    {
      "type": "Feature",
      "id": "2926a413-8ed3-49fe-bea1-9d1417b7611e",
      "geometry": {
        "type": "Polygon",
        "coordinates": [
          [
            [
              39625.0,
              15470.0
            ],
            [
              39625.0,
              15937.0
            ],
            [
              40162.0,
              15937.0
            ],
            [
              40162.0,
              15470.0
            ],
            [
              39625.0,
              15470.0
            ]
          ]
        ]
      },
      "properties": {
        "objectType": "annotation",
        "classification": {
          "name": "B | Basal Plasmacytosis",
          "color": [
            202,
            65,
            86
          ]
        },
        "isLocked": true,
        "case_key": "2385991",
        "source": "B",
        "orig_class": "Basal Plasmacytosis",
        "match": {
          "status": "component_fp",
          "component_id": "Basal Plasmacytosis:comp_10",
          "class": "Basal Plasmacytosis",
          "nA": 0,
          "nB": 1,
          "cas_union": 0.0,
          "oc_union": 0.0,
          "ar_union": Infinity,
          "area_a_union": 0.0,
          "area_b_union": 250779.0,
          "area_intersection_union": 0.0
        }
      }
    },
    {
      "type": "Feature",
      "id": "6fb9f0df-b94b-48d7-a6f7-205f61a3eafc",
      "geometry": {
        "type": "Polygon",
        "coordinates": [
          [
            [
              39314.0,
              14124.0
            ],
            [
              39314.0,
              14753.0
            ],
            [
              39782.0,
              14753.0
            ],
            [
              39782.0,
              14124.0
            ],
            [
              39314.0,
              14124.0
            ]
          ]
        ]
      },
      "properties": {
        "objectType": "annotation",
        "classification": {
          "name": "B | Basal Plasmacytosis",
          "color": [
            202,
            65,
            86
          ]
        },
        "isLocked": true,
        "case_key": "2385991",
        "source": "B",
        "orig_class": "Basal Plasmacytosis",
        "match": {
          "status": "component_fp",
          "component_id": "Basal Plasmacytosis:comp_11",
          "class": "Basal Plasmacytosis",
          "nA": 0,
          "nB": 1,
          "cas_union": 0.0,
          "oc_union": 0.0,
          "ar_union": Infinity,
          "area_a_union": 0.0,
          "area_b_union": 294372.0,
          "area_intersection_union": 0.0
        }
      }
    },
    {
      "type": "Feature",
      "id": "09409af2-6b69-42e3-8e23-c6c77eb602c6",
      "geometry": {
        "type": "Polygon",
        "coordinates": [
          [
            [
              39792.0,
              13070.0
            ],
            [
              39792.0,
              13569.0
            ],
            [
              40204.0,
              13569.0
            ],
            [
              40204.0,
              13070.0
            ],
            [
              39792.0,
              13070.0
            ]
          ]
        ]
      },
      "properties": {
        "objectType": "annotation",
        "classification": {
          "name": "B | Basal Plasmacytosis",
          "color": [
            202,
            65,
            86
          ]
        },
        "isLocked": true,
        "case_key": "2385991",
        "source": "B",
        "orig_class": "Basal Plasmacytosis",
        "match": {
          "status": "component_fp",
          "component_id": "Basal Plasmacytosis:comp_12",
          "class": "Basal Plasmacytosis",
          "nA": 0,
          "nB": 1,
          "cas_union": 0.0,
          "oc_union": 0.0,
          "ar_union": Infinity,
          "area_a_union": 0.0,
          "area_b_union": 205588.0,
          "area_intersection_union": 0.0
        }
      }
    },
    {
      "type": "Feature",
      "id": "bb6f92f3-ff2c-4435-8ca0-b703b573894f",
      "geometry": {
        "type": "Polygon",
        "coordinates": [
          [
            [
              42682.0,
              11178.0
            ],
            [
              42682.0,
              12186.0
            ],
            [
              43790.0,
              12186.0
            ],
            [
              43790.0,
              11178.0
            ],
            [
              42682.0,
              11178.0
            ]
          ]
        ]
      },
      "properties": {
        "objectType": "annotation",
        "classification": {
          "name": "B | Moderate to marked mononuclear cell infiltrate",
          "color": [
            21,
            11,
            49
          ]
        },
        "isLocked": true,
        "case_key": "2385991",
        "source": "B",
        "orig_class": "Moderate to marked mononuclear cell infiltrate",
        "match": {
          "status": "component_tp",
          "component_id": "Moderate to marked mononuclear cell infiltrate:comp_25",
          "class": "Moderate to marked mononuclear cell infiltrate",
          "nA": 1,
          "nB": 1,
          "cas_union": 0.9180480198634625,
          "oc_union": 0.9249577388115294,
          "ar_union": 1.2775217036272992,
          "area_a_union": 1426818.0,
          "area_b_union": 1116864.0,
          "area_intersection_union": 1033052.0
        }
      }
    },
    {
      "type": "Feature",
      "id": "510d22a2-aa01-4817-a400-6a1b1ab6c657",
      "geometry": {
        "type": "Polygon",
        "coordinates": [
          [
            [
              43534.0,
              9519.0
            ],
            [
              43534.0,
              10259.0
            ],
            [
              44338.0,
              10259.0
            ],
            [
              44338.0,
              9519.0
            ],
            [
              43534.0,
              9519.0
            ]
          ]
        ]
      },
      "properties": {
        "objectType": "annotation",
        "classification": {
          "name": "B | Moderate to marked mononuclear cell infiltrate",
          "color": [
            21,
            11,
            49
          ]
        },
        "isLocked": true,
        "case_key": "2385991",
        "source": "B",
        "orig_class": "Moderate to marked mononuclear cell infiltrate",
        "match": {
          "status": "component_tp",
          "component_id": "Moderate to marked mononuclear cell infiltrate:comp_22",
          "class": "Moderate to marked mononuclear cell infiltrate",
          "nA": 1,
          "nB": 1,
          "cas_union": 0.9095697470499232,
          "oc_union": 0.9154613424246004,
          "ar_union": 1.2551686891360483,
          "area_a_union": 474008.0,
          "area_b_union": 594960.0,
          "area_intersection_union": 433936.0
        }
      }
    },
    {
      "type": "Feature",
      "id": "f760a8b4-3cf5-4c01-9b52-69ebcc6dff01",
      "geometry": {
        "type": "Polygon",
        "coordinates": [
          [
            [
              41957.0,
              8345.0
            ],
            [
              41957.0,
              9066.0
            ],
            [
              42656.0,
              9066.0
            ],
            [
              42656.0,
              8345.0
            ],
            [
              41957.0,
              8345.0
            ]
          ]
        ]
      },
      "properties": {
        "objectType": "annotation",
        "classification": {
          "name": "B | Moderate to marked mononuclear cell infiltrate",
          "color": [
            21,
            11,
            49
          ]
        },
        "isLocked": true,
        "case_key": "2385991",
        "source": "B",
        "orig_class": "Moderate to marked mononuclear cell infiltrate",
        "match": {
          "status": "component_tp",
          "component_id": "Moderate to marked mononuclear cell infiltrate:comp_21",
          "class": "Moderate to marked mononuclear cell infiltrate",
          "nA": 1,
          "nB": 1,
          "cas_union": 0.9522017002338223,
          "oc_union": 1.0,
          "ar_union": 1.8700422041394582,
          "area_a_union": 942462.0,
          "area_b_union": 503979.0,
          "area_intersection_union": 503979.0
        }
      }
    },
    {
      "type": "Feature",
      "id": "61b88e11-6ea7-4a3f-a835-986015cfbd7a",
      "geometry": {
        "type": "Polygon",
        "coordinates": [
          [
            [
              41205.0,
              9840.0
            ],
            [
              41205.0,
              10328.0
            ],
            [
              41690.0,
              10328.0
            ],
            [
              41690.0,
              9840.0
            ],
            [
              41205.0,
              9840.0
            ]
          ]
        ]
      },
      "properties": {
        "objectType": "annotation",
        "classification": {
          "name": "B | Basal Plasmacytosis",
          "color": [
            202,
            65,
            86
          ]
        },
        "isLocked": true,
        "case_key": "2385991",
        "source": "B",
        "orig_class": "Basal Plasmacytosis",
        "match": {
          "status": "component_fp",
          "component_id": "Basal Plasmacytosis:comp_13",
          "class": "Basal Plasmacytosis",
          "nA": 0,
          "nB": 1,
          "cas_union": 0.0,
          "oc_union": 0.0,
          "ar_union": Infinity,
          "area_a_union": 0.0,
          "area_b_union": 236680.0,
          "area_intersection_union": 0.0
        }
      }
    },
    {
      "type": "Feature",
      "id": "f8c037ab-4bcb-4363-b270-2702cdcad76c",
      "geometry": {
        "type": "Polygon",
        "coordinates": [
          [
            [
              41051.0,
              9931.0
            ],
            [
              41051.0,
              10883.0
            ],
            [
              41846.0,
              10883.0
            ],
            [
              41846.0,
              9931.0
            ],
            [
              41051.0,
              9931.0
            ]
          ]
        ]
      },
      "properties": {
        "objectType": "annotation",
        "classification": {
          "name": "B | Moderate to marked mononuclear cell infiltrate",
          "color": [
            21,
            11,
            49
          ]
        },
        "isLocked": true,
        "case_key": "2385991",
        "source": "B",
        "orig_class": "Moderate to marked mononuclear cell infiltrate",
        "match": {
          "status": "component_tp",
          "component_id": "Moderate to marked mononuclear cell infiltrate:comp_24",
          "class": "Moderate to marked mononuclear cell infiltrate",
          "nA": 1,
          "nB": 1,
          "cas_union": 0.8332667508980531,
          "oc_union": 0.8352201257861636,
          "ar_union": 1.146673008826172,
          "area_a_union": 867848.0,
          "area_b_union": 756840.0,
          "area_intersection_union": 632128.0
        }
      }
    },
    {
      "type": "Feature",
      "id": "1cfbc24e-0ff6-4954-87e6-bdb4f2a5da40",
      "geometry": {
        "type": "Polygon",
        "coordinates": [
          [
            [
              40318.0,
              13936.0
            ],
            [
              40318.0,
              14524.0
            ],
            [
              40842.0,
              14524.0
            ],
            [
              40842.0,
              13936.0
            ],
            [
              40318.0,
              13936.0
            ]
          ]
        ]
      },
      "properties": {
        "objectType": "annotation",
        "classification": {
          "name": "B | Moderate to marked mononuclear cell infiltrate",
          "color": [
            21,
            11,
            49
          ]
        },
        "isLocked": true,
        "case_key": "2385991",
        "source": "B",
        "orig_class": "Moderate to marked mononuclear cell infiltrate",
        "match": {
          "status": "component_tp",
          "component_id": "Moderate to marked mononuclear cell infiltrate:comp_9",
          "class": "Moderate to marked mononuclear cell infiltrate",
          "nA": 1,
          "nB": 1,
          "cas_union": 0.7655190722329224,
          "oc_union": 0.765543049280781,
          "ar_union": 1.0159552370566547,
          "area_a_union": 313028.0,
          "area_b_union": 308112.0,
          "area_intersection_union": 235873.0
        }
      }
    },
    {
      "type": "Feature",
      "id": "191f3778-33eb-43d4-b41c-664a362dccdf",
      "geometry": {
        "type": "Polygon",
        "coordinates": [
          [
            [
              39271.0,
              15764.0
            ],
            [
              39271.0,
              16669.0
            ],
            [
              40583.0,
              16669.0
            ],
            [
              40583.0,
              15764.0
            ],
            [
              39271.0,
              15764.0
            ]
          ]
        ]
      },
      "properties": {
        "objectType": "annotation",
        "classification": {
          "name": "B | Moderate to marked mononuclear cell infiltrate",
          "color": [
            21,
            11,
            49
          ]
        },
        "isLocked": true,
        "case_key": "2385991",
        "source": "B",
        "orig_class": "Moderate to marked mononuclear cell infiltrate",
        "match": {
          "status": "component_tp",
          "component_id": "Moderate to marked mononuclear cell infiltrate:comp_12",
          "class": "Moderate to marked mononuclear cell infiltrate",
          "nA": 1,
          "nB": 1,
          "cas_union": 0.685728026234098,
          "oc_union": 0.706766917293233,
          "ar_union": 1.6350767027458757,
          "area_a_union": 726180.0,
          "area_b_union": 1187360.0,
          "area_intersection_union": 513240.0
        }
      }
    },
    {
      "type": "Feature",
      "id": "3f7707b5-598e-4f77-82db-7b99acf54ca4",
      "geometry": {
        "type": "Polygon",
        "coordinates": [
          [
            [
              40545.0,
              16352.0
            ],
            [
              40545.0,
              16836.0
            ],
            [
              41093.0,
              16836.0
            ],
            [
              41093.0,
              16352.0
            ],
            [
              40545.0,
              16352.0
            ]
          ]
        ]
      },
      "properties": {
        "objectType": "annotation",
        "classification": {
          "name": "B | Basal Plasmacytosis",
          "color": [
            202,
            65,
            86
          ]
        },
        "isLocked": true,
        "case_key": "2385991",
        "source": "B",
        "orig_class": "Basal Plasmacytosis",
        "match": {
          "status": "component_fp",
          "component_id": "Basal Plasmacytosis:comp_14",
          "class": "Basal Plasmacytosis",
          "nA": 0,
          "nB": 1,
          "cas_union": 0.0,
          "oc_union": 0.0,
          "ar_union": Infinity,
          "area_a_union": 0.0,
          "area_b_union": 265232.0,
          "area_intersection_union": 0.0
        }
      }
    },
    {
      "type": "Feature",
      "id": "fbfd4376-27bd-4ab4-9901-ee8693b903cf",
      "geometry": {
        "type": "Polygon",
        "coordinates": [
          [
            [
              39482.0,
              16739.0
            ],
            [
              39482.0,
              17195.0
            ],
            [
              40106.0,
              17195.0
            ],
            [
              40106.0,
              16739.0
            ],
            [
              39482.0,
              16739.0
            ]
          ]
        ]
      },
      "properties": {
        "objectType": "annotation",
        "classification": {
          "name": "B | Basal Plasmacytosis",
          "color": [
            202,
            65,
            86
          ]
        },
        "isLocked": true,
        "case_key": "2385991",
        "source": "B",
        "orig_class": "Basal Plasmacytosis",
        "match": {
          "status": "component_fp",
          "component_id": "Basal Plasmacytosis:comp_15",
          "class": "Basal Plasmacytosis",
          "nA": 0,
          "nB": 1,
          "cas_union": 0.0,
          "oc_union": 0.0,
          "ar_union": Infinity,
          "area_a_union": 0.0,
          "area_b_union": 284544.0,
          "area_intersection_union": 0.0
        }
      }
    },
    {
      "type": "Feature",
      "id": "8b040ad8-d953-48e1-8614-5523a4de76ef",
      "geometry": {
        "type": "Polygon",
        "coordinates": [
          [
            [
              32650.0,
              24134.0
            ],
            [
              32650.0,
              24548.0
            ],
            [
              33129.0,
              24548.0
            ],
            [
              33129.0,
              24134.0
            ],
            [
              32650.0,
              24134.0
            ]
          ]
        ]
      },
      "properties": {
        "objectType": "annotation",
        "classification": {
          "name": "B | Moderate to marked mononuclear cell infiltrate",
          "color": [
            21,
            11,
            49
          ]
        },
        "isLocked": true,
        "case_key": "2385991",
        "source": "B",
        "orig_class": "Moderate to marked mononuclear cell infiltrate",
        "match": {
          "status": "component_fp",
          "component_id": "Moderate to marked mononuclear cell infiltrate:comp_27",
          "class": "Moderate to marked mononuclear cell infiltrate",
          "nA": 0,
          "nB": 1,
          "cas_union": 0.0,
          "oc_union": 0.0,
          "ar_union": Infinity,
          "area_a_union": 0.0,
          "area_b_union": 198306.0,
          "area_intersection_union": 0.0
        }
      }
    },
    {
      "type": "Feature",
      "id": "77a4a9a1-7565-47db-afdb-5f1edacd9afe",
      "geometry": {
        "type": "Polygon",
        "coordinates": [
          [
            [
              40202.0,
              10842.0
            ],
            [
              40202.0,
              12126.0
            ],
            [
              41321.0,
              12126.0
            ],
            [
              41321.0,
              10842.0
            ],
            [
              40202.0,
              10842.0
            ]
          ]
        ]
      },
      "properties": {
        "objectType": "annotation",
        "classification": {
          "name": "B | Moderate to marked mononuclear cell infiltrate",
          "color": [
            21,
            11,
            49
          ]
        },
        "isLocked": true,
        "case_key": "2385991",
        "source": "B",
        "orig_class": "Moderate to marked mononuclear cell infiltrate",
        "match": {
          "status": "component_fp",
          "component_id": "Moderate to marked mononuclear cell infiltrate:comp_28",
          "class": "Moderate to marked mononuclear cell infiltrate",
          "nA": 0,
          "nB": 1,
          "cas_union": 0.0,
          "oc_union": 0.0,
          "ar_union": Infinity,
          "area_a_union": 0.0,
          "area_b_union": 1436796.0,
          "area_intersection_union": 0.0
        }
      }
    },
    {
      "type": "Feature",
      "id": "54942505-8f8d-4751-91b9-62ca6579d74f",
      "geometry": {
        "type": "Polygon",
        "coordinates": [
          [
            [
              42795.0,
              12429.0
            ],
            [
              42795.0,
              13032.0
            ],
            [
              43350.0,
              13032.0
            ],
            [
              43350.0,
              12429.0
            ],
            [
              42795.0,
              12429.0
            ]
          ]
        ]
      },
      "properties": {
        "objectType": "annotation",
        "classification": {
          "name": "B | Basal Plasmacytosis",
          "color": [
            202,
            65,
            86
          ]
        },
        "isLocked": true,
        "case_key": "2385991",
        "source": "B",
        "orig_class": "Basal Plasmacytosis",
        "match": {
          "status": "component_fp",
          "component_id": "Basal Plasmacytosis:comp_16",
          "class": "Basal Plasmacytosis",
          "nA": 0,
          "nB": 1,
          "cas_union": 0.0,
          "oc_union": 0.0,
          "ar_union": Infinity,
          "area_a_union": 0.0,
          "area_b_union": 334665.0,
          "area_intersection_union": 0.0
        }
      }
    },
    {
      "type": "Feature",
      "id": "692ce8cf-abf5-4cdc-a4b2-c90ec4cf0025",
      "geometry": {
        "type": "Polygon",
        "coordinates": [
          [
            [
              42288.0,
              12999.0
            ],
            [
              42288.0,
              13466.0
            ],
            [
              42922.0,
              13466.0
            ],
            [
              42922.0,
              12999.0
            ],
            [
              42288.0,
              12999.0
            ]
          ]
        ]
      },
      "properties": {
        "objectType": "annotation",
        "classification": {
          "name": "B | Basal Plasmacytosis",
          "color": [
            202,
            65,
            86
          ]
        },
        "isLocked": true,
        "case_key": "2385991",
        "source": "B",
        "orig_class": "Basal Plasmacytosis",
        "match": {
          "status": "component_fp",
          "component_id": "Basal Plasmacytosis:comp_17",
          "class": "Basal Plasmacytosis",
          "nA": 0,
          "nB": 1,
          "cas_union": 0.0,
          "oc_union": 0.0,
          "ar_union": Infinity,
          "area_a_union": 0.0,
          "area_b_union": 296078.0,
          "area_intersection_union": 0.0
        }
      }
    },
    {
      "type": "Feature",
      "id": "feded6fb-1eaa-4671-8fba-e52b620eee63",
      "geometry": {
        "type": "Polygon",
        "coordinates": [
          [
            [
              41605.0,
              13479.0
            ],
            [
              41605.0,
              14235.0
            ],
            [
              42184.0,
              14235.0
            ],
            [
              42184.0,
              13479.0
            ],
            [
              41605.0,
              13479.0
            ]
          ]
        ]
      },
      "properties": {
        "objectType": "annotation",
        "classification": {
          "name": "B | Moderate to marked mononuclear cell infiltrate",
          "color": [
            21,
            11,
            49
          ]
        },
        "isLocked": true,
        "case_key": "2385991",
        "source": "B",
        "orig_class": "Moderate to marked mononuclear cell infiltrate",
        "match": {
          "status": "component_fp",
          "component_id": "Moderate to marked mononuclear cell infiltrate:comp_29",
          "class": "Moderate to marked mononuclear cell infiltrate",
          "nA": 0,
          "nB": 1,
          "cas_union": 0.0,
          "oc_union": 0.0,
          "ar_union": Infinity,
          "area_a_union": 0.0,
          "area_b_union": 437724.0,
          "area_intersection_union": 0.0
        }
      }
    },
    {
      "type": "Feature",
      "id": "57016574-7ebf-4290-8e19-81039e1f8433",
      "geometry": {
        "type": "Polygon",
        "coordinates": [
          [
            [
              40501.0,
              19419.0
            ],
            [
              40501.0,
              20213.0
            ],
            [
              42131.0,
              20213.0
            ],
            [
              42131.0,
              19419.0
            ],
            [
              40501.0,
              19419.0
            ]
          ]
        ]
      },
      "properties": {
        "objectType": "annotation",
        "classification": {
          "name": "B | Moderate to marked mononuclear cell infiltrate",
          "color": [
            21,
            11,
            49
          ]
        },
        "isLocked": true,
        "case_key": "2385991",
        "source": "B",
        "orig_class": "Moderate to marked mononuclear cell infiltrate",
        "match": {
          "status": "component_tp",
          "component_id": "Moderate to marked mononuclear cell infiltrate:comp_17",
          "class": "Moderate to marked mononuclear cell infiltrate",
          "nA": 1,
          "nB": 1,
          "cas_union": 0.6841209798933738,
          "oc_union": 0.6895705521472393,
          "ar_union": 1.2865192934740617,
          "area_a_union": 1665039.0,
          "area_b_union": 1294220.0,
          "area_intersection_union": 892456.0
        }
      }
    },
    {
      "type": "Feature",
      "id": "e72e16b1-d490-4931-ac3b-e4e4e9f89fcf",
      "geometry": {
        "type": "Polygon",
        "coordinates": [
          [
            [
              37331.0,
              12273.0
            ],
            [
              37331.0,
              13242.0
            ],
            [
              38448.0,
              13242.0
            ],
            [
              38448.0,
              12273.0
            ],
            [
              37331.0,
              12273.0
            ]
          ]
        ]
      },
      "properties": {
        "objectType": "annotation",
        "classification": {
          "name": "B | Moderate to marked mononuclear cell infiltrate",
          "color": [
            21,
            11,
            49
          ]
        },
        "isLocked": true,
        "case_key": "2385991",
        "source": "B",
        "orig_class": "Moderate to marked mononuclear cell infiltrate",
        "match": {
          "status": "component_tp",
          "component_id": "Moderate to marked mononuclear cell infiltrate:comp_5",
          "class": "Moderate to marked mononuclear cell infiltrate",
          "nA": 1,
          "nB": 1,
          "cas_union": 0.4056269739065172,
          "oc_union": 0.5924657534246576,
          "ar_union": 5.702702845100105,
          "area_a_union": 189800.0,
          "area_b_union": 1082373.0,
          "area_intersection_union": 112450.0
        }
      }
    },
    {
      "type": "Feature",
      "id": "71bf5434-5401-441e-ac4b-df44a2ed45d1",
      "geometry": {
        "type": "Polygon",
        "coordinates": [
          [
            [
              38933.0,
              13160.0
            ],
            [
              38933.0,
              13966.0
            ],
            [
              39932.0,
              13966.0
            ],
            [
              39932.0,
              13160.0
            ],
            [
              38933.0,
              13160.0
            ]
          ]
        ]
      },
      "properties": {
        "objectType": "annotation",
        "classification": {
          "name": "B | Moderate to marked mononuclear cell infiltrate",
          "color": [
            21,
            11,
            49
          ]
        },
        "isLocked": true,
        "case_key": "2385991",
        "source": "B",
        "orig_class": "Moderate to marked mononuclear cell infiltrate",
        "match": {
          "status": "component_tp",
          "component_id": "Moderate to marked mononuclear cell infiltrate:comp_6",
          "class": "Moderate to marked mononuclear cell infiltrate",
          "nA": 1,
          "nB": 1,
          "cas_union": 0.6452087760052075,
          "oc_union": 0.9438202247191011,
          "ar_union": 5.722405816259088,
          "area_a_union": 140709.0,
          "area_b_union": 805194.0,
          "area_intersection_union": 132804.0
        }
      }
    },
    {
      "type": "Feature",
      "id": "f05f3c29-fd86-40db-8766-920692525b56",
      "geometry": {
        "type": "Polygon",
        "coordinates": [
          [
            [
              40337.0,
              11980.0
            ],
            [
              40337.0,
              12907.0
            ],
            [
              41138.0,
              12907.0
            ],
            [
              41138.0,
              11980.0
            ],
            [
              40337.0,
              11980.0
            ]
          ]
        ]
      },
      "properties": {
        "objectType": "annotation",
        "classification": {
          "name": "B | Moderate to marked mononuclear cell infiltrate",
          "color": [
            21,
            11,
            49
          ]
        },
        "isLocked": true,
        "case_key": "2385991",
        "source": "B",
        "orig_class": "Moderate to marked mononuclear cell infiltrate",
        "match": {
          "status": "component_fp",
          "component_id": "Moderate to marked mononuclear cell infiltrate:comp_30",
          "class": "Moderate to marked mononuclear cell infiltrate",
          "nA": 0,
          "nB": 1,
          "cas_union": 0.0,
          "oc_union": 0.0,
          "ar_union": Infinity,
          "area_a_union": 0.0,
          "area_b_union": 742527.0,
          "area_intersection_union": 0.0
        }
      }
    },
    {
      "type": "Feature",
      "id": "b949053b-3d32-4b7b-9aa8-4755f1152bc1",
      "geometry": {
        "type": "Polygon",
        "coordinates": [
          [
            [
              41906.0,
              12150.0
            ],
            [
              41906.0,
              13534.0
            ],
            [
              43468.0,
              13534.0
            ],
            [
              43468.0,
              12150.0
            ],
            [
              41906.0,
              12150.0
            ]
          ]
        ]
      },
      "properties": {
        "objectType": "annotation",
        "classification": {
          "name": "B | Moderate to marked mononuclear cell infiltrate",
          "color": [
            21,
            11,
            49
          ]
        },
        "isLocked": true,
        "case_key": "2385991",
        "source": "B",
        "orig_class": "Moderate to marked mononuclear cell infiltrate",
        "match": {
          "status": "component_tp",
          "component_id": "Moderate to marked mononuclear cell infiltrate:comp_26",
          "class": "Moderate to marked mononuclear cell infiltrate",
          "nA": 2,
          "nB": 1,
          "cas_union": 0.9420185825183705,
          "oc_union": 0.9637516220298241,
          "ar_union": 1.5329036283832174,
          "area_a_union": 1410270.0,
          "area_b_union": 2161808.0,
          "area_intersection_union": 1359150.0
        }
      }
    },
    {
      "type": "Feature",
      "id": "b8a304b1-4782-4a32-8b6f-d7cde6f6ed8a",
      "geometry": {
        "type": "Polygon",
        "coordinates": [
          [
            [
              42461.0,
              9605.0
            ],
            [
              42461.0,
              10533.0
            ],
            [
              43668.0,
              10533.0
            ],
            [
              43668.0,
              9605.0
            ],
            [
              42461.0,
              9605.0
            ]
          ]
        ]
      },
      "properties": {
        "objectType": "annotation",
        "classification": {
          "name": "B | Moderate to marked mononuclear cell infiltrate",
          "color": [
            21,
            11,
            49
          ]
        },
        "isLocked": true,
        "case_key": "2385991",
        "source": "B",
        "orig_class": "Moderate to marked mononuclear cell infiltrate",
        "match": {
          "status": "component_tp",
          "component_id": "Moderate to marked mononuclear cell infiltrate:comp_23",
          "class": "Moderate to marked mononuclear cell infiltrate",
          "nA": 1,
          "nB": 1,
          "cas_union": 0.5292379650766841,
          "oc_union": 1.0,
          "ar_union": 9.546950777754102,
          "area_a_union": 117325.0,
          "area_b_union": 1120096.0,
          "area_intersection_union": 117325.0
        }
      }
    },
    {
      "type": "Feature",
      "id": "0f4e9672-1995-47e8-83f6-4ad458eb84b4",
      "geometry": {
        "type": "Polygon",
        "coordinates": [
          [
            [
              37084.0,
              9957.0
            ],
            [
              37084.0,
              10756.0
            ],
            [
              37723.0,
              10756.0
            ],
            [
              37723.0,
              9957.0
            ],
            [
              37084.0,
              9957.0
            ]
          ]
        ]
      },
      "properties": {
        "objectType": "annotation",
        "classification": {
          "name": "B | Moderate to marked mononuclear cell infiltrate",
          "color": [
            21,
            11,
            49
          ]
        },
        "isLocked": true,
        "case_key": "2385991",
        "source": "B",
        "orig_class": "Moderate to marked mononuclear cell infiltrate",
        "match": {
          "status": "component_tp",
          "component_id": "Moderate to marked mononuclear cell infiltrate:comp_0",
          "class": "Moderate to marked mononuclear cell infiltrate",
          "nA": 1,
          "nB": 1,
          "cas_union": 0.35598777979012924,
          "oc_union": 0.3565019654850253,
          "ar_union": 1.1134418805980089,
          "area_a_union": 568480.0,
          "area_b_union": 510561.0,
          "area_intersection_union": 182016.0
        }
      }
    },
    {
      "type": "Feature",
      "id": "3650fd83-ef27-4fe3-8909-d0553e75cf0c",
      "geometry": {
        "type": "Polygon",
        "coordinates": [
          [
            [
              35888.0,
              11916.0
            ],
            [
              35888.0,
              12830.0
            ],
            [
              36977.0,
              12830.0
            ],
            [
              36977.0,
              11916.0
            ],
            [
              35888.0,
              11916.0
            ]
          ]
        ]
      },
      "properties": {
        "objectType": "annotation",
        "classification": {
          "name": "B | Moderate to marked mononuclear cell infiltrate",
          "color": [
            21,
            11,
            49
          ]
        },
        "isLocked": true,
        "case_key": "2385991",
        "source": "B",
        "orig_class": "Moderate to marked mononuclear cell infiltrate",
        "match": {
          "status": "component_tp",
          "component_id": "Moderate to marked mononuclear cell infiltrate:comp_3",
          "class": "Moderate to marked mononuclear cell infiltrate",
          "nA": 1,
          "nB": 1,
          "cas_union": 0.8643891915401285,
          "oc_union": 1.0,
          "ar_union": 2.9439396628216503,
          "area_a_union": 338100.0,
          "area_b_union": 995346.0,
          "area_intersection_union": 338100.0
        }
      }
    },
    {
      "type": "Feature",
      "id": "7854e528-070a-4ffe-9401-ffb857082b6b",
      "geometry": {
        "type": "Polygon",
        "coordinates": [
          [
            [
              33468.0,
              17382.0
            ],
            [
              33468.0,
              23827.0
            ],
            [
              37450.0,
              23827.0
            ],
            [
              37450.0,
              17382.0
            ],
            [
              33468.0,
              17382.0
            ]
          ]
        ]
      },
      "properties": {
        "objectType": "annotation",
        "classification": {
          "name": "B | Marked (>50%) crypt distortion",
          "color": [
            0,
            51,
            0
          ]
        },
        "isLocked": true,
        "case_key": "2385991",
        "source": "B",
        "orig_class": "Marked (>50%) crypt distortion",
        "match": {
          "status": "component_tp",
          "component_id": "Marked (>50%) crypt distortion:comp_0",
          "class": "Marked (>50%) crypt distortion",
          "nA": 1,
          "nB": 1,
          "cas_union": 0.7156036893810641,
          "oc_union": 0.7353088900050226,
          "ar_union": 1.5938759327758467,
          "area_a_union": 40905216.0,
          "area_b_union": 25663990.0,
          "area_intersection_union": 18870960.0
        }
      }
    },
    {
      "type": "Feature",
      "id": "2b8f0146-36b3-4fce-8074-599257d13ff6",
      "geometry": {
        "type": "Polygon",
        "coordinates": [
          [
            [
              38509.0,
              13583.0
            ],
            [
              38509.0,
              20726.0
            ],
            [
              42464.0,
              20726.0
            ],
            [
              42464.0,
              13583.0
            ],
            [
              38509.0,
              13583.0
            ]
          ]
        ]
      },
      "properties": {
        "objectType": "annotation",
        "classification": {
          "name": "B | Marked (>50%) crypt distortion",
          "color": [
            0,
            51,
            0
          ]
        },
        "isLocked": true,
        "case_key": "2385991",
        "source": "B",
        "orig_class": "Marked (>50%) crypt distortion",
        "match": {
          "status": "component_tp",
          "component_id": "Marked (>50%) crypt distortion:comp_1",
          "class": "Marked (>50%) crypt distortion",
          "nA": 1,
          "nB": 1,
          "cas_union": 0.985648097595666,
          "oc_union": 1.0,
          "ar_union": 1.4050448902526373,
          "area_a_union": 39693312.0,
          "area_b_union": 28250565.0,
          "area_intersection_union": 28250565.0
        }
      }
    },
    {
      "type": "Feature",
      "id": "d8ed8389-d05b-4b96-87ab-7e0f375c1b54",
      "geometry": {
        "type": "Polygon",
        "coordinates": [
          [
            [
              36648.0,
              7740.0
            ],
            [
              36648.0,
              13460.0
            ],
            [
              38728.0,
              13460.0
            ],
            [
              38728.0,
              7740.0
            ],
            [
              36648.0,
              7740.0
            ]
          ]
        ]
      },
      "properties": {
        "objectType": "annotation",
        "classification": {
          "name": "B | Marked (>50%) crypt distortion",
          "color": [
            0,
            51,
            0
          ]
        },
        "isLocked": true,
        "case_key": "2385991",
        "source": "B",
        "orig_class": "Marked (>50%) crypt distortion",
        "match": {
          "status": "component_tp",
          "component_id": "Marked (>50%) crypt distortion:comp_3",
          "class": "Marked (>50%) crypt distortion",
          "nA": 1,
          "nB": 1,
          "cas_union": 0.893724027236069,
          "oc_union": 1.0,
          "ar_union": 2.5807638515330824,
          "area_a_union": 30704896.0,
          "area_b_union": 11897600.0,
          "area_intersection_union": 11897600.0
        }
      }
    },
    {
      "type": "Feature",
      "id": "3b388678-b6b7-4eba-81ad-7ccfd19ec1d1",
      "geometry": {
        "type": "Polygon",
        "coordinates": [
          [
            [
              40493.0,
              7836.0
            ],
            [
              40493.0,
              13693.0
            ],
            [
              44147.0,
              13693.0
            ],
            [
              44147.0,
              7836.0
            ],
            [
              40493.0,
              7836.0
            ]
          ]
        ]
      },
      "properties": {
        "objectType": "annotation",
        "classification": {
          "name": "B | Marked (>50%) crypt distortion",
          "color": [
            0,
            51,
            0
          ]
        },
        "isLocked": true,
        "case_key": "2385991",
        "source": "B",
        "orig_class": "Marked (>50%) crypt distortion",
        "match": {
          "status": "component_tp",
          "component_id": "Marked (>50%) crypt distortion:comp_2",
          "class": "Marked (>50%) crypt distortion",
          "nA": 1,
          "nB": 1,
          "cas_union": 0.975019523215075,
          "oc_union": 1.0,
          "ar_union": 1.5681070251316287,
          "area_a_union": 33559808.0,
          "area_b_union": 21401478.0,
          "area_intersection_union": 21401478.0
        }
      }
    }
  ]
}