{
  "type": "FeatureCollection",
  "features": [
    {
      "type": "Feature",
      "id": "94b6a97d-fa90-4da7-9839-352954d2aecf",
      "geometry": {
        "type": "Polygon",
        "coordinates": [
          [
            [
              20976.0,
              24688.0
            ],
            [
              21664.0,
              24688.0
            ],
            [
              21664.0,
              25024.0
            ],
            [
              20976.0,
              25024.0
            ],
            [
              20976.0,
              24688.0
            ]
          ]
        ]
      },
      "properties": {
        "objectType": "annotation",
        "classification": {
          "name": "A | Basal Plasmacytosis",
          "color": [
            202,
            65,
            86
          ]
        },
        "case_key": "2346175",
        "source": "A",
        "orig_class": "Basal Plasmacytosis",
        "match": {
          "status": "union_mode",
          "class": "Basal Plasmacytosis",
          "area_a": 3730007.0,
          "area_b": 1326370.0,
          "area_intersection": 0.0,
          "cas": 0.0,
          "oc": 0.0,
          "ar": 2.812191922314286
        }
      }
    },
    {
      "type": "Feature",
      "id": "cda3e7a0-0477-47d5-8af1-ffb795efef49",
      "geometry": {
        "type": "Polygon",
        "coordinates": [
          [
            [
              21600.0,
              25040.0
            ],
            [
              22368.0,
              25040.0
            ],
            [
              22368.0,
              25360.0
            ],
            [
              21600.0,
              25360.0
            ],
            [
              21600.0,
              25040.0
            ]
          ]
        ]
      },
      "properties": {
        "objectType": "annotation",
        "classification": {
          "name": "A | Basal Plasmacytosis",
          "color": [
            202,
            65,
            86
          ]
        },
        "case_key": "2346175",
        "source": "A",
        "orig_class": "Basal Plasmacytosis",
        "match": {
          "status": "union_mode",
          "class": "Basal Plasmacytosis",
          "area_a": 3730007.0,
          "area_b": 1326370.0,
          "area_intersection": 0.0,
          "cas": 0.0,
          "oc": 0.0,
          "ar": 2.812191922314286
        }
      }
    },
    {
      "type": "Feature",
      "id": "f1678060-c690-4343-97a0-6edc6653f796",
      "geometry": {
        "type": "Polygon",
        "coordinates": [
          [
            [
              25040.0,
              20496.0
            ],
            [
              25408.0,
              20496.0
            ],
            [
              25408.0,
              21200.0
            ],
            [
              25040.0,
              21200.0
            ],
            [
              25040.0,
              20496.0
            ]
          ]
        ]
      },
      "properties": {
        "objectType": "annotation",
        "classification": {
          "name": "A | Basal Plasmacytosis",
          "color": [
            202,
            65,
            86
          ]
        },
        "case_key": "2346175",
        "source": "A",
        "orig_class": "Basal Plasmacytosis",
        "match": {
          "status": "union_mode",
          "class": "Basal Plasmacytosis",
          "area_a": 3730007.0,
          "area_b": 1326370.0,
          "area_intersection": 0.0,
          "cas": 0.0,
          "oc": 0.0,
          "ar": 2.812191922314286
        }
      }
    },
    {
      "type": "Feature",
      "id": "bf855488-40bd-4885-acfb-fa4a716b2e8f",
      "geometry": {
        "type": "Polygon",
        "coordinates": [
          [
            [
              24816.0,
              21216.0
            ],
            [
              25120.0,
              21216.0
            ],
            [
              25120.0,
              21808.0
            ],
            [
              24816.0,
              21808.0
            ],
            [
              24816.0,
              21216.0
            ]
          ]
        ]
      },
      "properties": {
        "objectType": "annotation",
        "classification": {
          "name": "A | Basal Plasmacytosis",
          "color": [
            202,
            65,
            86
          ]
        },
        "case_key": "2346175",
        "source": "A",
        "orig_class": "Basal Plasmacytosis",
        "match": {
          "status": "union_mode",
          "class": "Basal Plasmacytosis",
          "area_a": 3730007.0,
          "area_b": 1326370.0,
          "area_intersection": 0.0,
          "cas": 0.0,
          "oc": 0.0,
          "ar": 2.812191922314286
        }
      }
    },
    {
      "type": "Feature",
      "id": "6abdad54-9a16-45f2-83cf-722e39cc8e32",
      "geometry": {
        "type": "Polygon",
        "coordinates": [
          [
            [
              26234.0,
              19175.0
            ],
            [
              26515.0,
              19175.0
            ],
            [
              26515.0,
              19615.0
            ],
            [
              26234.0,
              19615.0
            ],
            [
              26234.0,
              19175.0
            ]
          ]
        ]
      },
      "properties": {
        "objectType": "annotation",
        "classification": {
          "name": "A | Basal Plasmacytosis",
          "color": [
            202,
            65,
            86
          ]
        },
        "case_key": "2346175",
        "source": "A",
        "orig_class": "Basal Plasmacytosis",
        "match": {
          "status": "union_mode",
          "class": "Basal Plasmacytosis",
          "area_a": 3730007.0,
          "area_b": 1326370.0,
          "area_intersection": 0.0,
          "cas": 0.0,
          "oc": 0.0,
          "ar": 2.812191922314286
        }
      }
    },
    {
      "type": "Feature",
      "id": "fb7df2bc-1d17-4e42-b536-f08bb571a9e4",
      "geometry": {
        "type": "Polygon",
        "coordinates": [
          [
            [
              25346.0,
              20156.0
            ],
            [
              25721.0,
              20156.0
            ],
            [
              25721.0,
              20561.0
            ],
            [
              25346.0,
              20561.0
            ],
            [
              25346.0,
              20156.0
            ]
          ]
        ]
      },
      "properties": {
        "objectType": "annotation",
        "classification": {
          "name": "A | Basal Plasmacytosis",
          "color": [
            202,
            65,
            86
          ]
        },
        "case_key": "2346175",
        "source": "A",
        "orig_class": "Basal Plasmacytosis",
        "match": {
          "status": "union_mode",
          "class": "Basal Plasmacytosis",
          "area_a": 3730007.0,
          "area_b": 1326370.0,
          "area_intersection": 0.0,
          "cas": 0.0,
          "oc": 0.0,
          "ar": 2.812191922314286
        }
      }
    },
    {
      "type": "Feature",
      "id": "29579540-1d76-486f-a937-e68602040493",
      "geometry": {
        "type": "Polygon",
        "coordinates": [
          [
            [
              28897.0,
              18287.0
            ],
            [
              29352.0,
              18287.0
            ],
            [
              29352.0,
              18742.0
            ],
            [
              28897.0,
              18742.0
            ],
            [
              28897.0,
              18287.0
            ]
          ]
        ]
      },
      "properties": {
        "objectType": "annotation",
        "classification": {
          "name": "A | Basal Plasmacytosis",
          "color": [
            202,
            65,
            86
          ]
        },
        "case_key": "2346175",
        "source": "A",
        "orig_class": "Basal Plasmacytosis",
        "match": {
          "status": "union_mode",
          "class": "Basal Plasmacytosis",
          "area_a": 3730007.0,
          "area_b": 1326370.0,
          "area_intersection": 0.0,
          "cas": 0.0,
          "oc": 0.0,
          "ar": 2.812191922314286
        }
      }
    },
    {
      "type": "Feature",
      "id": "cbd6beca-1bb9-4cc9-9a2b-bb2065f4e47c",
      "geometry": {
        "type": "Polygon",
        "coordinates": [
          [
            [
              26977.0,
              17580.0
            ],
            [
              27547.0,
              17580.0
            ],
            [
              27547.0,
              18013.0
            ],
            [
              26977.0,
              18013.0
            ],
            [
              26977.0,
              17580.0
            ]
          ]
        ]
      },
      "properties": {
        "objectType": "annotation",
        "classification": {
          "name": "A | Basal Plasmacytosis",
          "color": [
            202,
            65,
            86
          ]
        },
        "case_key": "2346175",
        "source": "A",
        "orig_class": "Basal Plasmacytosis",
        "match": {
          "status": "union_mode",
          "class": "Basal Plasmacytosis",
          "area_a": 3730007.0,
          "area_b": 1326370.0,
          "area_intersection": 0.0,
          "cas": 0.0,
          "oc": 0.0,
          "ar": 2.812191922314286
        }
      }
    },
    {
      "type": "Feature",
      "id": "0ef48f01-3d37-4164-92c2-b1638bc998bd",
      "geometry": {
        "type": "Polygon",
        "coordinates": [
          [
            [
              28053.0,
              17320.0
            ],
            [
              28515.0,
              17320.0
            ],
            [
              28515.0,
              17832.0
            ],
            [
              28053.0,
              17832.0
            ],
            [
              28053.0,
              17320.0
            ]
          ]
        ]
      },
      "properties": {
        "objectType": "annotation",
        "classification": {
          "name": "A | Basal Plasmacytosis",
          "color": [
            202,
            65,
            86
          ]
        },
        "case_key": "2346175",
        "source": "A",
        "orig_class": "Basal Plasmacytosis",
        "match": {
          "status": "union_mode",
          "class": "Basal Plasmacytosis",
          "area_a": 3730007.0,
          "area_b": 1326370.0,
          "area_intersection": 0.0,
          "cas": 0.0,
          "oc": 0.0,
          "ar": 2.812191922314286
        }
      }
    },
    {
      "type": "Feature",
      "id": "916ecda8-1c3e-42ab-aab1-65fcaf507f3d",
      "geometry": {
        "type": "Polygon",
        "coordinates": [
          [
            [
              29405.0,
              18641.0
            ],
            [
              29723.0,
              18641.0
            ],
            [
              29723.0,
              18915.0
            ],
            [
              29405.0,
              18915.0
            ],
            [
              29405.0,
              18641.0
            ]
          ]
        ]
      },
      "properties": {
        "objectType": "annotation",
        "classification": {
          "name": "A | Basal Plasmacytosis",
          "color": [
            202,
            65,
            86
          ]
        },
        "case_key": "2346175",
        "source": "A",
        "orig_class": "Basal Plasmacytosis",
        "match": {
          "status": "union_mode",
          "class": "Basal Plasmacytosis",
          "area_a": 3730007.0,
          "area_b": 1326370.0,
          "area_intersection": 0.0,
          "cas": 0.0,
          "oc": 0.0,
          "ar": 2.812191922314286
        }
      }
    },
    {
      "type": "Feature",
      "id": "0c96d7cf-bb39-4615-ba1a-d04bb773f433",
      "geometry": {
        "type": "Polygon",
        "coordinates": [
          [
            [
              22984.0,
              25321.0
            ],
            [
              23446.0,
              25321.0
            ],
            [
              23446.0,
              25660.0
            ],
            [
              22984.0,
              25660.0
            ],
            [
              22984.0,
              25321.0
            ]
          ]
        ]
      },
      "properties": {
        "objectType": "annotation",
        "classification": {
          "name": "A | Basal Plasmacytosis",
          "color": [
            202,
            65,
            86
          ]
        },
        "case_key": "2346175",
        "source": "A",
        "orig_class": "Basal Plasmacytosis",
        "match": {
          "status": "union_mode",
          "class": "Basal Plasmacytosis",
          "area_a": 3730007.0,
          "area_b": 1326370.0,
          "area_intersection": 0.0,
          "cas": 0.0,
          "oc": 0.0,
          "ar": 2.812191922314286
        }
      }
    },
    {
      "type": "Feature",
      "id": "7ab19314-1300-456f-a9f4-6184f52c051e",
      "geometry": {
        "type": "Polygon",
        "coordinates": [
          [
            [
              23540.0,
              25458.0
            ],
            [
              23915.0,
              25458.0
            ],
            [
              23915.0,
              25696.0
            ],
            [
              23540.0,
              25696.0
            ],
            [
              23540.0,
              25458.0
            ]
          ]
        ]
      },
      "properties": {
        "objectType": "annotation",
        "classification": {
          "name": "A | Basal Plasmacytosis",
          "color": [
            202,
            65,
            86
          ]
        },
        "case_key": "2346175",
        "source": "A",
        "orig_class": "Basal Plasmacytosis",
        "match": {
          "status": "union_mode",
          "class": "Basal Plasmacytosis",
          "area_a": 3730007.0,
          "area_b": 1326370.0,
          "area_intersection": 0.0,
          "cas": 0.0,
          "oc": 0.0,
          "ar": 2.812191922314286
        }
      }
    },
    {
      "type": "Feature",
      "id": "12a06e9f-b742-45ed-b704-ed616b02384b",
      "geometry": {
        "type": "Polygon",
        "coordinates": [
          [
            [
              25149.0,
              27241.0
            ],
            [
              25611.0,
              27241.0
            ],
            [
              25611.0,
              28287.0
            ],
            [
              25149.0,
              28287.0
            ],
            [
              25149.0,
              27241.0
            ]
          ]
        ]
      },
      "properties": {
        "objectType": "annotation",
        "classification": {
          "name": "A | Basal Plasmacytosis",
          "color": [
            202,
            65,
            86
          ]
        },
        "case_key": "2346175",
        "source": "A",
        "orig_class": "Basal Plasmacytosis",
        "match": {
          "status": "union_mode",
          "class": "Basal Plasmacytosis",
          "area_a": 3730007.0,
          "area_b": 1326370.0,
          "area_intersection": 0.0,
          "cas": 0.0,
          "oc": 0.0,
          "ar": 2.812191922314286
        }
      }
    },
    {
      "type": "Feature",
      "id": "106d7fed-7ece-44a7-9e38-455b584bb5c2",
      "geometry": {
        "type": "Polygon",
        "coordinates": [
          [
            [
              25272.0,
              28396.0
            ],
            [
              25640.0,
              28396.0
            ],
            [
              25640.0,
              29190.0
            ],
            [
              25272.0,
              29190.0
            ],
            [
              25272.0,
              28396.0
            ]
          ]
        ]
      },
      "properties": {
        "objectType": "annotation",
        "classification": {
          "name": "A | Basal Plasmacytosis",
          "color": [
            202,
            65,
            86
          ]
        },
        "case_key": "2346175",
        "source": "A",
        "orig_class": "Basal Plasmacytosis",
        "match": {
          "status": "union_mode",
          "class": "Basal Plasmacytosis",
          "area_a": 3730007.0,
          "area_b": 1326370.0,
          "area_intersection": 0.0,
          "cas": 0.0,
          "oc": 0.0,
          "ar": 2.812191922314286
        }
      }
    },
    {
      "type": "Feature",
      "id": "c1aaff26-101d-40a8-8491-ea8358decae3",
      "geometry": {
        "type": "Polygon",
        "coordinates": [
          [
            [
              28477.0,
              27147.0
            ],
            [
              29126.0,
              27147.0
            ],
            [
              29126.0,
              28006.0
            ],
            [
              28477.0,
              28006.0
            ],
            [
              28477.0,
              27147.0
            ]
          ]
        ]
      },
      "properties": {
        "objectType": "annotation",
        "classification": {
          "name": "A | Basal Plasmacytosis",
          "color": [
            202,
            65,
            86
          ]
        },
        "case_key": "2346175",
        "source": "A",
        "orig_class": "Basal Plasmacytosis",
        "match": {
          "status": "union_mode",
          "class": "Basal Plasmacytosis",
          "area_a": 3730007.0,
          "area_b": 1326370.0,
          "area_intersection": 0.0,
          "cas": 0.0,
          "oc": 0.0,
          "ar": 2.812191922314286
        }
      }
    },
    {
      "type": "Feature",
      "id": "0faf2928-fa2a-4277-a5cd-6f41addbcfeb",
      "geometry": {
        "type": "Polygon",
        "coordinates": [
          [
            [
              29935.0,
              20657.0
            ],
            [
              31047.0,
              20657.0
            ],
            [
              31047.0,
              21726.0
            ],
            [
              29935.0,
              21726.0
            ],
            [
              29935.0,
              20657.0
            ]
          ]
        ]
      },
      "properties": {
        "objectType": "annotation",
        "classification": {
          "name": "A | Basal lymphoid aggregates",
          "color": [
            0,
            0,
            255
          ]
        },
        "case_key": "2346175",
        "source": "A",
        "orig_class": "Basal lymphoid aggregates",
        "match": {
          "status": "union_mode",
          "class": "Basal lymphoid aggregates",
          "area_a": 8508535.0,
          "area_b": 3143919.0,
          "area_intersection": 2591187.0,
          "cas": 0.7281440525480093,
          "oc": 0.8241901270357156,
          "ar": 2.7063467602059723
        }
      }
    },
    {
      "type": "Feature",
      "id": "813dbb05-b4ff-46e6-bec4-a8f0c07f062c",
      "geometry": {
        "type": "Polygon",
        "coordinates": [
          [
            [
              25399.0,
              30323.0
            ],
            [
              26973.0,
              30323.0
            ],
            [
              26973.0,
              32539.0
            ],
            [
              25399.0,
              32539.0
            ],
            [
              25399.0,
              30323.0
            ]
          ]
        ]
      },
      "properties": {
        "objectType": "annotation",
        "classification": {
          "name": "A | Basal lymphoid aggregates",
          "color": [
            0,
            0,
            255
          ]
        },
        "case_key": "2346175",
        "source": "A",
        "orig_class": "Basal lymphoid aggregates",
        "match": {
          "status": "union_mode",
          "class": "Basal lymphoid aggregates",
          "area_a": 8508535.0,
          "area_b": 3143919.0,
          "area_intersection": 2591187.0,
          "cas": 0.7281440525480093,
          "oc": 0.8241901270357156,
          "ar": 2.7063467602059723
        }
      }
    },
    {
      "type": "Feature",
      "id": "3d252c3b-4162-488a-9e8d-67a1b5998c7a",
      "geometry": {
        "type": "Polygon",
        "coordinates": [
          [
            [
              24100.0,
              28714.0
            ],
            [
              25313.0,
              28714.0
            ],
            [
              25313.0,
              30821.0
            ],
            [
              24100.0,
              30821.0
            ],
            [
              24100.0,
              28714.0
            ]
          ]
        ]
      },
      "properties": {
        "objectType": "annotation",
        "classification": {
          "name": "A | Basal lymphoid aggregates",
          "color": [
            0,
            0,
            255
          ]
        },
        "case_key": "2346175",
        "source": "A",
        "orig_class": "Basal lymphoid aggregates",
        "match": {
          "status": "union_mode",
          "class": "Basal lymphoid aggregates",
          "area_a": 8508535.0,
          "area_b": 3143919.0,
          "area_intersection": 2591187.0,
          "cas": 0.7281440525480093,
          "oc": 0.8241901270357156,
          "ar": 2.7063467602059723
        }
      }
    },
    {
      "type": "Feature",
      "id": "2258060b-6b3c-4026-9726-686b18f8c694",
      "geometry": {
        "type": "Polygon",
        "coordinates": [
          [
            [
              23753.0,
              25307.0
            ],
            [
              24569.0,
              25307.0
            ],
            [
              24569.0,
              25906.0
            ],
            [
              23753.0,
              25906.0
            ],
            [
              23753.0,
              25307.0
            ]
          ]
        ]
      },
      "properties": {
        "objectType": "annotation",
        "classification": {
          "name": "A | Basal lymphoid aggregates",
          "color": [
            0,
            0,
            255
          ]
        },
        "case_key": "2346175",
        "source": "A",
        "orig_class": "Basal lymphoid aggregates",
        "match": {
          "status": "union_mode",
          "class": "Basal lymphoid aggregates",
          "area_a": 8508535.0,
          "area_b": 3143919.0,
          "area_intersection": 2591187.0,
          "cas": 0.7281440525480093,
          "oc": 0.8241901270357156,
          "ar": 2.7063467602059723
        }
      }
    },
    {
      "type": "Feature",
      "id": "54e389d5-0c26-47d7-a29e-44f04482e51c",
      "geometry": {
        "type": "Polygon",
        "coordinates": [
          [
            [
              22900.0,
              19986.0
            ],
            [
              23033.0,
              19986.0
            ],
            [
              23033.0,
              20184.0
            ],
            [
              22900.0,
              20184.0
            ],
            [
              22900.0,
              19986.0
            ]
          ]
        ]
      },
      "properties": {
        "objectType": "annotation",
        "classification": {
          "name": "A | Ulcer/ erosion",
          "color": [
            255,
            0,
            0
          ]
        },
        "case_key": "2346175",
        "source": "A",
        "orig_class": "Ulcer/ erosion",
        "match": {
          "status": "union_mode",
          "class": "Ulcer/ erosion",
          "area_a": 1167568.0,
          "area_b": 784732.0,
          "area_intersection": 96256.0,
          "cas": 0.12026406239569136,
          "oc": 0.12266098489675456,
          "ar": 1.4878557265410357
        }
      }
    },
    {
      "type": "Feature",
      "id": "4c5171a4-5494-44b8-b804-69391b51f16d",
      "geometry": {
        "type": "Polygon",
        "coordinates": [
          [
            [
              24896.0,
              16944.0
            ],
            [
              25140.0,
              16944.0
            ],
            [
              25140.0,
              17231.0
            ],
            [
              24896.0,
              17231.0
            ],
            [
              24896.0,
              16944.0
            ]
          ]
        ]
      },
      "properties": {
        "objectType": "annotation",
        "classification": {
          "name": "A | Ulcer/ erosion",
          "color": [
            255,
            0,
            0
          ]
        },
        "case_key": "2346175",
        "source": "A",
        "orig_class": "Ulcer/ erosion",
        "match": {
          "status": "union_mode",
          "class": "Ulcer/ erosion",
          "area_a": 1167568.0,
          "area_b": 784732.0,
          "area_intersection": 96256.0,
          "cas": 0.12026406239569136,
          "oc": 0.12266098489675456,
          "ar": 1.4878557265410357
        }
      }
    },
    {
      "type": "Feature",
      "id": "5f100a2d-9e70-4305-b5f4-e6a7aced5fb1",
      "geometry": {
        "type": "Polygon",
        "coordinates": [
          [
            [
              27380.0,
              15297.0
            ],
            [
              27673.0,
              15297.0
            ],
            [
              27673.0,
              15531.0
            ],
            [
              27380.0,
              15531.0
            ],
            [
              27380.0,
              15297.0
            ]
          ]
        ]
      },
      "properties": {
        "objectType": "annotation",
        "classification": {
          "name": "A | Ulcer/ erosion",
          "color": [
            255,
            0,
            0
          ]
        },
        "case_key": "2346175",
        "source": "A",
        "orig_class": "Ulcer/ erosion",
        "match": {
          "status": "union_mode",
          "class": "Ulcer/ erosion",
          "area_a": 1167568.0,
          "area_b": 784732.0,
          "area_intersection": 96256.0,
          "cas": 0.12026406239569136,
          "oc": 0.12266098489675456,
          "ar": 1.4878557265410357
        }
      }
    },
    {
      "type": "Feature",
      "id": "8b1591ae-47f2-4a48-b179-303469f1522f",
      "geometry": {
        "type": "Polygon",
        "coordinates": [
          [
            [
              30070.0,
              16183.0
            ],
            [
              30415.0,
              16183.0
            ],
            [
              30415.0,
              16472.0
            ],
            [
              30070.0,
              16472.0
            ],
            [
              30070.0,
              16183.0
            ]
          ]
        ]
      },
      "properties": {
        "objectType": "annotation",
        "classification": {
          "name": "A | Ulcer/ erosion",
          "color": [
            255,
            0,
            0
          ]
        },
        "case_key": "2346175",
        "source": "A",
        "orig_class": "Ulcer/ erosion",
        "match": {
          "status": "union_mode",
          "class": "Ulcer/ erosion",
          "area_a": 1167568.0,
          "area_b": 784732.0,
          "area_intersection": 96256.0,
          "cas": 0.12026406239569136,
          "oc": 0.12266098489675456,
          "ar": 1.4878557265410357
        }
      }
    },
    {
      "type": "Feature",
      "id": "1fd023d7-2565-4109-82e0-30d8d7d0f1d7",
      "geometry": {
        "type": "Polygon",
        "coordinates": [
          [
            [
              30575.0,
              16990.0
            ],
            [
              30933.0,
              16990.0
            ],
            [
              30933.0,
              17332.0
            ],
            [
              30575.0,
              17332.0
            ],
            [
              30575.0,
              16990.0
            ]
          ]
        ]
      },
      "properties": {
        "objectType": "annotation",
        "classification": {
          "name": "A | Ulcer/ erosion",
          "color": [
            255,
            0,
            0
          ]
        },
        "case_key": "2346175",
        "source": "A",
        "orig_class": "Ulcer/ erosion",
        "match": {
          "status": "union_mode",
          "class": "Ulcer/ erosion",
          "area_a": 1167568.0,
          "area_b": 784732.0,
          "area_intersection": 96256.0,
          "cas": 0.12026406239569136,
          "oc": 0.12266098489675456,
          "ar": 1.4878557265410357
        }
      }
    },
    {
      "type": "Feature",
      "id": "f4c84357-9388-48a7-909a-2b01b6a44d9c",
      "geometry": {
        "type": "Polygon",
        "coordinates": [
          [
            [
              30549.0,
              16277.0
            ],
            [
              30750.0,
              16277.0
            ],
            [
              30750.0,
              16645.0
            ],
            [
              30549.0,
              16645.0
            ],
            [
              30549.0,
              16277.0
            ]
          ]
        ]
      },
      "properties": {
        "objectType": "annotation",
        "classification": {
          "name": "A | Ulcer/ erosion",
          "color": [
            255,
            0,
            0
          ]
        },
        "case_key": "2346175",
        "source": "A",
        "orig_class": "Ulcer/ erosion",
        "match": {
          "status": "union_mode",
          "class": "Ulcer/ erosion",
          "area_a": 1167568.0,
          "area_b": 784732.0,
          "area_intersection": 96256.0,
          "cas": 0.12026406239569136,
          "oc": 0.12266098489675456,
          "ar": 1.4878557265410357
        }
      }
    },
    {
      "type": "Feature",
      "id": "fa6c934c-b07d-47c1-82da-488ae9b23f71",
      "geometry": {
        "type": "Polygon",
        "coordinates": [
          [
            [
              31760.0,
              18237.0
            ],
            [
              32053.0,
              18237.0
            ],
            [
              32053.0,
              18677.0
            ],
            [
              31760.0,
              18677.0
            ],
            [
              31760.0,
              18237.0
            ]
          ]
        ]
      },
      "properties": {
        "objectType": "annotation",
        "classification": {
          "name": "A | Ulcer/ erosion",
          "color": [
            255,
            0,
            0
          ]
        },
        "case_key": "2346175",
        "source": "A",
        "orig_class": "Ulcer/ erosion",
        "match": {
          "status": "union_mode",
          "class": "Ulcer/ erosion",
          "area_a": 1167568.0,
          "area_b": 784732.0,
          "area_intersection": 96256.0,
          "cas": 0.12026406239569136,
          "oc": 0.12266098489675456,
          "ar": 1.4878557265410357
        }
      }
    },
    {
      "type": "Feature",
      "id": "789bb571-3245-4637-a4e4-10733524ebbe",
      "geometry": {
        "type": "Polygon",
        "coordinates": [
          [
            [
              29460.0,
              29558.0
            ],
            [
              29720.0,
              29558.0
            ],
            [
              29720.0,
              29764.0
            ],
            [
              29460.0,
              29764.0
            ],
            [
              29460.0,
              29558.0
            ]
          ]
        ]
      },
      "properties": {
        "objectType": "annotation",
        "classification": {
          "name": "A | Ulcer/ erosion",
          "color": [
            255,
            0,
            0
          ]
        },
        "case_key": "2346175",
        "source": "A",
        "orig_class": "Ulcer/ erosion",
        "match": {
          "status": "union_mode",
          "class": "Ulcer/ erosion",
          "area_a": 1167568.0,
          "area_b": 784732.0,
          "area_intersection": 96256.0,
          "cas": 0.12026406239569136,
          "oc": 0.12266098489675456,
          "ar": 1.4878557265410357
        }
      }
    },
    {
      "type": "Feature",
      "id": "610cd7a8-ad13-4cfd-8bc8-a343ecaa44b9",
      "geometry": {
        "type": "Polygon",
        "coordinates": [
          [
            [
              23450.0,
              31342.0
            ],
            [
              24577.0,
              31342.0
            ],
            [
              24577.0,
              31807.0
            ],
            [
              23450.0,
              31807.0
            ],
            [
              23450.0,
              31342.0
            ]
          ]
        ]
      },
      "properties": {
        "objectType": "annotation",
        "classification": {
          "name": "A | Ulcer/ erosion",
          "color": [
            255,
            0,
            0
          ]
        },
        "case_key": "2346175",
        "source": "A",
        "orig_class": "Ulcer/ erosion",
        "match": {
          "status": "union_mode",
          "class": "Ulcer/ erosion",
          "area_a": 1167568.0,
          "area_b": 784732.0,
          "area_intersection": 96256.0,
          "cas": 0.12026406239569136,
          "oc": 0.12266098489675456,
          "ar": 1.4878557265410357
        }
      }
    },
    {
      "type": "Feature",
      "id": "f53ff4b8-95b7-41bb-8c67-e6ed8297b483",
      "geometry": {
        "type": "Polygon",
        "coordinates": [
          [
            [
              21239.0,
              25365.0
            ],
            [
              21913.0,
              25365.0
            ],
            [
              21913.0,
              26101.0
            ],
            [
              21239.0,
              26101.0
            ],
            [
              21239.0,
              25365.0
            ]
          ]
        ]
      },
      "properties": {
        "objectType": "annotation",
        "classification": {
          "name": "A | Moderate to marked mononuclear cell infiltrate",
          "color": [
            21,
            11,
            49
          ]
        },
        "case_key": "2346175",
        "source": "A",
        "orig_class": "Moderate to marked mononuclear cell infiltrate",
        "match": {
          "status": "union_mode",
          "class": "Moderate to marked mononuclear cell infiltrate",
          "area_a": 7222873.0,
          "area_b": 9559596.0,
          "area_intersection": 1737814.0,
          "cas": 0.23824748508500332,
          "oc": 0.24059872020455017,
          "ar": 1.323517110158243
        }
      }
    },
    {
      "type": "Feature",
      "id": "c56f66dc-10b8-4ecb-a583-d8f321348988",
      "geometry": {
        "type": "Polygon",
        "coordinates": [
          [
            [
              21486.0,
              26111.0
            ],
            [
              22291.0,
              26111.0
            ],
            [
              22291.0,
              26567.0
            ],
            [
              21486.0,
              26567.0
            ],
            [
              21486.0,
              26111.0
            ]
          ]
        ]
      },
      "properties": {
        "objectType": "annotation",
        "classification": {
          "name": "A | Moderate to marked mononuclear cell infiltrate",
          "color": [
            21,
            11,
            49
          ]
        },
        "case_key": "2346175",
        "source": "A",
        "orig_class": "Moderate to marked mononuclear cell infiltrate",
        "match": {
          "status": "union_mode",
          "class": "Moderate to marked mononuclear cell infiltrate",
          "area_a": 7222873.0,
          "area_b": 9559596.0,
          "area_intersection": 1737814.0,
          "cas": 0.23824748508500332,
          "oc": 0.24059872020455017,
          "ar": 1.323517110158243
        }
      }
    },
    {
      "type": "Feature",
      "id": "041a43ab-dde8-40c4-b084-2e5120a2e11f",
      "geometry": {
        "type": "Polygon",
        "coordinates": [
          [
            [
              22742.0,
              26121.0
            ],
            [
              23071.0,
              26121.0
            ],
            [
              23071.0,
              27052.0
            ],
            [
              22742.0,
              27052.0
            ],
            [
              22742.0,
              26121.0
            ]
          ]
        ]
      },
      "properties": {
        "objectType": "annotation",
        "classification": {
          "name": "A | Moderate to marked mononuclear cell infiltrate",
          "color": [
            21,
            11,
            49
          ]
        },
        "case_key": "2346175",
        "source": "A",
        "orig_class": "Moderate to marked mononuclear cell infiltrate",
        "match": {
          "status": "union_mode",
          "class": "Moderate to marked mononuclear cell infiltrate",
          "area_a": 7222873.0,
          "area_b": 9559596.0,
          "area_intersection": 1737814.0,
          "cas": 0.23824748508500332,
          "oc": 0.24059872020455017,
          "ar": 1.323517110158243
        }
      }
    },
    {
      "type": "Feature",
      "id": "017dc374-9150-4e6e-9d2e-0f20bc992ab3",
      "geometry": {
        "type": "Polygon",
        "coordinates": [
          [
            [
              23474.0,
              26470.0
            ],
            [
              23740.0,
              26470.0
            ],
            [
              23740.0,
              26921.0
            ],
            [
              23474.0,
              26921.0
            ],
            [
              23474.0,
              26470.0
            ]
          ]
        ]
      },
      "properties": {
        "objectType": "annotation",
        "classification": {
          "name": "A | Moderate to marked mononuclear cell infiltrate",
          "color": [
            21,
            11,
            49
          ]
        },
        "case_key": "2346175",
        "source": "A",
        "orig_class": "Moderate to marked mononuclear cell infiltrate",
        "match": {
          "status": "union_mode",
          "class": "Moderate to marked mononuclear cell infiltrate",
          "area_a": 7222873.0,
          "area_b": 9559596.0,
          "area_intersection": 1737814.0,
          "cas": 0.23824748508500332,
          "oc": 0.24059872020455017,
          "ar": 1.323517110158243
        }
      }
    },
    {
      "type": "Feature",
      "id": "09bab18a-e79f-43b4-9b93-14e6ee2ceda8",
      "geometry": {
        "type": "Polygon",
        "coordinates": [
          [
            [
              24050.0,
              26034.0
            ],
            [
              24375.0,
              26034.0
            ],
            [
              24375.0,
              26615.0
            ],
            [
              24050.0,
              26615.0
            ],
            [
              24050.0,
              26034.0
            ]
          ]
        ]
      },
      "properties": {
        "objectType": "annotation",
        "classification": {
          "name": "A | Moderate to marked mononuclear cell infiltrate",
          "color": [
            21,
            11,
            49
          ]
        },
        "case_key": "2346175",
        "source": "A",
        "orig_class": "Moderate to marked mononuclear cell infiltrate",
        "match": {
          "status": "union_mode",
          "class": "Moderate to marked mononuclear cell infiltrate",
          "area_a": 7222873.0,
          "area_b": 9559596.0,
          "area_intersection": 1737814.0,
          "cas": 0.23824748508500332,
          "oc": 0.24059872020455017,
          "ar": 1.323517110158243
        }
      }
    },
    {
      "type": "Feature",
      "id": "c41780b5-e0a2-40a8-9f92-76197089ee93",
      "geometry": {
        "type": "Polygon",
        "coordinates": [
          [
            [
              27506.0,
              30867.0
            ],
            [
              28117.0,
              30867.0
            ],
            [
              28117.0,
              31206.0
            ],
            [
              27506.0,
              31206.0
            ],
            [
              27506.0,
              30867.0
            ]
          ]
        ]
      },
      "properties": {
        "objectType": "annotation",
        "classification": {
          "name": "A | Moderate to marked mononuclear cell infiltrate",
          "color": [
            21,
            11,
            49
          ]
        },
        "case_key": "2346175",
        "source": "A",
        "orig_class": "Moderate to marked mononuclear cell infiltrate",
        "match": {
          "status": "union_mode",
          "class": "Moderate to marked mononuclear cell infiltrate",
          "area_a": 7222873.0,
          "area_b": 9559596.0,
          "area_intersection": 1737814.0,
          "cas": 0.23824748508500332,
          "oc": 0.24059872020455017,
          "ar": 1.323517110158243
        }
      }
    },
    {
      "type": "Feature",
      "id": "5507c009-d9e3-48cc-8d0e-9f4025026201",
      "geometry": {
        "type": "Polygon",
        "coordinates": [
          [
            [
              28204.0,
              31313.0
            ],
            [
              28471.0,
              31313.0
            ],
            [
              28471.0,
              31938.0
            ],
            [
              28204.0,
              31938.0
            ],
            [
              28204.0,
              31313.0
            ]
          ]
        ]
      },
      "properties": {
        "objectType": "annotation",
        "classification": {
          "name": "A | Moderate to marked mononuclear cell infiltrate",
          "color": [
            21,
            11,
            49
          ]
        },
        "case_key": "2346175",
        "source": "A",
        "orig_class": "Moderate to marked mononuclear cell infiltrate",
        "match": {
          "status": "union_mode",
          "class": "Moderate to marked mononuclear cell infiltrate",
          "area_a": 7222873.0,
          "area_b": 9559596.0,
          "area_intersection": 1737814.0,
          "cas": 0.23824748508500332,
          "oc": 0.24059872020455017,
          "ar": 1.323517110158243
        }
      }
    },
    {
      "type": "Feature",
      "id": "f1a45b0b-9176-47c3-85a7-5064d7ab6f8e",
      "geometry": {
        "type": "Polygon",
        "coordinates": [
          [
            [
              27933.0,
              30164.0
            ],
            [
              28243.0,
              30164.0
            ],
            [
              28243.0,
              30464.0
            ],
            [
              27933.0,
              30464.0
            ],
            [
              27933.0,
              30164.0
            ]
          ]
        ]
      },
      "properties": {
        "objectType": "annotation",
        "classification": {
          "name": "A | Moderate to marked mononuclear cell infiltrate",
          "color": [
            21,
            11,
            49
          ]
        },
        "case_key": "2346175",
        "source": "A",
        "orig_class": "Moderate to marked mononuclear cell infiltrate",
        "match": {
          "status": "union_mode",
          "class": "Moderate to marked mononuclear cell infiltrate",
          "area_a": 7222873.0,
          "area_b": 9559596.0,
          "area_intersection": 1737814.0,
          "cas": 0.23824748508500332,
          "oc": 0.24059872020455017,
          "ar": 1.323517110158243
        }
      }
    },
    {
      "type": "Feature",
      "id": "77ff22d2-51f6-4ead-ad38-bcca13133b49",
      "geometry": {
        "type": "Polygon",
        "coordinates": [
          [
            [
              27370.0,
              29495.0
            ],
            [
              27933.0,
              29495.0
            ],
            [
              27933.0,
              30091.0
            ],
            [
              27370.0,
              30091.0
            ],
            [
              27370.0,
              29495.0
            ]
          ]
        ]
      },
      "properties": {
        "objectType": "annotation",
        "classification": {
          "name": "A | No/ mild mononuclear cell infiltrate",
          "color": [
            185,
            185,
            116
          ]
        },
        "case_key": "2346175",
        "source": "A",
        "orig_class": "No/ mild mononuclear cell infiltrate",
        "match": {
          "status": "union_mode",
          "class": "No/ mild mononuclear cell infiltrate",
          "area_a": 3146452.0,
          "area_b": 0.0,
          "area_intersection": 0.0,
          "cas": 0.0,
          "oc": 0.0,
          "ar": Infinity
        }
      }
    },
    {
      "type": "Feature",
      "id": "9f9f606b-3e61-4718-bcb8-1ac2d9f2a65e",
      "geometry": {
        "type": "Polygon",
        "coordinates": [
          [
            [
              25688.0,
              29732.0
            ],
            [
              26076.0,
              29732.0
            ],
            [
              26076.0,
              30212.0
            ],
            [
              25688.0,
              30212.0
            ],
            [
              25688.0,
              29732.0
            ]
          ]
        ]
      },
      "properties": {
        "objectType": "annotation",
        "classification": {
          "name": "A | Basal Plasmacytosis",
          "color": [
            202,
            65,
            86
          ]
        },
        "case_key": "2346175",
        "source": "A",
        "orig_class": "Basal Plasmacytosis",
        "match": {
          "status": "union_mode",
          "class": "Basal Plasmacytosis",
          "area_a": 3730007.0,
          "area_b": 1326370.0,
          "area_intersection": 0.0,
          "cas": 0.0,
          "oc": 0.0,
          "ar": 2.812191922314286
        }
      }
    },
    {
      "type": "Feature",
      "id": "00f26c42-c1b0-4804-850f-3739843d202f",
      "geometry": {
        "type": "Polygon",
        "coordinates": [
          [
            [
              25829.0,
              26733.0
            ],
            [
              26486.0,
              26733.0
            ],
            [
              26486.0,
              27469.0
            ],
            [
              25829.0,
              27469.0
            ],
            [
              25829.0,
              26733.0
            ]
          ]
        ]
      },
      "properties": {
        "objectType": "annotation",
        "classification": {
          "name": "A | Moderate to marked mononuclear cell infiltrate",
          "color": [
            21,
            11,
            49
          ]
        },
        "case_key": "2346175",
        "source": "A",
        "orig_class": "Moderate to marked mononuclear cell infiltrate",
        "match": {
          "status": "union_mode",
          "class": "Moderate to marked mononuclear cell infiltrate",
          "area_a": 7222873.0,
          "area_b": 9559596.0,
          "area_intersection": 1737814.0,
          "cas": 0.23824748508500332,
          "oc": 0.24059872020455017,
          "ar": 1.323517110158243
        }
      }
    },
    {
      "type": "Feature",
      "id": "54c9fc80-6449-4b61-a67d-a5dfa318c7b7",
      "geometry": {
        "type": "Polygon",
        "coordinates": [
          [
            [
              27490.0,
              23463.0
            ],
            [
              27865.0,
              23463.0
            ],
            [
              27865.0,
              24373.0
            ],
            [
              27490.0,
              24373.0
            ],
            [
              27490.0,
              23463.0
            ]
          ]
        ]
      },
      "properties": {
        "objectType": "annotation",
        "classification": {
          "name": "A | Moderate to marked mononuclear cell infiltrate",
          "color": [
            21,
            11,
            49
          ]
        },
        "case_key": "2346175",
        "source": "A",
        "orig_class": "Moderate to marked mononuclear cell infiltrate",
        "match": {
          "status": "union_mode",
          "class": "Moderate to marked mononuclear cell infiltrate",
          "area_a": 7222873.0,
          "area_b": 9559596.0,
          "area_intersection": 1737814.0,
          "cas": 0.23824748508500332,
          "oc": 0.24059872020455017,
          "ar": 1.323517110158243
        }
      }
    },
    {
      "type": "Feature",
      "id": "3ba2f4b6-7d02-4bc7-ae38-ccde860f3f1f",
      "geometry": {
        "type": "Polygon",
        "coordinates": [
          [
            [
              25808.0,
              24228.0
            ],
            [
              26602.0,
              24228.0
            ],
            [
              26602.0,
              24568.0
            ],
            [
              25808.0,
              24568.0
            ],
            [
              25808.0,
              24228.0
            ]
          ]
        ]
      },
      "properties": {
        "objectType": "annotation",
        "classification": {
          "name": "A | No/ mild mononuclear cell infiltrate",
          "color": [
            185,
            185,
            116
          ]
        },
        "case_key": "2346175",
        "source": "A",
        "orig_class": "No/ mild mononuclear cell infiltrate",
        "match": {
          "status": "union_mode",
          "class": "No/ mild mononuclear cell infiltrate",
          "area_a": 3146452.0,
          "area_b": 0.0,
          "area_intersection": 0.0,
          "cas": 0.0,
          "oc": 0.0,
          "ar": Infinity
        }
      }
    },
    {
      "type": "Feature",
      "id": "6a155843-9ab2-4e39-81de-9f5e9545eea3",
      "geometry": {
        "type": "Polygon",
        "coordinates": [
          [
            [
              25967.0,
              25109.0
            ],
            [
              26515.0,
              25109.0
            ],
            [
              26515.0,
              25521.0
            ],
            [
              25967.0,
              25521.0
            ],
            [
              25967.0,
              25109.0
            ]
          ]
        ]
      },
      "properties": {
        "objectType": "annotation",
        "classification": {
          "name": "A | No/ mild mononuclear cell infiltrate",
          "color": [
            185,
            185,
            116
          ]
        },
        "case_key": "2346175",
        "source": "A",
        "orig_class": "No/ mild mononuclear cell infiltrate",
        "match": {
          "status": "union_mode",
          "class": "No/ mild mononuclear cell infiltrate",
          "area_a": 3146452.0,
          "area_b": 0.0,
          "area_intersection": 0.0,
          "cas": 0.0,
          "oc": 0.0,
          "ar": Infinity
        }
      }
    },
    {
      "type": "Feature",
      "id": "3d9428c6-beea-42b5-b9d9-33f708628158",
      "geometry": {
        "type": "Polygon",
        "coordinates": [
          [
            [
              26732.0,
              24294.0
            ],
            [
              27244.0,
              24294.0
            ],
            [
              27244.0,
              24690.0
            ],
            [
              26732.0,
              24690.0
            ],
            [
              26732.0,
              24294.0
            ]
          ]
        ]
      },
      "properties": {
        "objectType": "annotation",
        "classification": {
          "name": "A | No/ mild mononuclear cell infiltrate",
          "color": [
            185,
            185,
            116
          ]
        },
        "case_key": "2346175",
        "source": "A",
        "orig_class": "No/ mild mononuclear cell infiltrate",
        "match": {
          "status": "union_mode",
          "class": "No/ mild mononuclear cell infiltrate",
          "area_a": 3146452.0,
          "area_b": 0.0,
          "area_intersection": 0.0,
          "cas": 0.0,
          "oc": 0.0,
          "ar": Infinity
        }
      }
    },
    {
      "type": "Feature",
      "id": "8d29a89a-0ad6-41a7-95bc-915ae249036a",
      "geometry": {
        "type": "Polygon",
        "coordinates": [
          [
            [
              25165.0,
              24864.0
            ],
            [
              25461.0,
              24864.0
            ],
            [
              25461.0,
              25196.0
            ],
            [
              25165.0,
              25196.0
            ],
            [
              25165.0,
              24864.0
            ]
          ]
        ]
      },
      "properties": {
        "objectType": "annotation",
        "classification": {
          "name": "A | No/ mild mononuclear cell infiltrate",
          "color": [
            185,
            185,
            116
          ]
        },
        "case_key": "2346175",
        "source": "A",
        "orig_class": "No/ mild mononuclear cell infiltrate",
        "match": {
          "status": "union_mode",
          "class": "No/ mild mononuclear cell infiltrate",
          "area_a": 3146452.0,
          "area_b": 0.0,
          "area_intersection": 0.0,
          "cas": 0.0,
          "oc": 0.0,
          "ar": Infinity
        }
      }
    },
    {
      "type": "Feature",
      "id": "8659980c-18e7-4aa3-bcf3-ea13adb704f1",
      "geometry": {
        "type": "Polygon",
        "coordinates": [
          [
            [
              26392.0,
              23059.0
            ],
            [
              26977.0,
              23059.0
            ],
            [
              26977.0,
              23572.0
            ],
            [
              26392.0,
              23572.0
            ],
            [
              26392.0,
              23059.0
            ]
          ]
        ]
      },
      "properties": {
        "objectType": "annotation",
        "classification": {
          "name": "A | No/ mild mononuclear cell infiltrate",
          "color": [
            185,
            185,
            116
          ]
        },
        "case_key": "2346175",
        "source": "A",
        "orig_class": "No/ mild mononuclear cell infiltrate",
        "match": {
          "status": "union_mode",
          "class": "No/ mild mononuclear cell infiltrate",
          "area_a": 3146452.0,
          "area_b": 0.0,
          "area_intersection": 0.0,
          "cas": 0.0,
          "oc": 0.0,
          "ar": Infinity
        }
      }
    },
    {
      "type": "Feature",
      "id": "5755cda8-adeb-473f-b54b-f9a5d69e6dd3",
      "geometry": {
        "type": "Polygon",
        "coordinates": [
          [
            [
              26898.0,
              21977.0
            ],
            [
              27266.0,
              21977.0
            ],
            [
              27266.0,
              22453.0
            ],
            [
              26898.0,
              22453.0
            ],
            [
              26898.0,
              21977.0
            ]
          ]
        ]
      },
      "properties": {
        "objectType": "annotation",
        "classification": {
          "name": "A | No/ mild mononuclear cell infiltrate",
          "color": [
            185,
            185,
            116
          ]
        },
        "case_key": "2346175",
        "source": "A",
        "orig_class": "No/ mild mononuclear cell infiltrate",
        "match": {
          "status": "union_mode",
          "class": "No/ mild mononuclear cell infiltrate",
          "area_a": 3146452.0,
          "area_b": 0.0,
          "area_intersection": 0.0,
          "cas": 0.0,
          "oc": 0.0,
          "ar": Infinity
        }
      }
    },
    {
      "type": "Feature",
      "id": "431a9e31-3272-4086-b43f-1ee78e054c56",
      "geometry": {
        "type": "Polygon",
        "coordinates": [
          [
            [
              23195.0,
              20338.0
            ],
            [
              23852.0,
              20338.0
            ],
            [
              23852.0,
              20757.0
            ],
            [
              23195.0,
              20757.0
            ],
            [
              23195.0,
              20338.0
            ]
          ]
        ]
      },
      "properties": {
        "objectType": "annotation",
        "classification": {
          "name": "A | Moderate to marked mononuclear cell infiltrate",
          "color": [
            21,
            11,
            49
          ]
        },
        "case_key": "2346175",
        "source": "A",
        "orig_class": "Moderate to marked mononuclear cell infiltrate",
        "match": {
          "status": "union_mode",
          "class": "Moderate to marked mononuclear cell infiltrate",
          "area_a": 7222873.0,
          "area_b": 9559596.0,
          "area_intersection": 1737814.0,
          "cas": 0.23824748508500332,
          "oc": 0.24059872020455017,
          "ar": 1.323517110158243
        }
      }
    },
    {
      "type": "Feature",
      "id": "186f7a56-36c1-4433-a888-563b1d8d8068",
      "geometry": {
        "type": "Polygon",
        "coordinates": [
          [
            [
              23144.0,
              21428.0
            ],
            [
              23722.0,
              21428.0
            ],
            [
              23722.0,
              21645.0
            ],
            [
              23144.0,
              21645.0
            ],
            [
              23144.0,
              21428.0
            ]
          ]
        ]
      },
      "properties": {
        "objectType": "annotation",
        "classification": {
          "name": "A | Moderate to marked mononuclear cell infiltrate",
          "color": [
            21,
            11,
            49
          ]
        },
        "case_key": "2346175",
        "source": "A",
        "orig_class": "Moderate to marked mononuclear cell infiltrate",
        "match": {
          "status": "union_mode",
          "class": "Moderate to marked mononuclear cell infiltrate",
          "area_a": 7222873.0,
          "area_b": 9559596.0,
          "area_intersection": 1737814.0,
          "cas": 0.23824748508500332,
          "oc": 0.24059872020455017,
          "ar": 1.323517110158243
        }
      }
    },
    {
      "type": "Feature",
      "id": "b1b1dffe-b52d-46b8-93de-d89ed84e25af",
      "geometry": {
        "type": "Polygon",
        "coordinates": [
          [
            [
              23253.0,
              21991.0
            ],
            [
              23736.0,
              21991.0
            ],
            [
              23736.0,
              22280.0
            ],
            [
              23253.0,
              22280.0
            ],
            [
              23253.0,
              21991.0
            ]
          ]
        ]
      },
      "properties": {
        "objectType": "annotation",
        "classification": {
          "name": "A | Moderate to marked mononuclear cell infiltrate",
          "color": [
            21,
            11,
            49
          ]
        },
        "case_key": "2346175",
        "source": "A",
        "orig_class": "Moderate to marked mononuclear cell infiltrate",
        "match": {
          "status": "union_mode",
          "class": "Moderate to marked mononuclear cell infiltrate",
          "area_a": 7222873.0,
          "area_b": 9559596.0,
          "area_intersection": 1737814.0,
          "cas": 0.23824748508500332,
          "oc": 0.24059872020455017,
          "ar": 1.323517110158243
        }
      }
    },
    {
      "type": "Feature",
      "id": "ccbe205c-fc86-4823-813f-19e2a71f09fc",
      "geometry": {
        "type": "Polygon",
        "coordinates": [
          [
            [
              25374.0,
              16888.0
            ],
            [
              25656.0,
              16888.0
            ],
            [
              25656.0,
              17314.0
            ],
            [
              25374.0,
              17314.0
            ],
            [
              25374.0,
              16888.0
            ]
          ]
        ]
      },
      "properties": {
        "objectType": "annotation",
        "classification": {
          "name": "A | Moderate to marked mononuclear cell infiltrate",
          "color": [
            21,
            11,
            49
          ]
        },
        "case_key": "2346175",
        "source": "A",
        "orig_class": "Moderate to marked mononuclear cell infiltrate",
        "match": {
          "status": "union_mode",
          "class": "Moderate to marked mononuclear cell infiltrate",
          "area_a": 7222873.0,
          "area_b": 9559596.0,
          "area_intersection": 1737814.0,
          "cas": 0.23824748508500332,
          "oc": 0.24059872020455017,
          "ar": 1.323517110158243
        }
      }
    },
    {
      "type": "Feature",
      "id": "485f5ea8-1503-4b1c-815d-4adebbd66e7b",
      "geometry": {
        "type": "Polygon",
        "coordinates": [
          [
            [
              25050.0,
              17350.0
            ],
            [
              25469.0,
              17350.0
            ],
            [
              25469.0,
              17848.0
            ],
            [
              25050.0,
              17848.0
            ],
            [
              25050.0,
              17350.0
            ]
          ]
        ]
      },
      "properties": {
        "objectType": "annotation",
        "classification": {
          "name": "A | Moderate to marked mononuclear cell infiltrate",
          "color": [
            21,
            11,
            49
          ]
        },
        "case_key": "2346175",
        "source": "A",
        "orig_class": "Moderate to marked mononuclear cell infiltrate",
        "match": {
          "status": "union_mode",
          "class": "Moderate to marked mononuclear cell infiltrate",
          "area_a": 7222873.0,
          "area_b": 9559596.0,
          "area_intersection": 1737814.0,
          "cas": 0.23824748508500332,
          "oc": 0.24059872020455017,
          "ar": 1.323517110158243
        }
      }
    },
    {
      "type": "Feature",
      "id": "afe51a81-863e-49e0-ad55-fa41f0a5e275",
      "geometry": {
        "type": "Polygon",
        "coordinates": [
          [
            [
              25945.0,
              16505.0
            ],
            [
              26443.0,
              16505.0
            ],
            [
              26443.0,
              16845.0
            ],
            [
              25945.0,
              16845.0
            ],
            [
              25945.0,
              16505.0
            ]
          ]
        ]
      },
      "properties": {
        "objectType": "annotation",
        "classification": {
          "name": "A | Moderate to marked mononuclear cell infiltrate",
          "color": [
            21,
            11,
            49
          ]
        },
        "case_key": "2346175",
        "source": "A",
        "orig_class": "Moderate to marked mononuclear cell infiltrate",
        "match": {
          "status": "union_mode",
          "class": "Moderate to marked mononuclear cell infiltrate",
          "area_a": 7222873.0,
          "area_b": 9559596.0,
          "area_intersection": 1737814.0,
          "cas": 0.23824748508500332,
          "oc": 0.24059872020455017,
          "ar": 1.323517110158243
        }
      }
    },
    {
      "type": "Feature",
      "id": "6cfa5220-8382-4f91-818c-2aeb326f0dd9",
      "geometry": {
        "type": "Polygon",
        "coordinates": [
          [
            [
              26494.0,
              16036.0
            ],
            [
              27266.0,
              16036.0
            ],
            [
              27266.0,
              16296.0
            ],
            [
              26494.0,
              16296.0
            ],
            [
              26494.0,
              16036.0
            ]
          ]
        ]
      },
      "properties": {
        "objectType": "annotation",
        "classification": {
          "name": "A | Moderate to marked mononuclear cell infiltrate",
          "color": [
            21,
            11,
            49
          ]
        },
        "case_key": "2346175",
        "source": "A",
        "orig_class": "Moderate to marked mononuclear cell infiltrate",
        "match": {
          "status": "union_mode",
          "class": "Moderate to marked mononuclear cell infiltrate",
          "area_a": 7222873.0,
          "area_b": 9559596.0,
          "area_intersection": 1737814.0,
          "cas": 0.23824748508500332,
          "oc": 0.24059872020455017,
          "ar": 1.323517110158243
        }
      }
    },
    {
      "type": "Feature",
      "id": "31896df9-4be6-4e09-acf9-87d5304368a8",
      "geometry": {
        "type": "Polygon",
        "coordinates": [
          [
            [
              26176.0,
              17422.0
            ],
            [
              26833.0,
              17422.0
            ],
            [
              26833.0,
              17819.0
            ],
            [
              26176.0,
              17819.0
            ],
            [
              26176.0,
              17422.0
            ]
          ]
        ]
      },
      "properties": {
        "objectType": "annotation",
        "classification": {
          "name": "A | Moderate to marked mononuclear cell infiltrate",
          "color": [
            21,
            11,
            49
          ]
        },
        "case_key": "2346175",
        "source": "A",
        "orig_class": "Moderate to marked mononuclear cell infiltrate",
        "match": {
          "status": "union_mode",
          "class": "Moderate to marked mononuclear cell infiltrate",
          "area_a": 7222873.0,
          "area_b": 9559596.0,
          "area_intersection": 1737814.0,
          "cas": 0.23824748508500332,
          "oc": 0.24059872020455017,
          "ar": 1.323517110158243
        }
      }
    },
    {
      "type": "Feature",
      "id": "8f402c71-c304-45ac-9e5f-41642de193dc",
      "geometry": {
        "type": "Polygon",
        "coordinates": [
          [
            [
              27338.0,
              16426.0
            ],
            [
              27988.0,
              16426.0
            ],
            [
              27988.0,
              17097.0
            ],
            [
              27338.0,
              17097.0
            ],
            [
              27338.0,
              16426.0
            ]
          ]
        ]
      },
      "properties": {
        "objectType": "annotation",
        "classification": {
          "name": "A | Crypt abscess",
          "color": [
            240,
            77,
            141
          ]
        },
        "case_key": "2346175",
        "source": "A",
        "orig_class": "Crypt abscess",
        "match": {
          "status": "union_mode",
          "class": "Crypt abscess",
          "area_a": 436150.0,
          "area_b": 427076.0,
          "area_intersection": 374530.0,
          "cas": 0.8769148978637824,
          "oc": 0.8769633507853403,
          "ar": 1.0212468038475588
        }
      }
    },
    {
      "type": "Feature",
      "id": "2174e51e-7234-4b8d-8f66-6f53be0833b6",
      "geometry": {
        "type": "Polygon",
        "coordinates": [
          [
            [
              27706.0,
              15805.0
            ],
            [
              28045.0,
              15805.0
            ],
            [
              28045.0,
              16152.0
            ],
            [
              27706.0,
              16152.0
            ],
            [
              27706.0,
              15805.0
            ]
          ]
        ]
      },
      "properties": {
        "objectType": "annotation",
        "classification": {
          "name": "A | Moderate to marked mononuclear cell infiltrate",
          "color": [
            21,
            11,
            49
          ]
        },
        "case_key": "2346175",
        "source": "A",
        "orig_class": "Moderate to marked mononuclear cell infiltrate",
        "match": {
          "status": "union_mode",
          "class": "Moderate to marked mononuclear cell infiltrate",
          "area_a": 7222873.0,
          "area_b": 9559596.0,
          "area_intersection": 1737814.0,
          "cas": 0.23824748508500332,
          "oc": 0.24059872020455017,
          "ar": 1.323517110158243
        }
      }
    },
    {
      "type": "Feature",
      "id": "3d84678c-98e1-4f42-a61b-9083ec547299",
      "geometry": {
        "type": "Polygon",
        "coordinates": [
          [
            [
              29778.0,
              17458.0
            ],
            [
              30723.0,
              17458.0
            ],
            [
              30723.0,
              18353.0
            ],
            [
              29778.0,
              18353.0
            ],
            [
              29778.0,
              17458.0
            ]
          ]
        ]
      },
      "properties": {
        "objectType": "annotation",
        "classification": {
          "name": "A | Moderate to marked mononuclear cell infiltrate",
          "color": [
            21,
            11,
            49
          ]
        },
        "case_key": "2346175",
        "source": "A",
        "orig_class": "Moderate to marked mononuclear cell infiltrate",
        "match": {
          "status": "union_mode",
          "class": "Moderate to marked mononuclear cell infiltrate",
          "area_a": 7222873.0,
          "area_b": 9559596.0,
          "area_intersection": 1737814.0,
          "cas": 0.23824748508500332,
          "oc": 0.24059872020455017,
          "ar": 1.323517110158243
        }
      }
    },
    {
      "type": "Feature",
      "id": "4fe3b1e4-c83d-4c29-b867-f853ed088466",
      "geometry": {
        "type": "Polygon",
        "coordinates": [
          [
            [
              29114.0,
              16065.0
            ],
            [
              29366.0,
              16065.0
            ],
            [
              29366.0,
              16433.0
            ],
            [
              29114.0,
              16433.0
            ],
            [
              29114.0,
              16065.0
            ]
          ]
        ]
      },
      "properties": {
        "objectType": "annotation",
        "classification": {
          "name": "A | Moderate to marked mononuclear cell infiltrate",
          "color": [
            21,
            11,
            49
          ]
        },
        "case_key": "2346175",
        "source": "A",
        "orig_class": "Moderate to marked mononuclear cell infiltrate",
        "match": {
          "status": "union_mode",
          "class": "Moderate to marked mononuclear cell infiltrate",
          "area_a": 7222873.0,
          "area_b": 9559596.0,
          "area_intersection": 1737814.0,
          "cas": 0.23824748508500332,
          "oc": 0.24059872020455017,
          "ar": 1.323517110158243
        }
      }
    },
    {
      "type": "Feature",
      "id": "ee9bb0e2-e436-4086-99fd-c3c461290066",
      "geometry": {
        "type": "Polygon",
        "coordinates": [
          [
            [
              30882.0,
              18317.0
            ],
            [
              31438.0,
              18317.0
            ],
            [
              31438.0,
              18923.0
            ],
            [
              30882.0,
              18923.0
            ],
            [
              30882.0,
              18317.0
            ]
          ]
        ]
      },
      "properties": {
        "objectType": "annotation",
        "classification": {
          "name": "A | Moderate to marked mononuclear cell infiltrate",
          "color": [
            21,
            11,
            49
          ]
        },
        "case_key": "2346175",
        "source": "A",
        "orig_class": "Moderate to marked mononuclear cell infiltrate",
        "match": {
          "status": "union_mode",
          "class": "Moderate to marked mononuclear cell infiltrate",
          "area_a": 7222873.0,
          "area_b": 9559596.0,
          "area_intersection": 1737814.0,
          "cas": 0.23824748508500332,
          "oc": 0.24059872020455017,
          "ar": 1.323517110158243
        }
      }
    },
    {
      "type": "Feature",
      "id": "221b91bd-0abb-4707-ba4e-e7a2e86bcf85",
      "geometry": {
        "type": "Polygon",
        "coordinates": [
          [
            [
              30225.0,
              22648.0
            ],
            [
              30579.0,
              22648.0
            ],
            [
              30579.0,
              23225.0
            ],
            [
              30225.0,
              23225.0
            ],
            [
              30225.0,
              22648.0
            ]
          ]
        ]
      },
      "properties": {
        "objectType": "annotation",
        "classification": {
          "name": "A | Moderate to marked mononuclear cell infiltrate",
          "color": [
            21,
            11,
            49
          ]
        },
        "case_key": "2346175",
        "source": "A",
        "orig_class": "Moderate to marked mononuclear cell infiltrate",
        "match": {
          "status": "union_mode",
          "class": "Moderate to marked mononuclear cell infiltrate",
          "area_a": 7222873.0,
          "area_b": 9559596.0,
          "area_intersection": 1737814.0,
          "cas": 0.23824748508500332,
          "oc": 0.24059872020455017,
          "ar": 1.323517110158243
        }
      }
    },
    {
      "type": "Feature",
      "id": "b0faed99-65c7-404f-9dc7-49ad5f0e44ae",
      "geometry": {
        "type": "Polygon",
        "coordinates": [
          [
            [
              31726.0,
              20937.0
            ],
            [
              31972.0,
              20937.0
            ],
            [
              31972.0,
              21276.0
            ],
            [
              31726.0,
              21276.0
            ],
            [
              31726.0,
              20937.0
            ]
          ]
        ]
      },
      "properties": {
        "objectType": "annotation",
        "classification": {
          "name": "A | Moderate to marked mononuclear cell infiltrate",
          "color": [
            21,
            11,
            49
          ]
        },
        "case_key": "2346175",
        "source": "A",
        "orig_class": "Moderate to marked mononuclear cell infiltrate",
        "match": {
          "status": "union_mode",
          "class": "Moderate to marked mononuclear cell infiltrate",
          "area_a": 7222873.0,
          "area_b": 9559596.0,
          "area_intersection": 1737814.0,
          "cas": 0.23824748508500332,
          "oc": 0.24059872020455017,
          "ar": 1.323517110158243
        }
      }
    },
    {
      "type": "Feature",
      "id": "6868d303-8c17-4098-928e-824ede2aa982",
      "geometry": {
        "type": "Polygon",
        "coordinates": [
          [
            [
              31322.0,
              23507.0
            ],
            [
              31835.0,
              23507.0
            ],
            [
              31835.0,
              23947.0
            ],
            [
              31322.0,
              23947.0
            ],
            [
              31322.0,
              23507.0
            ]
          ]
        ]
      },
      "properties": {
        "objectType": "annotation",
        "classification": {
          "name": "A | No/ mild mononuclear cell infiltrate",
          "color": [
            185,
            185,
            116
          ]
        },
        "case_key": "2346175",
        "source": "A",
        "orig_class": "No/ mild mononuclear cell infiltrate",
        "match": {
          "status": "union_mode",
          "class": "No/ mild mononuclear cell infiltrate",
          "area_a": 3146452.0,
          "area_b": 0.0,
          "area_intersection": 0.0,
          "cas": 0.0,
          "oc": 0.0,
          "ar": Infinity
        }
      }
    },
    {
      "type": "Feature",
      "id": "05edbb8a-1586-4959-9877-4608e15e1157",
      "geometry": {
        "type": "Polygon",
        "coordinates": [
          [
            [
              32585.0,
              22265.0
            ],
            [
              33076.0,
              22265.0
            ],
            [
              33076.0,
              22669.0
            ],
            [
              32585.0,
              22669.0
            ],
            [
              32585.0,
              22265.0
            ]
          ]
        ]
      },
      "properties": {
        "objectType": "annotation",
        "classification": {
          "name": "A | No/ mild mononuclear cell infiltrate",
          "color": [
            185,
            185,
            116
          ]
        },
        "case_key": "2346175",
        "source": "A",
        "orig_class": "No/ mild mononuclear cell infiltrate",
        "match": {
          "status": "union_mode",
          "class": "No/ mild mononuclear cell infiltrate",
          "area_a": 3146452.0,
          "area_b": 0.0,
          "area_intersection": 0.0,
          "cas": 0.0,
          "oc": 0.0,
          "ar": Infinity
        }
      }
    },
    {
      "type": "Feature",
      "id": "b02e468b-e4ee-41fd-9551-ec059e089368",
      "geometry": {
        "type": "Polygon",
        "coordinates": [
          [
            [
              33141.0,
              20699.0
            ],
            [
              33466.0,
              20699.0
            ],
            [
              33466.0,
              21089.0
            ],
            [
              33141.0,
              21089.0
            ],
            [
              33141.0,
              20699.0
            ]
          ]
        ]
      },
      "properties": {
        "objectType": "annotation",
        "classification": {
          "name": "A | No/ mild mononuclear cell infiltrate",
          "color": [
            185,
            185,
            116
          ]
        },
        "case_key": "2346175",
        "source": "A",
        "orig_class": "No/ mild mononuclear cell infiltrate",
        "match": {
          "status": "union_mode",
          "class": "No/ mild mononuclear cell infiltrate",
          "area_a": 3146452.0,
          "area_b": 0.0,
          "area_intersection": 0.0,
          "cas": 0.0,
          "oc": 0.0,
          "ar": Infinity
        }
      }
    },
    {
      "type": "Feature",
      "id": "d953654a-fb48-4e1f-ac9b-a998bded4ea8",
      "geometry": {
        "type": "Polygon",
        "coordinates": [
          [
            [
              31921.0,
              22554.0
            ],
            [
              32463.0,
              22554.0
            ],
            [
              32463.0,
              22951.0
            ],
            [
              31921.0,
              22951.0
            ],
            [
              31921.0,
              22554.0
            ]
          ]
        ]
      },
      "properties": {
        "objectType": "annotation",
        "classification": {
          "name": "A | No/ mild mononuclear cell infiltrate",
          "color": [
            185,
            185,
            116
          ]
        },
        "case_key": "2346175",
        "source": "A",
        "orig_class": "No/ mild mononuclear cell infiltrate",
        "match": {
          "status": "union_mode",
          "class": "No/ mild mononuclear cell infiltrate",
          "area_a": 3146452.0,
          "area_b": 0.0,
          "area_intersection": 0.0,
          "cas": 0.0,
          "oc": 0.0,
          "ar": Infinity
        }
      }
    },
    {
      "type": "Feature",
      "id": "372a6837-936b-4951-91d4-39a5105131ec",
      "geometry": {
        "type": "Polygon",
        "coordinates": [
          [
            [
              33047.0,
              21450.0
            ],
            [
              33632.0,
              21450.0
            ],
            [
              33632.0,
              22063.0
            ],
            [
              33047.0,
              22063.0
            ],
            [
              33047.0,
              21450.0
            ]
          ]
        ]
      },
      "properties": {
        "objectType": "annotation",
        "classification": {
          "name": "A | Moderate to marked mononuclear cell infiltrate",
          "color": [
            21,
            11,
            49
          ]
        },
        "case_key": "2346175",
        "source": "A",
        "orig_class": "Moderate to marked mononuclear cell infiltrate",
        "match": {
          "status": "union_mode",
          "class": "Moderate to marked mononuclear cell infiltrate",
          "area_a": 7222873.0,
          "area_b": 9559596.0,
          "area_intersection": 1737814.0,
          "cas": 0.23824748508500332,
          "oc": 0.24059872020455017,
          "ar": 1.323517110158243
        }
      }
    },
    {
      "type": "Feature",
      "id": "b39920e1-152a-4f8d-bfde-f521b35f8ec5",
      "geometry": {
        "type": "Polygon",
        "coordinates": [
          [
            [
              28868.0,
              28350.0
            ],
            [
              29359.0,
              28350.0
            ],
            [
              29359.0,
              29252.0
            ],
            [
              28868.0,
              29252.0
            ],
            [
              28868.0,
              28350.0
            ]
          ]
        ]
      },
      "properties": {
        "objectType": "annotation",
        "classification": {
          "name": "A | Moderate to marked mononuclear cell infiltrate",
          "color": [
            21,
            11,
            49
          ]
        },
        "case_key": "2346175",
        "source": "A",
        "orig_class": "Moderate to marked mononuclear cell infiltrate",
        "match": {
          "status": "union_mode",
          "class": "Moderate to marked mononuclear cell infiltrate",
          "area_a": 7222873.0,
          "area_b": 9559596.0,
          "area_intersection": 1737814.0,
          "cas": 0.23824748508500332,
          "oc": 0.24059872020455017,
          "ar": 1.323517110158243
        }
      }
    },
    {
      "type": "Feature",
      "id": "f08effc3-add8-4781-8de7-abf51eb9226e",
      "geometry": {
        "type": "Polygon",
        "coordinates": [
          [
            [
              30774.0,
              26956.0
            ],
            [
              31337.0,
              26956.0
            ],
            [
              31337.0,
              27476.0
            ],
            [
              30774.0,
              27476.0
            ],
            [
              30774.0,
              26956.0
            ]
          ]
        ]
      },
      "properties": {
        "objectType": "annotation",
        "classification": {
          "name": "A | No/ mild mononuclear cell infiltrate",
          "color": [
            185,
            185,
            116
          ]
        },
        "case_key": "2346175",
        "source": "A",
        "orig_class": "No/ mild mononuclear cell infiltrate",
        "match": {
          "status": "union_mode",
          "class": "No/ mild mononuclear cell infiltrate",
          "area_a": 3146452.0,
          "area_b": 0.0,
          "area_intersection": 0.0,
          "cas": 0.0,
          "oc": 0.0,
          "ar": Infinity
        }
      }
    },
    {
      "type": "Feature",
      "id": "df5fc5dc-81f2-4787-a449-2e48020e8f5c",
      "geometry": {
        "type": "Polygon",
        "coordinates": [
          [
            [
              30521.0,
              27599.0
            ],
            [
              30954.0,
              27599.0
            ],
            [
              30954.0,
              28054.0
            ],
            [
              30521.0,
              28054.0
            ],
            [
              30521.0,
              27599.0
            ]
          ]
        ]
      },
      "properties": {
        "objectType": "annotation",
        "classification": {
          "name": "A | No/ mild mononuclear cell infiltrate",
          "color": [
            185,
            185,
            116
          ]
        },
        "case_key": "2346175",
        "source": "A",
        "orig_class": "No/ mild mononuclear cell infiltrate",
        "match": {
          "status": "union_mode",
          "class": "No/ mild mononuclear cell infiltrate",
          "area_a": 3146452.0,
          "area_b": 0.0,
          "area_intersection": 0.0,
          "cas": 0.0,
          "oc": 0.0,
          "ar": Infinity
        }
      }
    },
    {
      "type": "Feature",
      "id": "38606a69-f37a-414f-a5dd-14f11167f8bd",
      "geometry": {
        "type": "Polygon",
        "coordinates": [
          [
            [
              30283.0,
              28018.0
            ],
            [
              30572.0,
              28018.0
            ],
            [
              30572.0,
              28530.0
            ],
            [
              30283.0,
              28530.0
            ],
            [
              30283.0,
              28018.0
            ]
          ]
        ]
      },
      "properties": {
        "objectType": "annotation",
        "classification": {
          "name": "A | No/ mild mononuclear cell infiltrate",
          "color": [
            185,
            185,
            116
          ]
        },
        "case_key": "2346175",
        "source": "A",
        "orig_class": "No/ mild mononuclear cell infiltrate",
        "match": {
          "status": "union_mode",
          "class": "No/ mild mononuclear cell infiltrate",
          "area_a": 3146452.0,
          "area_b": 0.0,
          "area_intersection": 0.0,
          "cas": 0.0,
          "oc": 0.0,
          "ar": Infinity
        }
      }
    },
    {
      "type": "Feature",
      "id": "423f15b8-04ac-4985-a82c-ff38e877695c",
      "geometry": {
        "type": "Polygon",
        "coordinates": [
          [
            [
              30478.0,
              26906.0
            ],
            [
              30759.0,
              26906.0
            ],
            [
              30759.0,
              27383.0
            ],
            [
              30478.0,
              27383.0
            ],
            [
              30478.0,
              26906.0
            ]
          ]
        ]
      },
      "properties": {
        "objectType": "annotation",
        "classification": {
          "name": "A | Moderate to marked mononuclear cell infiltrate",
          "color": [
            21,
            11,
            49
          ]
        },
        "case_key": "2346175",
        "source": "A",
        "orig_class": "Moderate to marked mononuclear cell infiltrate",
        "match": {
          "status": "union_mode",
          "class": "Moderate to marked mononuclear cell infiltrate",
          "area_a": 7222873.0,
          "area_b": 9559596.0,
          "area_intersection": 1737814.0,
          "cas": 0.23824748508500332,
          "oc": 0.24059872020455017,
          "ar": 1.323517110158243
        }
      }
    },
    {
      "type": "Feature",
      "id": "a425ee36-da65-43fa-ada4-e409650c75f3",
      "geometry": {
        "type": "Polygon",
        "coordinates": [
          [
            [
              31127.0,
              25513.0
            ],
            [
              31625.0,
              25513.0
            ],
            [
              31625.0,
              25968.0
            ],
            [
              31127.0,
              25968.0
            ],
            [
              31127.0,
              25513.0
            ]
          ]
        ]
      },
      "properties": {
        "objectType": "annotation",
        "classification": {
          "name": "A | Moderate to marked mononuclear cell infiltrate",
          "color": [
            21,
            11,
            49
          ]
        },
        "case_key": "2346175",
        "source": "A",
        "orig_class": "Moderate to marked mononuclear cell infiltrate",
        "match": {
          "status": "union_mode",
          "class": "Moderate to marked mononuclear cell infiltrate",
          "area_a": 7222873.0,
          "area_b": 9559596.0,
          "area_intersection": 1737814.0,
          "cas": 0.23824748508500332,
          "oc": 0.24059872020455017,
          "ar": 1.323517110158243
        }
      }
    },
    {
      "type": "Feature",
      "id": "e8b2344d-f992-405f-99b6-a188892dfb2f",
      "geometry": {
        "type": "Polygon",
        "coordinates": [
          [
            [
              30536.0,
              25008.0
            ],
            [
              30882.0,
              25008.0
            ],
            [
              30882.0,
              25326.0
            ],
            [
              30536.0,
              25326.0
            ],
            [
              30536.0,
              25008.0
            ]
          ]
        ]
      },
      "properties": {
        "objectType": "annotation",
        "classification": {
          "name": "A | Moderate to marked mononuclear cell infiltrate",
          "color": [
            21,
            11,
            49
          ]
        },
        "case_key": "2346175",
        "source": "A",
        "orig_class": "Moderate to marked mononuclear cell infiltrate",
        "match": {
          "status": "union_mode",
          "class": "Moderate to marked mononuclear cell infiltrate",
          "area_a": 7222873.0,
          "area_b": 9559596.0,
          "area_intersection": 1737814.0,
          "cas": 0.23824748508500332,
          "oc": 0.24059872020455017,
          "ar": 1.323517110158243
        }
      }
    },
    {
      "type": "Feature",
      "id": "ca613e0e-6cb8-4dea-8d86-87836fa967ad",
      "geometry": {
        "type": "Polygon",
        "coordinates": [
          [
            [
              27013.0,
              31461.0
            ],
            [
              27937.0,
              31461.0
            ],
            [
              27937.0,
              32313.0
            ],
            [
              27013.0,
              32313.0
            ],
            [
              27013.0,
              31461.0
            ]
          ]
        ]
      },
      "properties": {
        "objectType": "annotation",
        "classification": {
          "name": "A | Basal lymphoid aggregates",
          "color": [
            0,
            0,
            255
          ]
        },
        "case_key": "2346175",
        "source": "A",
        "orig_class": "Basal lymphoid aggregates",
        "match": {
          "status": "union_mode",
          "class": "Basal lymphoid aggregates",
          "area_a": 8508535.0,
          "area_b": 3143919.0,
          "area_intersection": 2591187.0,
          "cas": 0.7281440525480093,
          "oc": 0.8241901270357156,
          "ar": 2.7063467602059723
        }
      }
    },
    {
      "type": "Feature",
      "id": "9c4a3b5f-764f-4dac-be6f-26490aebc1aa",
      "geometry": {
        "type": "Polygon",
        "coordinates": [
          [
            [
              26414.0,
              27888.0
            ],
            [
              26753.0,
              27888.0
            ],
            [
              26753.0,
              28292.0
            ],
            [
              26414.0,
              28292.0
            ],
            [
              26414.0,
              27888.0
            ]
          ]
        ]
      },
      "properties": {
        "objectType": "annotation",
        "classification": {
          "name": "A | No/ mild mononuclear cell infiltrate",
          "color": [
            185,
            185,
            116
          ]
        },
        "case_key": "2346175",
        "source": "A",
        "orig_class": "No/ mild mononuclear cell infiltrate",
        "match": {
          "status": "union_mode",
          "class": "No/ mild mononuclear cell infiltrate",
          "area_a": 3146452.0,
          "area_b": 0.0,
          "area_intersection": 0.0,
          "cas": 0.0,
          "oc": 0.0,
          "ar": Infinity
        }
      }
    },
    {
      "type": "Feature",
      "id": "b79b1155-a504-463a-ac4c-4cd6c436e056",
      "geometry": {
        "type": "Polygon",
        "coordinates": [
          [
            [
              28510.0,
              24547.0
            ],
            [
              32334.0,
              24547.0
            ],
            [
              32334.0,
              29651.0
            ],
            [
              28510.0,
              29651.0
            ],
            [
              28510.0,
              24547.0
            ]
          ]
        ]
      },
      "properties": {
        "objectType": "annotation",
        "classification": {
          "name": "A | Marked (>50%) crypt distortion",
          "color": [
            0,
            51,
            0
          ]
        },
        "case_key": "2346175",
        "source": "A",
        "orig_class": "Marked (>50%) crypt distortion",
        "match": {
          "status": "union_mode",
          "class": "Marked (>50%) crypt distortion",
          "area_a": 140751616.0,
          "area_b": 0.0,
          "area_intersection": 0.0,
          "cas": 0.0,
          "oc": 0.0,
          "ar": Infinity
        }
      }
    },
    {
      "type": "Feature",
      "id": "1807f1b2-2b98-4188-a199-474f522b6fd8",
      "geometry": {
        "type": "Polygon",
        "coordinates": [
          [
            [
              26366.0,
              15219.0
            ],
            [
              31966.0,
              15219.0
            ],
            [
              31966.0,
              19811.0
            ],
            [
              26366.0,
              19811.0
            ],
            [
              26366.0,
              15219.0
            ]
          ]
        ]
      },
      "properties": {
        "objectType": "annotation",
        "classification": {
          "name": "A | Marked (>50%) crypt distortion",
          "color": [
            0,
            51,
            0
          ]
        },
        "case_key": "2346175",
        "source": "A",
        "orig_class": "Marked (>50%) crypt distortion",
        "match": {
          "status": "union_mode",
          "class": "Marked (>50%) crypt distortion",
          "area_a": 140751616.0,
          "area_b": 0.0,
          "area_intersection": 0.0,
          "cas": 0.0,
          "oc": 0.0,
          "ar": Infinity
        }
      }
    },
    {
      "type": "Feature",
      "id": "d5bc9559-e2eb-40ce-a092-2c3ca913105a",
      "geometry": {
        "type": "Polygon",
        "coordinates": [
          [
            [
              22846.0,
              17059.0
            ],
            [
              26382.0,
              17059.0
            ],
            [
              26382.0,
              22851.0
            ],
            [
              22846.0,
              22851.0
            ],
            [
              22846.0,
              17059.0
            ]
          ]
        ]
      },
      "properties": {
        "objectType": "annotation",
        "classification": {
          "name": "A | Marked (>50%) crypt distortion",
          "color": [
            0,
            51,
            0
          ]
        },
        "case_key": "2346175",
        "source": "A",
        "orig_class": "Marked (>50%) crypt distortion",
        "match": {
          "status": "union_mode",
          "class": "Marked (>50%) crypt distortion",
          "area_a": 140751616.0,
          "area_b": 0.0,
          "area_intersection": 0.0,
          "cas": 0.0,
          "oc": 0.0,
          "ar": Infinity
        }
      }
    },
    {
      "type": "Feature",
      "id": "3363da4c-3844-48bc-a4c2-3a4c37c5d382",
      "geometry": {
        "type": "Polygon",
        "coordinates": [
          [
            [
              20158.0,
              24707.0
            ],
            [
              24542.0,
              24707.0
            ],
            [
              24542.0,
              27251.0
            ],
            [
              20158.0,
              27251.0
            ],
            [
              20158.0,
              24707.0
            ]
          ]
        ]
      },
      "properties": {
        "objectType": "annotation",
        "classification": {
          "name": "A | Marked (>50%) crypt distortion",
          "color": [
            0,
            51,
            0
          ]
        },
        "case_key": "2346175",
        "source": "A",
        "orig_class": "Marked (>50%) crypt distortion",
        "match": {
          "status": "union_mode",
          "class": "Marked (>50%) crypt distortion",
          "area_a": 140751616.0,
          "area_b": 0.0,
          "area_intersection": 0.0,
          "cas": 0.0,
          "oc": 0.0,
          "ar": Infinity
        }
      }
    },
    {
      "type": "Feature",
      "id": "72e8aa31-cff5-4ebf-8fef-4f7b2f12569b",
      "geometry": {
        "type": "Polygon",
        "coordinates": [
          [
            [
              24814.0,
              20659.0
            ],
            [
              28494.0,
              20659.0
            ],
            [
              28494.0,
              26627.0
            ],
            [
              24814.0,
              26627.0
            ],
            [
              24814.0,
              20659.0
            ]
          ]
        ]
      },
      "properties": {
        "objectType": "annotation",
        "classification": {
          "name": "A | Marked (>50%) crypt distortion",
          "color": [
            0,
            51,
            0
          ]
        },
        "case_key": "2346175",
        "source": "A",
        "orig_class": "Marked (>50%) crypt distortion",
        "match": {
          "status": "union_mode",
          "class": "Marked (>50%) crypt distortion",
          "area_a": 140751616.0,
          "area_b": 0.0,
          "area_intersection": 0.0,
          "cas": 0.0,
          "oc": 0.0,
          "ar": Infinity
        }
      }
    },
    {
      "type": "Feature",
      "id": "7a0f0f0e-599a-4f4f-87bb-34bee985b9e4",
      "geometry": {
        "type": "Polygon",
        "coordinates": [
          [
            [
              24830.0,
              26867.0
            ],
            [
              28910.0,
              26867.0
            ],
            [
              28910.0,
              32147.0
            ],
            [
              24830.0,
              32147.0
            ],
            [
              24830.0,
              26867.0
            ]
          ]
        ]
      },
      "properties": {
        "objectType": "annotation",
        "classification": {
          "name": "A | Marked (>50%) crypt distortion",
          "color": [
            0,
            51,
            0
          ]
        },
        "case_key": "2346175",
        "source": "A",
        "orig_class": "Marked (>50%) crypt distortion",
        "match": {
          "status": "union_mode",
          "class": "Marked (>50%) crypt distortion",
          "area_a": 140751616.0,
          "area_b": 0.0,
          "area_intersection": 0.0,
          "cas": 0.0,
          "oc": 0.0,
          "ar": Infinity
        }
      }
    },
    {
      "type": "Feature",
      "id": "0b234f83-5f4f-402b-97ae-2c563e57021a",
      "geometry": {
        "type": "Polygon",
        "coordinates": [
          [
            [
              30286.0,
              18307.0
            ],
            [
              34606.0,
              18307.0
            ],
            [
              34606.0,
              24787.0
            ],
            [
              30286.0,
              24787.0
            ],
            [
              30286.0,
              18307.0
            ]
          ]
        ]
      },
      "properties": {
        "objectType": "annotation",
        "classification": {
          "name": "A | Marked (>50%) crypt distortion",
          "color": [
            0,
            51,
            0
          ]
        },
        "case_key": "2346175",
        "source": "A",
        "orig_class": "Marked (>50%) crypt distortion",
        "match": {
          "status": "union_mode",
          "class": "Marked (>50%) crypt distortion",
          "area_a": 140751616.0,
          "area_b": 0.0,
          "area_intersection": 0.0,
          "cas": 0.0,
          "oc": 0.0,
          "ar": Infinity
        }
      }
    },
    {
      "type": "Feature",
      "id": "0ab3ba1a-d6ea-452b-aafc-15a1663ac85b",
      "geometry": {
        "type": "Polygon",
        "coordinates": [
          [
            [
              21381.0,
              26286.0
            ],
            [
              21381.0,
              26898.0
            ],
            [
              22394.0,
              26898.0
            ],
            [
              22394.0,
              26286.0
            ],
            [
              21381.0,
              26286.0
            ]
          ]
        ]
      },
      "properties": {
        "objectType": "annotation",
        "classification": {
          "name": "B | Ulcer/ erosion",
          "color": [
            255,
            0,
            0
          ]
        },
        "isLocked": true,
        "case_key": "2346175",
        "source": "B",
        "orig_class": "Ulcer/ erosion",
        "match": {
          "status": "union_mode",
          "class": "Ulcer/ erosion",
          "area_a": 1167568.0,
          "area_b": 784732.0,
          "area_intersection": 96256.0,
          "cas": 0.12026406239569136,
          "oc": 0.12266098489675456,
          "ar": 1.4878557265410357
        }
      }
    },
    {
      "type": "Feature",
      "id": "7c40bdb8-87bf-4016-8956-34023db5ef55",
      "geometry": {
        "type": "Polygon",
        "coordinates": [
          [
            [
              27750.0,
              25023.0
            ],
            [
              27750.0,
              25290.0
            ],
            [
              28004.0,
              25290.0
            ],
            [
              28004.0,
              25023.0
            ],
            [
              27750.0,
              25023.0
            ]
          ]
        ]
      },
      "properties": {
        "objectType": "annotation",
        "classification": {
          "name": "B | Ulcer/ erosion",
          "color": [
            255,
            0,
            0
          ]
        },
        "isLocked": true,
        "case_key": "2346175",
        "source": "B",
        "orig_class": "Ulcer/ erosion",
        "match": {
          "status": "union_mode",
          "class": "Ulcer/ erosion",
          "area_a": 1167568.0,
          "area_b": 784732.0,
          "area_intersection": 96256.0,
          "cas": 0.12026406239569136,
          "oc": 0.12266098489675456,
          "ar": 1.4878557265410357
        }
      }
    },
    {
      "type": "Feature",
      "id": "ca4287f5-2ea8-4532-9152-23749bdc2b33",
      "geometry": {
        "type": "Polygon",
        "coordinates": [
          [
            [
              30071.0,
              16180.0
            ],
            [
              30071.0,
              16464.0
            ],
            [
              30305.0,
              16464.0
            ],
            [
              30305.0,
              16180.0
            ],
            [
              30071.0,
              16180.0
            ]
          ]
        ]
      },
      "properties": {
        "objectType": "annotation",
        "classification": {
          "name": "B | Ulcer/ erosion",
          "color": [
            255,
            0,
            0
          ]
        },
        "isLocked": true,
        "case_key": "2346175",
        "source": "B",
        "orig_class": "Ulcer/ erosion",
        "match": {
          "status": "union_mode",
          "class": "Ulcer/ erosion",
          "area_a": 1167568.0,
          "area_b": 784732.0,
          "area_intersection": 96256.0,
          "cas": 0.12026406239569136,
          "oc": 0.12266098489675456,
          "ar": 1.4878557265410357
        }
      }
    },
    {
      "type": "Feature",
      "id": "bc0875da-8d54-4473-bb0a-da30f5d00fae",
      "geometry": {
        "type": "Polygon",
        "coordinates": [
          [
            [
              27394.0,
              15302.0
            ],
            [
              27394.0,
              15453.0
            ],
            [
              27596.0,
              15453.0
            ],
            [
              27596.0,
              15302.0
            ],
            [
              27394.0,
              15302.0
            ]
          ]
        ]
      },
      "properties": {
        "objectType": "annotation",
        "classification": {
          "name": "B | Ulcer/ erosion",
          "color": [
            255,
            0,
            0
          ]
        },
        "isLocked": true,
        "case_key": "2346175",
        "source": "B",
        "orig_class": "Ulcer/ erosion",
        "match": {
          "status": "union_mode",
          "class": "Ulcer/ erosion",
          "area_a": 1167568.0,
          "area_b": 784732.0,
          "area_intersection": 96256.0,
          "cas": 0.12026406239569136,
          "oc": 0.12266098489675456,
          "ar": 1.4878557265410357
        }
      }
    },
    {
      "type": "Feature",
      "id": "c7041819-b97e-449f-ad3b-bb6a3ab11150",
      "geometry": {
        "type": "Polygon",
        "coordinates": [
          [
            [
              27724.0,
              15729.0
            ],
            [
              27724.0,
              16169.0
            ],
            [
              28089.0,
              16169.0
            ],
            [
              28089.0,
              15729.0
            ],
            [
              27724.0,
              15729.0
            ]
          ]
        ]
      },
      "properties": {
        "objectType": "annotation",
        "classification": {
          "name": "B | Basal Plasmacytosis",
          "color": [
            202,
            65,
            86
          ]
        },
        "isLocked": true,
        "case_key": "2346175",
        "source": "B",
        "orig_class": "Basal Plasmacytosis",
        "match": {
          "status": "union_mode",
          "class": "Basal Plasmacytosis",
          "area_a": 3730007.0,
          "area_b": 1326370.0,
          "area_intersection": 0.0,
          "cas": 0.0,
          "oc": 0.0,
          "ar": 2.812191922314286
        }
      }
    },
    {
      "type": "Feature",
      "id": "b90cf422-c9e2-4501-a83c-4a9163feaae8",
      "geometry": {
        "type": "Polygon",
        "coordinates": [
          [
            [
              28489.0,
              15837.0
            ],
            [
              28489.0,
              16154.0
            ],
            [
              28704.0,
              16154.0
            ],
            [
              28704.0,
              15837.0
            ],
            [
              28489.0,
              15837.0
            ]
          ]
        ]
      },
      "properties": {
        "objectType": "annotation",
        "classification": {
          "name": "B | Basal Plasmacytosis",
          "color": [
            202,
            65,
            86
          ]
        },
        "isLocked": true,
        "case_key": "2346175",
        "source": "B",
        "orig_class": "Basal Plasmacytosis",
        "match": {
          "status": "union_mode",
          "class": "Basal Plasmacytosis",
          "area_a": 3730007.0,
          "area_b": 1326370.0,
          "area_intersection": 0.0,
          "cas": 0.0,
          "oc": 0.0,
          "ar": 2.812191922314286
        }
      }
    },
    {
      "type": "Feature",
      "id": "4310da29-d49c-426d-8644-2ad427d11436",
      "geometry": {
        "type": "Polygon",
        "coordinates": [
          [
            [
              29087.0,
              16047.0
            ],
            [
              29087.0,
              16500.0
            ],
            [
              29491.0,
              16500.0
            ],
            [
              29491.0,
              16047.0
            ],
            [
              29087.0,
              16047.0
            ]
          ]
        ]
      },
      "properties": {
        "objectType": "annotation",
        "classification": {
          "name": "B | Basal Plasmacytosis",
          "color": [
            202,
            65,
            86
          ]
        },
        "isLocked": true,
        "case_key": "2346175",
        "source": "B",
        "orig_class": "Basal Plasmacytosis",
        "match": {
          "status": "union_mode",
          "class": "Basal Plasmacytosis",
          "area_a": 3730007.0,
          "area_b": 1326370.0,
          "area_intersection": 0.0,
          "cas": 0.0,
          "oc": 0.0,
          "ar": 2.812191922314286
        }
      }
    },
    {
      "type": "Feature",
      "id": "5a17f804-3320-45d2-a5ea-3357c55b123a",
      "geometry": {
        "type": "Polygon",
        "coordinates": [
          [
            [
              29601.0,
              17320.0
            ],
            [
              29601.0,
              17826.0
            ],
            [
              30047.0,
              17826.0
            ],
            [
              30047.0,
              17320.0
            ],
            [
              29601.0,
              17320.0
            ]
          ]
        ]
      },
      "properties": {
        "objectType": "annotation",
        "classification": {
          "name": "B | Basal Plasmacytosis",
          "color": [
            202,
            65,
            86
          ]
        },
        "isLocked": true,
        "case_key": "2346175",
        "source": "B",
        "orig_class": "Basal Plasmacytosis",
        "match": {
          "status": "union_mode",
          "class": "Basal Plasmacytosis",
          "area_a": 3730007.0,
          "area_b": 1326370.0,
          "area_intersection": 0.0,
          "cas": 0.0,
          "oc": 0.0,
          "ar": 2.812191922314286
        }
      }
    },
    {
      "type": "Feature",
      "id": "e300ddcc-3d11-4d03-ac59-05669b894207",
      "geometry": {
        "type": "Polygon",
        "coordinates": [
          [
            [
              25553.0,
              30758.0
            ],
            [
              25553.0,
              31882.0
            ],
            [
              26298.0,
              31882.0
            ],
            [
              26298.0,
              30758.0
            ],
            [
              25553.0,
              30758.0
            ]
          ]
        ]
      },
      "properties": {
        "objectType": "annotation",
        "classification": {
          "name": "B | Basal lymphoid aggregates",
          "color": [
            0,
            0,
            255
          ]
        },
        "isLocked": true,
        "case_key": "2346175",
        "source": "B",
        "orig_class": "Basal lymphoid aggregates",
        "match": {
          "status": "union_mode",
          "class": "Basal lymphoid aggregates",
          "area_a": 8508535.0,
          "area_b": 3143919.0,
          "area_intersection": 2591187.0,
          "cas": 0.7281440525480093,
          "oc": 0.8241901270357156,
          "ar": 2.7063467602059723
        }
      }
    },
    {
      "type": "Feature",
      "id": "8dd10a94-d336-4713-bafd-f46caa0e7e8f",
      "geometry": {
        "type": "Polygon",
        "coordinates": [
          [
            [
              26934.0,
              31510.0
            ],
            [
              26934.0,
              32237.0
            ],
            [
              27960.0,
              32237.0
            ],
            [
              27960.0,
              31510.0
            ],
            [
              26934.0,
              31510.0
            ]
          ]
        ]
      },
      "properties": {
        "objectType": "annotation",
        "classification": {
          "name": "B | Basal lymphoid aggregates",
          "color": [
            0,
            0,
            255
          ]
        },
        "isLocked": true,
        "case_key": "2346175",
        "source": "B",
        "orig_class": "Basal lymphoid aggregates",
        "match": {
          "status": "union_mode",
          "class": "Basal lymphoid aggregates",
          "area_a": 8508535.0,
          "area_b": 3143919.0,
          "area_intersection": 2591187.0,
          "cas": 0.7281440525480093,
          "oc": 0.8241901270357156,
          "ar": 2.7063467602059723
        }
      }
    },
    {
      "type": "Feature",
      "id": "26fe9170-d94d-408a-a021-43e04e9f6996",
      "geometry": {
        "type": "Polygon",
        "coordinates": [
          [
            [
              25834.0,
              31981.0
            ],
            [
              25834.0,
              32652.0
            ],
            [
              26906.0,
              32652.0
            ],
            [
              26906.0,
              31981.0
            ],
            [
              25834.0,
              31981.0
            ]
          ]
        ]
      },
      "properties": {
        "objectType": "annotation",
        "classification": {
          "name": "B | Basal lymphoid aggregates",
          "color": [
            0,
            0,
            255
          ]
        },
        "isLocked": true,
        "case_key": "2346175",
        "source": "B",
        "orig_class": "Basal lymphoid aggregates",
        "match": {
          "status": "union_mode",
          "class": "Basal lymphoid aggregates",
          "area_a": 8508535.0,
          "area_b": 3143919.0,
          "area_intersection": 2591187.0,
          "cas": 0.7281440525480093,
          "oc": 0.8241901270357156,
          "ar": 2.7063467602059723
        }
      }
    },
    {
      "type": "Feature",
      "id": "d15525c6-8457-4b7f-9b47-cc553f0184a4",
      "geometry": {
        "type": "Polygon",
        "coordinates": [
          [
            [
              23858.0,
              25436.0
            ],
            [
              23858.0,
              25913.0
            ],
            [
              24421.0,
              25913.0
            ],
            [
              24421.0,
              25436.0
            ],
            [
              23858.0,
              25436.0
            ]
          ]
        ]
      },
      "properties": {
        "objectType": "annotation",
        "classification": {
          "name": "B | Basal lymphoid aggregates",
          "color": [
            0,
            0,
            255
          ]
        },
        "isLocked": true,
        "case_key": "2346175",
        "source": "B",
        "orig_class": "Basal lymphoid aggregates",
        "match": {
          "status": "union_mode",
          "class": "Basal lymphoid aggregates",
          "area_a": 8508535.0,
          "area_b": 3143919.0,
          "area_intersection": 2591187.0,
          "cas": 0.7281440525480093,
          "oc": 0.8241901270357156,
          "ar": 2.7063467602059723
        }
      }
    },
    {
      "type": "Feature",
      "id": "830d6a46-c558-4010-b2e4-e2dfba357f6e",
      "geometry": {
        "type": "Polygon",
        "coordinates": [
          [
            [
              27415.0,
              16427.0
            ],
            [
              27415.0,
              17191.0
            ],
            [
              27974.0,
              17191.0
            ],
            [
              27974.0,
              16427.0
            ],
            [
              27415.0,
              16427.0
            ]
          ]
        ]
      },
      "properties": {
        "objectType": "annotation",
        "classification": {
          "name": "B | Crypt abscess",
          "color": [
            240,
            77,
            141
          ]
        },
        "isLocked": true,
        "case_key": "2346175",
        "source": "B",
        "orig_class": "Crypt abscess",
        "match": {
          "status": "union_mode",
          "class": "Crypt abscess",
          "area_a": 436150.0,
          "area_b": 427076.0,
          "area_intersection": 374530.0,
          "cas": 0.8769148978637824,
          "oc": 0.8769633507853403,
          "ar": 1.0212468038475588
        }
      }
    },
    {
      "type": "Feature",
      "id": "76923189-863a-44f6-8b25-a439a43238b4",
      "geometry": {
        "type": "Polygon",
        "coordinates": [
          [
            [
              26373.0,
              31277.0
            ],
            [
              26373.0,
              31832.0
            ],
            [
              26717.0,
              31832.0
            ],
            [
              26717.0,
              31277.0
            ],
            [
              26373.0,
              31277.0
            ]
          ]
        ]
      },
      "properties": {
        "objectType": "annotation",
        "classification": {
          "name": "B | Basal lymphoid aggregates",
          "color": [
            0,
            0,
            255
          ]
        },
        "isLocked": true,
        "case_key": "2346175",
        "source": "B",
        "orig_class": "Basal lymphoid aggregates",
        "match": {
          "status": "union_mode",
          "class": "Basal lymphoid aggregates",
          "area_a": 8508535.0,
          "area_b": 3143919.0,
          "area_intersection": 2591187.0,
          "cas": 0.7281440525480093,
          "oc": 0.8241901270357156,
          "ar": 2.7063467602059723
        }
      }
    },
    {
      "type": "Feature",
      "id": "d93730bb-2ca6-414f-9ef8-c5eed587d8d2",
      "geometry": {
        "type": "Polygon",
        "coordinates": [
          [
            [
              24358.0,
              30845.0
            ],
            [
              24358.0,
              31219.0
            ],
            [
              25379.0,
              31219.0
            ],
            [
              25379.0,
              30845.0
            ],
            [
              24358.0,
              30845.0
            ]
          ]
        ]
      },
      "properties": {
        "objectType": "annotation",
        "classification": {
          "name": "B | Basal lymphoid aggregates",
          "color": [
            0,
            0,
            255
          ]
        },
        "isLocked": true,
        "case_key": "2346175",
        "source": "B",
        "orig_class": "Basal lymphoid aggregates",
        "match": {
          "status": "union_mode",
          "class": "Basal lymphoid aggregates",
          "area_a": 8508535.0,
          "area_b": 3143919.0,
          "area_intersection": 2591187.0,
          "cas": 0.7281440525480093,
          "oc": 0.8241901270357156,
          "ar": 2.7063467602059723
        }
      }
    },
    {
      "type": "Feature",
      "id": "42c68340-d864-4ad3-84d7-fa1ce7e99938",
      "geometry": {
        "type": "Polygon",
        "coordinates": [
          [
            [
              25049.0,
              17536.0
            ],
            [
              25049.0,
              17775.0
            ],
            [
              25432.0,
              17775.0
            ],
            [
              25432.0,
              17536.0
            ],
            [
              25049.0,
              17536.0
            ]
          ]
        ]
      },
      "properties": {
        "objectType": "annotation",
        "classification": {
          "name": "B | Basal Plasmacytosis",
          "color": [
            202,
            65,
            86
          ]
        },
        "isLocked": true,
        "case_key": "2346175",
        "source": "B",
        "orig_class": "Basal Plasmacytosis",
        "match": {
          "status": "union_mode",
          "class": "Basal Plasmacytosis",
          "area_a": 3730007.0,
          "area_b": 1326370.0,
          "area_intersection": 0.0,
          "cas": 0.0,
          "oc": 0.0,
          "ar": 2.812191922314286
        }
      }
    },
    {
      "type": "Feature",
      "id": "9bbb87b6-3635-4f35-9f1a-3fd43902e785",
      "geometry": {
        "type": "Polygon",
        "coordinates": [
          [
            [
              26328.0,
              17499.0
            ],
            [
              26328.0,
              17939.0
            ],
            [
              27371.0,
              17939.0
            ],
            [
              27371.0,
              17499.0
            ],
            [
              26328.0,
              17499.0
            ]
          ]
        ]
      },
      "properties": {
        "objectType": "annotation",
        "classification": {
          "name": "B | Moderate to marked mononuclear cell infiltrate",
          "color": [
            21,
            11,
            49
          ]
        },
        "isLocked": true,
        "case_key": "2346175",
        "source": "B",
        "orig_class": "Moderate to marked mononuclear cell infiltrate",
        "match": {
          "status": "union_mode",
          "class": "Moderate to marked mononuclear cell infiltrate",
          "area_a": 7222873.0,
          "area_b": 9559596.0,
          "area_intersection": 1737814.0,
          "cas": 0.23824748508500332,
          "oc": 0.24059872020455017,
          "ar": 1.323517110158243
        }
      }
    },
    {
      "type": "Feature",
      "id": "eb60a8a7-70da-470e-bce3-9c77256ae1a0",
      "geometry": {
        "type": "Polygon",
        "coordinates": [
          [
            [
              23871.0,
              29006.0
            ],
            [
              23871.0,
              30432.0
            ],
            [
              25505.0,
              30432.0
            ],
            [
              25505.0,
              29006.0
            ],
            [
              23871.0,
              29006.0
            ]
          ]
        ]
      },
      "properties": {
        "objectType": "annotation",
        "classification": {
          "name": "B | Moderate to marked mononuclear cell infiltrate",
          "color": [
            21,
            11,
            49
          ]
        },
        "isLocked": true,
        "case_key": "2346175",
        "source": "B",
        "orig_class": "Moderate to marked mononuclear cell infiltrate",
        "match": {
          "status": "union_mode",
          "class": "Moderate to marked mononuclear cell infiltrate",
          "area_a": 7222873.0,
          "area_b": 9559596.0,
          "area_intersection": 1737814.0,
          "cas": 0.23824748508500332,
          "oc": 0.24059872020455017,
          "ar": 1.323517110158243
        }
      }
    },
    {
      "type": "Feature",
      "id": "a260bc7f-a9ee-400d-b72a-88d87c4bf184",
      "geometry": {
        "type": "Polygon",
        "coordinates": [
          [
            [
              27624.0,
              30916.0
            ],
            [
              27624.0,
              31223.0
            ],
            [
              28109.0,
              31223.0
            ],
            [
              28109.0,
              30916.0
            ],
            [
              27624.0,
              30916.0
            ]
          ]
        ]
      },
      "properties": {
        "objectType": "annotation",
        "classification": {
          "name": "B | Moderate to marked mononuclear cell infiltrate",
          "color": [
            21,
            11,
            49
          ]
        },
        "isLocked": true,
        "case_key": "2346175",
        "source": "B",
        "orig_class": "Moderate to marked mononuclear cell infiltrate",
        "match": {
          "status": "union_mode",
          "class": "Moderate to marked mononuclear cell infiltrate",
          "area_a": 7222873.0,
          "area_b": 9559596.0,
          "area_intersection": 1737814.0,
          "cas": 0.23824748508500332,
          "oc": 0.24059872020455017,
          "ar": 1.323517110158243
        }
      }
    },
    {
      "type": "Feature",
      "id": "1b211fa3-70a1-4abc-8181-321db1a91d3c",
      "geometry": {
        "type": "Polygon",
        "coordinates": [
          [
            [
              24389.0,
              27881.0
            ],
            [
              24389.0,
              29205.0
            ],
            [
              25766.0,
              29205.0
            ],
            [
              25766.0,
              27881.0
            ],
            [
              24389.0,
              27881.0
            ]
          ]
        ]
      },
      "properties": {
        "objectType": "annotation",
        "classification": {
          "name": "B | Moderate to marked mononuclear cell infiltrate",
          "color": [
            21,
            11,
            49
          ]
        },
        "isLocked": true,
        "case_key": "2346175",
        "source": "B",
        "orig_class": "Moderate to marked mononuclear cell infiltrate",
        "match": {
          "status": "union_mode",
          "class": "Moderate to marked mononuclear cell infiltrate",
          "area_a": 7222873.0,
          "area_b": 9559596.0,
          "area_intersection": 1737814.0,
          "cas": 0.23824748508500332,
          "oc": 0.24059872020455017,
          "ar": 1.323517110158243
        }
      }
    },
    {
      "type": "Feature",
      "id": "e7d491dd-4484-438f-92dc-df652484dea6",
      "geometry": {
        "type": "Polygon",
        "coordinates": [
          [
            [
              21281.0,
              25441.0
            ],
            [
              21281.0,
              26335.0
            ],
            [
              22042.0,
              26335.0
            ],
            [
              22042.0,
              25441.0
            ],
            [
              21281.0,
              25441.0
            ]
          ]
        ]
      },
      "properties": {
        "objectType": "annotation",
        "classification": {
          "name": "B | Moderate to marked mononuclear cell infiltrate",
          "color": [
            21,
            11,
            49
          ]
        },
        "isLocked": true,
        "case_key": "2346175",
        "source": "B",
        "orig_class": "Moderate to marked mononuclear cell infiltrate",
        "match": {
          "status": "union_mode",
          "class": "Moderate to marked mononuclear cell infiltrate",
          "area_a": 7222873.0,
          "area_b": 9559596.0,
          "area_intersection": 1737814.0,
          "cas": 0.23824748508500332,
          "oc": 0.24059872020455017,
          "ar": 1.323517110158243
        }
      }
    },
    {
      "type": "Feature",
      "id": "cfef18c3-5615-4c20-a08b-0183a700129a",
      "geometry": {
        "type": "Polygon",
        "coordinates": [
          [
            [
              23210.0,
              20240.0
            ],
            [
              23210.0,
              20838.0
            ],
            [
              23880.0,
              20838.0
            ],
            [
              23880.0,
              20240.0
            ],
            [
              23210.0,
              20240.0
            ]
          ]
        ]
      },
      "properties": {
        "objectType": "annotation",
        "classification": {
          "name": "B | Moderate to marked mononuclear cell infiltrate",
          "color": [
            21,
            11,
            49
          ]
        },
        "isLocked": true,
        "case_key": "2346175",
        "source": "B",
        "orig_class": "Moderate to marked mononuclear cell infiltrate",
        "match": {
          "status": "union_mode",
          "class": "Moderate to marked mononuclear cell infiltrate",
          "area_a": 7222873.0,
          "area_b": 9559596.0,
          "area_intersection": 1737814.0,
          "cas": 0.23824748508500332,
          "oc": 0.24059872020455017,
          "ar": 1.323517110158243
        }
      }
    },
    {
      "type": "Feature",
      "id": "4397ce42-18e7-4b2a-94a0-996aadd6d81d",
      "geometry": {
        "type": "Polygon",
        "coordinates": [
          [
            [
              27995.0,
              17246.0
            ],
            [
              27995.0,
              18065.0
            ],
            [
              28667.0,
              18065.0
            ],
            [
              28667.0,
              17246.0
            ],
            [
              27995.0,
              17246.0
            ]
          ]
        ]
      },
      "properties": {
        "objectType": "annotation",
        "classification": {
          "name": "B | Moderate to marked mononuclear cell infiltrate",
          "color": [
            21,
            11,
            49
          ]
        },
        "isLocked": true,
        "case_key": "2346175",
        "source": "B",
        "orig_class": "Moderate to marked mononuclear cell infiltrate",
        "match": {
          "status": "union_mode",
          "class": "Moderate to marked mononuclear cell infiltrate",
          "area_a": 7222873.0,
          "area_b": 9559596.0,
          "area_intersection": 1737814.0,
          "cas": 0.23824748508500332,
          "oc": 0.24059872020455017,
          "ar": 1.323517110158243
        }
      }
    },
    {
      "type": "Feature",
      "id": "ed6109ff-25eb-40be-8f11-312460e5ea6c",
      "geometry": {
        "type": "Polygon",
        "coordinates": [
          [
            [
              31880.0,
              22547.0
            ],
            [
              31880.0,
              22967.0
            ],
            [
              32363.0,
              22967.0
            ],
            [
              32363.0,
              22547.0
            ],
            [
              31880.0,
              22547.0
            ]
          ]
        ]
      },
      "properties": {
        "objectType": "annotation",
        "classification": {
          "name": "B | Basal Plasmacytosis",
          "color": [
            202,
            65,
            86
          ]
        },
        "isLocked": true,
        "case_key": "2346175",
        "source": "B",
        "orig_class": "Basal Plasmacytosis",
        "match": {
          "status": "union_mode",
          "class": "Basal Plasmacytosis",
          "area_a": 3730007.0,
          "area_b": 1326370.0,
          "area_intersection": 0.0,
          "cas": 0.0,
          "oc": 0.0,
          "ar": 2.812191922314286
        }
      }
    },
    {
      "type": "Feature",
      "id": "b8b28d7a-f927-442f-8830-e455348a331f",
      "geometry": {
        "type": "Polygon",
        "coordinates": [
          [
            [
              30885.0,
              18235.0
            ],
            [
              30885.0,
              19409.0
            ],
            [
              31497.0,
              19409.0
            ],
            [
              31497.0,
              18235.0
            ],
            [
              30885.0,
              18235.0
            ]
          ]
        ]
      },
      "properties": {
        "objectType": "annotation",
        "classification": {
          "name": "B | Moderate to marked mononuclear cell infiltrate",
          "color": [
            21,
            11,
            49
          ]
        },
        "isLocked": true,
        "case_key": "2346175",
        "source": "B",
        "orig_class": "Moderate to marked mononuclear cell infiltrate",
        "match": {
          "status": "union_mode",
          "class": "Moderate to marked mononuclear cell infiltrate",
          "area_a": 7222873.0,
          "area_b": 9559596.0,
          "area_intersection": 1737814.0,
          "cas": 0.23824748508500332,
          "oc": 0.24059872020455017,
          "ar": 1.323517110158243
        }
      }
    },
    {
      "type": "Feature",
      "id": "bb68b4aa-f30d-4534-82dc-3547640798b6",
      "geometry": {
        "type": "Polygon",
        "coordinates": [
          [
            [
              24771.0,
              20879.0
            ],
            [
              24771.0,
              21576.0
            ],
            [
              25247.0,
              21576.0
            ],
            [
              25247.0,
              20879.0
            ],
            [
              24771.0,
              20879.0
            ]
          ]
        ]
      },
      "properties": {
        "objectType": "annotation",
        "classification": {
          "name": "B | Moderate to marked mononuclear cell infiltrate",
          "color": [
            21,
            11,
            49
          ]
        },
        "isLocked": true,
        "case_key": "2346175",
        "source": "B",
        "orig_class": "Moderate to marked mononuclear cell infiltrate",
        "match": {
          "status": "union_mode",
          "class": "Moderate to marked mononuclear cell infiltrate",
          "area_a": 7222873.0,
          "area_b": 9559596.0,
          "area_intersection": 1737814.0,
          "cas": 0.23824748508500332,
          "oc": 0.24059872020455017,
          "ar": 1.323517110158243
        }
      }
    },
    {
      "type": "Feature",
      "id": "f5e2eedb-4f7b-4036-85ca-48dc69df43dd",
      "geometry": {
        "type": "Polygon",
        "coordinates": [
          [
            [
              27428.0,
              23656.0
            ],
            [
              27428.0,
              23975.0
            ],
            [
              27816.0,
              23975.0
            ],
            [
              27816.0,
              23656.0
            ],
            [
              27428.0,
              23656.0
            ]
          ]
        ]
      },
      "properties": {
        "objectType": "annotation",
        "classification": {
          "name": "B | Basal Plasmacytosis",
          "color": [
            202,
            65,
            86
          ]
        },
        "isLocked": true,
        "case_key": "2346175",
        "source": "B",
        "orig_class": "Basal Plasmacytosis",
        "match": {
          "status": "union_mode",
          "class": "Basal Plasmacytosis",
          "area_a": 3730007.0,
          "area_b": 1326370.0,
          "area_intersection": 0.0,
          "cas": 0.0,
          "oc": 0.0,
          "ar": 2.812191922314286
        }
      }
    },
    {
      "type": "Feature",
      "id": "71a3e5c6-720c-41a3-a286-36f8ee1dc0f0",
      "geometry": {
        "type": "Polygon",
        "coordinates": [
          [
            [
              28952.0,
              28418.0
            ],
            [
              28952.0,
              29130.0
            ],
            [
              29487.0,
              29130.0
            ],
            [
              29487.0,
              28418.0
            ],
            [
              28952.0,
              28418.0
            ]
          ]
        ]
      },
      "properties": {
        "objectType": "annotation",
        "classification": {
          "name": "B | Moderate to marked mononuclear cell infiltrate",
          "color": [
            21,
            11,
            49
          ]
        },
        "isLocked": true,
        "case_key": "2346175",
        "source": "B",
        "orig_class": "Moderate to marked mononuclear cell infiltrate",
        "match": {
          "status": "union_mode",
          "class": "Moderate to marked mononuclear cell infiltrate",
          "area_a": 7222873.0,
          "area_b": 9559596.0,
          "area_intersection": 1737814.0,
          "cas": 0.23824748508500332,
          "oc": 0.24059872020455017,
          "ar": 1.323517110158243
        }
      }
    },
    {
      "type": "Feature",
      "id": "ac142db8-4ea5-42c4-bb7b-321a181df59e",
      "geometry": {
        "type": "Polygon",
        "coordinates": [
          [
            [
              25646.0,
              29509.0
            ],
            [
              25646.0,
              30816.0
            ],
            [
              26678.0,
              30816.0
            ],
            [
              26678.0,
              29509.0
            ],
            [
              25646.0,
              29509.0
            ]
          ]
        ]
      },
      "properties": {
        "objectType": "annotation",
        "classification": {
          "name": "B | Moderate to marked mononuclear cell infiltrate",
          "color": [
            21,
            11,
            49
          ]
        },
        "isLocked": true,
        "case_key": "2346175",
        "source": "B",
        "orig_class": "Moderate to marked mononuclear cell infiltrate",
        "match": {
          "status": "union_mode",
          "class": "Moderate to marked mononuclear cell infiltrate",
          "area_a": 7222873.0,
          "area_b": 9559596.0,
          "area_intersection": 1737814.0,
          "cas": 0.23824748508500332,
          "oc": 0.24059872020455017,
          "ar": 1.323517110158243
        }
      }
    },
    {
      "type": "Feature",
      "id": "9c351ada-b189-4a2b-ba64-1655ab1712e1",
      "geometry": {
        "type": "Polygon",
        "coordinates": [
          [
            [
              23577.0,
              27619.0
            ],
            [
              23577.0,
              31989.0
            ],
            [
              28009.0,
              31989.0
            ],
            [
              28009.0,
              27619.0
            ],
            [
              23577.0,
              27619.0
            ]
          ]
        ]
      },
      "properties": {
        "objectType": "annotation",
        "classification": {
          "name": "B | Focal (<50%) crypt distortion",
          "color": [
            0,
            255,
            0
          ]
        },
        "isLocked": true,
        "case_key": "2346175",
        "source": "B",
        "orig_class": "Focal (<50%) crypt distortion",
        "match": {
          "status": "union_mode",
          "class": "Focal (<50%) crypt distortion",
          "area_a": 0.0,
          "area_b": 76547712.0,
          "area_intersection": 0.0,
          "cas": 0.0,
          "oc": 0.0,
          "ar": Infinity
        }
      }
    },
    {
      "type": "Feature",
      "id": "60b185d4-1116-47d3-91fe-fe188c355e0e",
      "geometry": {
        "type": "Polygon",
        "coordinates": [
          [
            [
              28421.0,
              25367.0
            ],
            [
              28421.0,
              29178.0
            ],
            [
              30793.0,
              29178.0
            ],
            [
              30793.0,
              25367.0
            ],
            [
              28421.0,
              25367.0
            ]
          ]
        ]
      },
      "properties": {
        "objectType": "annotation",
        "classification": {
          "name": "B | Focal (<50%) crypt distortion",
          "color": [
            0,
            255,
            0
          ]
        },
        "isLocked": true,
        "case_key": "2346175",
        "source": "B",
        "orig_class": "Focal (<50%) crypt distortion",
        "match": {
          "status": "union_mode",
          "class": "Focal (<50%) crypt distortion",
          "area_a": 0.0,
          "area_b": 76547712.0,
          "area_intersection": 0.0,
          "cas": 0.0,
          "oc": 0.0,
          "ar": Infinity
        }
      }
    },
    {
      "type": "Feature",
      "id": "b5610063-8e60-4442-8347-c830275cd739",
      "geometry": {
        "type": "Polygon",
        "coordinates": [
          [
            [
              25350.0,
              20870.0
            ],
            [
              25350.0,
              25948.0
            ],
            [
              28102.0,
              25948.0
            ],
            [
              28102.0,
              20870.0
            ],
            [
              25350.0,
              20870.0
            ]
          ]
        ]
      },
      "properties": {
        "objectType": "annotation",
        "classification": {
          "name": "B | Focal (<50%) crypt distortion",
          "color": [
            0,
            255,
            0
          ]
        },
        "isLocked": true,
        "case_key": "2346175",
        "source": "B",
        "orig_class": "Focal (<50%) crypt distortion",
        "match": {
          "status": "union_mode",
          "class": "Focal (<50%) crypt distortion",
          "area_a": 0.0,
          "area_b": 76547712.0,
          "area_intersection": 0.0,
          "cas": 0.0,
          "oc": 0.0,
          "ar": Infinity
        }
      }
    },
    {
      "type": "Feature",
      "id": "5460285b-e572-47f1-b42c-409842f22683",
      "geometry": {
        "type": "Polygon",
        "coordinates": [
          [
            [
              31898.0,
              18795.0
            ],
            [
              31898.0,
              20812.0
            ],
            [
              34359.0,
              20812.0
            ],
            [
              34359.0,
              18795.0
            ],
            [
              31898.0,
              18795.0
            ]
          ]
        ]
      },
      "properties": {
        "objectType": "annotation",
        "classification": {
          "name": "B | Architecture normal",
          "color": [
            0,
            255,
            255
          ]
        },
        "isLocked": true,
        "case_key": "2346175",
        "source": "B",
        "orig_class": "Architecture normal",
        "match": {
          "status": "union_mode",
          "class": "Architecture normal",
          "area_a": 0.0,
          "area_b": 15460771.0,
          "area_intersection": 0.0,
          "cas": 0.0,
          "oc": 0.0,
          "ar": Infinity
        }
      }
    },
    {
      "type": "Feature",
      "id": "25da98c2-64e4-422c-b85e-aee33008fbc8",
      "geometry": {
        "type": "Polygon",
        "coordinates": [
          [
            [
              30363.0,
              20898.0
            ],
            [
              30363.0,
              24076.0
            ],
            [
              33666.0,
              24076.0
            ],
            [
              33666.0,
              20898.0
            ],
            [
              30363.0,
              20898.0
            ]
          ]
        ]
      },
      "properties": {
        "objectType": "annotation",
        "classification": {
          "name": "B | Architecture normal",
          "color": [
            0,
            255,
            255
          ]
        },
        "isLocked": true,
        "case_key": "2346175",
        "source": "B",
        "orig_class": "Architecture normal",
        "match": {
          "status": "union_mode",
          "class": "Architecture normal",
          "area_a": 0.0,
          "area_b": 15460771.0,
          "area_intersection": 0.0,
          "cas": 0.0,
          "oc": 0.0,
          "ar": Infinity
        }
      }
    },
    {
      "type": "Feature",
      "id": "c7f5953c-b6ec-434b-924e-ae486bff303c",
      "geometry": {
        "type": "Polygon",
        "coordinates": [
          [
            [
              28067.0,
              16113.0
            ],
            [
              28067.0,
              19323.0
            ],
            [
              31489.0,
              19323.0
            ],
            [
              31489.0,
              16113.0
            ],
            [
              28067.0,
              16113.0
            ]
          ]
        ]
      },
      "properties": {
        "objectType": "annotation",
        "classification": {
          "name": "B | Focal (<50%) crypt distortion",
          "color": [
            0,
            255,
            0
          ]
        },
        "isLocked": true,
        "case_key": "2346175",
        "source": "B",
        "orig_class": "Focal (<50%) crypt distortion",
        "match": {
          "status": "union_mode",
          "class": "Focal (<50%) crypt distortion",
          "area_a": 0.0,
          "area_b": 76547712.0,
          "area_intersection": 0.0,
          "cas": 0.0,
          "oc": 0.0,
          "ar": Infinity
        }
      }
    },
    {
      "type": "Feature",
      "id": "219bae33-cc78-42de-8a53-1063dca00908",
      "geometry": {
        "type": "Polygon",
        "coordinates": [
          [
            [
              25883.0,
              15737.0
            ],
            [
              25883.0,
              18246.0
            ],
            [
              27924.0,
              18246.0
            ],
            [
              27924.0,
              15737.0
            ],
            [
              25883.0,
              15737.0
            ]
          ]
        ]
      },
      "properties": {
        "objectType": "annotation",
        "classification": {
          "name": "B | Focal (<50%) crypt distortion",
          "color": [
            0,
            255,
            0
          ]
        },
        "isLocked": true,
        "case_key": "2346175",
        "source": "B",
        "orig_class": "Focal (<50%) crypt distortion",
        "match": {
          "status": "union_mode",
          "class": "Focal (<50%) crypt distortion",
          "area_a": 0.0,
          "area_b": 76547712.0,
          "area_intersection": 0.0,
          "cas": 0.0,
          "oc": 0.0,
          "ar": Infinity
        }
      }
    },
    {
      "type": "Feature",
      "id": "dc4176d9-81f8-4694-a551-d99e09544858",
      "geometry": {
        "type": "Polygon",
        "coordinates": [
          [
            [
              21004.0,
              24248.0
            ],
            [
              21004.0,
              26908.0
            ],
            [
              24578.0,
              26908.0
            ],
            [
              24578.0,
              24248.0
            ],
            [
              21004.0,
              24248.0
            ]
          ]
        ]
      },
      "properties": {
        "objectType": "annotation",
        "classification": {
          "name": "B | Focal (<50%) crypt distortion",
          "color": [
            0,
            255,
            0
          ]
        },
        "isLocked": true,
        "case_key": "2346175",
        "source": "B",
        "orig_class": "Focal (<50%) crypt distortion",
        "match": {
          "status": "union_mode",
          "class": "Focal (<50%) crypt distortion",
          "area_a": 0.0,
          "area_b": 76547712.0,
          "area_intersection": 0.0,
          "cas": 0.0,
          "oc": 0.0,
          "ar": Infinity
        }
      }
    },
    {
      "type": "Feature",
      "id": "8b1e98f6-dbe1-4015-87b4-4f593783734b",
      "geometry": {
        "type": "Polygon",
        "coordinates": [
          [
            [
              23060.0,
              18776.0
            ],
            [
              23060.0,
              22655.0
            ],
            [
              25265.0,
              22655.0
            ],
            [
              25265.0,
              18776.0
            ],
            [
              23060.0,
              18776.0
            ]
          ]
        ]
      },
      "properties": {
        "objectType": "annotation",
        "classification": {
          "name": "B | Focal (<50%) crypt distortion",
          "color": [
            0,
            255,
            0
          ]
        },
        "isLocked": true,
        "case_key": "2346175",
        "source": "B",
        "orig_class": "Focal (<50%) crypt distortion",
        "match": {
          "status": "union_mode",
          "class": "Focal (<50%) crypt distortion",
          "area_a": 0.0,
          "area_b": 76547712.0,
          "area_intersection": 0.0,
          "cas": 0.0,
          "oc": 0.0,
          "ar": Infinity
        }
      }
    },
    {
      "type": "Feature",
      "id": "bcd37c4c-c0c6-4bc0-b5fb-c5771494b791",
      "geometry": {
        "type": "Polygon",
        "coordinates": [
          [
            [
              31172.0,
              23456.0
            ],
            [
              31172.0,
              23865.0
            ],
            [
              31834.0,
              23865.0
            ],
            [
              31834.0,
              23456.0
            ],
            [
              31172.0,
              23456.0
            ]
          ]
        ]
      },
      "properties": {
        "objectType": "annotation",
        "classification": {
          "name": "B | Basal Plasmacytosis",
          "color": [
            202,
            65,
            86
          ]
        },
        "isLocked": true,
        "case_key": "2346175",
        "source": "B",
        "orig_class": "Basal Plasmacytosis",
        "match": {
          "status": "union_mode",
          "class": "Basal Plasmacytosis",
          "area_a": 3730007.0,
          "area_b": 1326370.0,
          "area_intersection": 0.0,
          "cas": 0.0,
          "oc": 0.0,
          "ar": 2.812191922314286
        }
      }
    },
    {
      "type": "Feature",
      "id": "fd23df8a-8f37-45eb-acab-81ddaef02891",
      "geometry": {
        "type": "Polygon",
        "coordinates": [
          [
            [
              29771.0,
              28316.0
            ],
            [
              29771.0,
              28756.0
            ],
            [
              30348.0,
              28756.0
            ],
            [
              30348.0,
              28316.0
            ],
            [
              29771.0,
              28316.0
            ]
          ]
        ]
      },
      "properties": {
        "objectType": "annotation",
        "classification": {
          "name": "B | Moderate to marked mononuclear cell infiltrate",
          "color": [
            21,
            11,
            49
          ]
        },
        "isLocked": true,
        "case_key": "2346175",
        "source": "B",
        "orig_class": "Moderate to marked mononuclear cell infiltrate",
        "match": {
          "status": "union_mode",
          "class": "Moderate to marked mononuclear cell infiltrate",
          "area_a": 7222873.0,
          "area_b": 9559596.0,
          "area_intersection": 1737814.0,
          "cas": 0.23824748508500332,
          "oc": 0.24059872020455017,
          "ar": 1.323517110158243
        }
      }
    },
    {
      "type": "Feature",
      "id": "383da8a9-5a79-404f-b6b6-6744800e19b8",
      "geometry": {
        "type": "Polygon",
        "coordinates": [
          [
            [
              28499.0,
              27475.0
            ],
            [
              28499.0,
              27942.0
            ],
            [
              29260.0,
              27942.0
            ],
            [
              29260.0,
              27475.0
            ],
            [
              28499.0,
              27475.0
            ]
          ]
        ]
      },
      "properties": {
        "objectType": "annotation",
        "classification": {
          "name": "B | Moderate to marked mononuclear cell infiltrate",
          "color": [
            21,
            11,
            49
          ]
        },
        "isLocked": true,
        "case_key": "2346175",
        "source": "B",
        "orig_class": "Moderate to marked mononuclear cell infiltrate",
        "match": {
          "status": "union_mode",
          "class": "Moderate to marked mononuclear cell infiltrate",
          "area_a": 7222873.0,
          "area_b": 9559596.0,
          "area_intersection": 1737814.0,
          "cas": 0.23824748508500332,
          "oc": 0.24059872020455017,
          "ar": 1.323517110158243
        }
      }
    }
  ]
}