{
  "type": "FeatureCollection",
  "features": [
    {
      "type": "Feature",
      "id": "8391b87a-5feb-4d9c-9f1f-3daeaee841cd",
      "geometry": {
        "type": "Polygon",
        "coordinates": [
          [
            [
              19049.0,
              16458.0
            ],
            [
              19577.0,
              16458.0
            ],
            [
              19577.0,
              17399.0
            ],
            [
              19049.0,
              17399.0
            ],
            [
              19049.0,
              16458.0
            ]
          ]
        ]
      },
      "properties": {
        "objectType": "annotation",
        "classification": {
          "name": "A | Ulcer/ erosion",
          "color": [
            255,
            0,
            0
          ]
        },
        "case_key": "S2415106A01",
        "source": "A",
        "orig_class": "Ulcer/ erosion",
        "match": {
          "status": "union_mode",
          "class": "Ulcer/ erosion",
          "area_a": 4445152.0,
          "area_b": 3406664.0,
          "area_intersection": 348485.0,
          "cas": 0.10139378698081226,
          "oc": 0.10229508985917014,
          "ar": 1.3048401603445483
        }
      }
    },
    {
      "type": "Feature",
      "id": "a4b7359c-5705-42eb-8927-cf0ef961d1f7",
      "geometry": {
        "type": "Polygon",
        "coordinates": [
          [
            [
              18123.0,
              13850.0
            ],
            [
              18661.0,
              13850.0
            ],
            [
              18661.0,
              14519.0
            ],
            [
              18123.0,
              14519.0
            ],
            [
              18123.0,
              13850.0
            ]
          ]
        ]
      },
      "properties": {
        "objectType": "annotation",
        "classification": {
          "name": "A | Ulcer/ erosion",
          "color": [
            255,
            0,
            0
          ]
        },
        "case_key": "S2415106A01",
        "source": "A",
        "orig_class": "Ulcer/ erosion",
        "match": {
          "status": "union_mode",
          "class": "Ulcer/ erosion",
          "area_a": 4445152.0,
          "area_b": 3406664.0,
          "area_intersection": 348485.0,
          "cas": 0.10139378698081226,
          "oc": 0.10229508985917014,
          "ar": 1.3048401603445483
        }
      }
    },
    {
      "type": "Feature",
      "id": "6cf96361-e9a0-45e7-84dd-6df6bc560a8d",
      "geometry": {
        "type": "Polygon",
        "coordinates": [
          [
            [
              16538.0,
              13073.0
            ],
            [
              17876.0,
              13073.0
            ],
            [
              17876.0,
              13539.0
            ],
            [
              16538.0,
              13539.0
            ],
            [
              16538.0,
              13073.0
            ]
          ]
        ]
      },
      "properties": {
        "objectType": "annotation",
        "classification": {
          "name": "A | Ulcer/ erosion",
          "color": [
            255,
            0,
            0
          ]
        },
        "case_key": "S2415106A01",
        "source": "A",
        "orig_class": "Ulcer/ erosion",
        "match": {
          "status": "union_mode",
          "class": "Ulcer/ erosion",
          "area_a": 4445152.0,
          "area_b": 3406664.0,
          "area_intersection": 348485.0,
          "cas": 0.10139378698081226,
          "oc": 0.10229508985917014,
          "ar": 1.3048401603445483
        }
      }
    },
    {
      "type": "Feature",
      "id": "f4b8c0f6-5ac6-4354-b6bc-42cc921ba2b4",
      "geometry": {
        "type": "Polygon",
        "coordinates": [
          [
            [
              10376.0,
              13538.0
            ],
            [
              10607.0,
              13538.0
            ],
            [
              10607.0,
              13925.0
            ],
            [
              10376.0,
              13925.0
            ],
            [
              10376.0,
              13538.0
            ]
          ]
        ]
      },
      "properties": {
        "objectType": "annotation",
        "classification": {
          "name": "A | Ulcer/ erosion",
          "color": [
            255,
            0,
            0
          ]
        },
        "case_key": "S2415106A01",
        "source": "A",
        "orig_class": "Ulcer/ erosion",
        "match": {
          "status": "union_mode",
          "class": "Ulcer/ erosion",
          "area_a": 4445152.0,
          "area_b": 3406664.0,
          "area_intersection": 348485.0,
          "cas": 0.10139378698081226,
          "oc": 0.10229508985917014,
          "ar": 1.3048401603445483
        }
      }
    },
    {
      "type": "Feature",
      "id": "d1777953-fbc3-41b1-a500-976d4cd27a71",
      "geometry": {
        "type": "Polygon",
        "coordinates": [
          [
            [
              7478.0,
              14743.0
            ],
            [
              7842.0,
              14743.0
            ],
            [
              7842.0,
              15036.0
            ],
            [
              7478.0,
              15036.0
            ],
            [
              7478.0,
              14743.0
            ]
          ]
        ]
      },
      "properties": {
        "objectType": "annotation",
        "classification": {
          "name": "A | Ulcer/ erosion",
          "color": [
            255,
            0,
            0
          ]
        },
        "case_key": "S2415106A01",
        "source": "A",
        "orig_class": "Ulcer/ erosion",
        "match": {
          "status": "union_mode",
          "class": "Ulcer/ erosion",
          "area_a": 4445152.0,
          "area_b": 3406664.0,
          "area_intersection": 348485.0,
          "cas": 0.10139378698081226,
          "oc": 0.10229508985917014,
          "ar": 1.3048401603445483
        }
      }
    },
    {
      "type": "Feature",
      "id": "7ce4c029-d759-474f-819f-b8a5e7af24e9",
      "geometry": {
        "type": "Polygon",
        "coordinates": [
          [
            [
              7787.0,
              15156.0
            ],
            [
              7969.0,
              15156.0
            ],
            [
              7969.0,
              15355.0
            ],
            [
              7787.0,
              15355.0
            ],
            [
              7787.0,
              15156.0
            ]
          ]
        ]
      },
      "properties": {
        "objectType": "annotation",
        "classification": {
          "name": "A | Ulcer/ erosion",
          "color": [
            255,
            0,
            0
          ]
        },
        "case_key": "S2415106A01",
        "source": "A",
        "orig_class": "Ulcer/ erosion",
        "match": {
          "status": "union_mode",
          "class": "Ulcer/ erosion",
          "area_a": 4445152.0,
          "area_b": 3406664.0,
          "area_intersection": 348485.0,
          "cas": 0.10139378698081226,
          "oc": 0.10229508985917014,
          "ar": 1.3048401603445483
        }
      }
    },
    {
      "type": "Feature",
      "id": "a22fef7c-21dc-4b6a-90e9-c1d54aa997bc",
      "geometry": {
        "type": "Polygon",
        "coordinates": [
          [
            [
              8158.0,
              15801.0
            ],
            [
              8393.0,
              15801.0
            ],
            [
              8393.0,
              16198.0
            ],
            [
              8158.0,
              16198.0
            ],
            [
              8158.0,
              15801.0
            ]
          ]
        ]
      },
      "properties": {
        "objectType": "annotation",
        "classification": {
          "name": "A | Ulcer/ erosion",
          "color": [
            255,
            0,
            0
          ]
        },
        "case_key": "S2415106A01",
        "source": "A",
        "orig_class": "Ulcer/ erosion",
        "match": {
          "status": "union_mode",
          "class": "Ulcer/ erosion",
          "area_a": 4445152.0,
          "area_b": 3406664.0,
          "area_intersection": 348485.0,
          "cas": 0.10139378698081226,
          "oc": 0.10229508985917014,
          "ar": 1.3048401603445483
        }
      }
    },
    {
      "type": "Feature",
      "id": "53bf3440-8ac8-4a95-92b9-1a2f9032359b",
      "geometry": {
        "type": "Polygon",
        "coordinates": [
          [
            [
              8667.0,
              17199.0
            ],
            [
              9632.0,
              17199.0
            ],
            [
              9632.0,
              17645.0
            ],
            [
              8667.0,
              17645.0
            ],
            [
              8667.0,
              17199.0
            ]
          ]
        ]
      },
      "properties": {
        "objectType": "annotation",
        "classification": {
          "name": "A | Ulcer/ erosion",
          "color": [
            255,
            0,
            0
          ]
        },
        "case_key": "S2415106A01",
        "source": "A",
        "orig_class": "Ulcer/ erosion",
        "match": {
          "status": "union_mode",
          "class": "Ulcer/ erosion",
          "area_a": 4445152.0,
          "area_b": 3406664.0,
          "area_intersection": 348485.0,
          "cas": 0.10139378698081226,
          "oc": 0.10229508985917014,
          "ar": 1.3048401603445483
        }
      }
    },
    {
      "type": "Feature",
      "id": "a8b0b116-ce6d-40c0-abb0-8f6bdbc0e688",
      "geometry": {
        "type": "Polygon",
        "coordinates": [
          [
            [
              9176.0,
              16806.0
            ],
            [
              9618.0,
              16806.0
            ],
            [
              9618.0,
              17306.0
            ],
            [
              9176.0,
              17306.0
            ],
            [
              9176.0,
              16806.0
            ]
          ]
        ]
      },
      "properties": {
        "objectType": "annotation",
        "classification": {
          "name": "A | Ulcer/ erosion",
          "color": [
            255,
            0,
            0
          ]
        },
        "case_key": "S2415106A01",
        "source": "A",
        "orig_class": "Ulcer/ erosion",
        "match": {
          "status": "union_mode",
          "class": "Ulcer/ erosion",
          "area_a": 4445152.0,
          "area_b": 3406664.0,
          "area_intersection": 348485.0,
          "cas": 0.10139378698081226,
          "oc": 0.10229508985917014,
          "ar": 1.3048401603445483
        }
      }
    },
    {
      "type": "Feature",
      "id": "3a4ed726-cfa2-4624-91b4-a43aaf72f0e7",
      "geometry": {
        "type": "Polygon",
        "coordinates": [
          [
            [
              8483.0,
              21152.0
            ],
            [
              8861.0,
              21152.0
            ],
            [
              8861.0,
              21375.0
            ],
            [
              8483.0,
              21375.0
            ],
            [
              8483.0,
              21152.0
            ]
          ]
        ]
      },
      "properties": {
        "objectType": "annotation",
        "classification": {
          "name": "A | Ulcer/ erosion",
          "color": [
            255,
            0,
            0
          ]
        },
        "case_key": "S2415106A01",
        "source": "A",
        "orig_class": "Ulcer/ erosion",
        "match": {
          "status": "union_mode",
          "class": "Ulcer/ erosion",
          "area_a": 4445152.0,
          "area_b": 3406664.0,
          "area_intersection": 348485.0,
          "cas": 0.10139378698081226,
          "oc": 0.10229508985917014,
          "ar": 1.3048401603445483
        }
      }
    },
    {
      "type": "Feature",
      "id": "a238ddc2-ef24-4bef-8941-a051cef15c23",
      "geometry": {
        "type": "Polygon",
        "coordinates": [
          [
            [
              5829.0,
              18947.0
            ],
            [
              6076.0,
              18947.0
            ],
            [
              6076.0,
              19377.0
            ],
            [
              5829.0,
              19377.0
            ],
            [
              5829.0,
              18947.0
            ]
          ]
        ]
      },
      "properties": {
        "objectType": "annotation",
        "classification": {
          "name": "A | Ulcer/ erosion",
          "color": [
            255,
            0,
            0
          ]
        },
        "case_key": "S2415106A01",
        "source": "A",
        "orig_class": "Ulcer/ erosion",
        "match": {
          "status": "union_mode",
          "class": "Ulcer/ erosion",
          "area_a": 4445152.0,
          "area_b": 3406664.0,
          "area_intersection": 348485.0,
          "cas": 0.10139378698081226,
          "oc": 0.10229508985917014,
          "ar": 1.3048401603445483
        }
      }
    },
    {
      "type": "Feature",
      "id": "46aee75d-16b3-42ae-9ea9-a83edff6f049",
      "geometry": {
        "type": "Polygon",
        "coordinates": [
          [
            [
              4917.0,
              18238.0
            ],
            [
              5232.0,
              18238.0
            ],
            [
              5232.0,
              18529.0
            ],
            [
              4917.0,
              18529.0
            ],
            [
              4917.0,
              18238.0
            ]
          ]
        ]
      },
      "properties": {
        "objectType": "annotation",
        "classification": {
          "name": "A | Ulcer/ erosion",
          "color": [
            255,
            0,
            0
          ]
        },
        "case_key": "S2415106A01",
        "source": "A",
        "orig_class": "Ulcer/ erosion",
        "match": {
          "status": "union_mode",
          "class": "Ulcer/ erosion",
          "area_a": 4445152.0,
          "area_b": 3406664.0,
          "area_intersection": 348485.0,
          "cas": 0.10139378698081226,
          "oc": 0.10229508985917014,
          "ar": 1.3048401603445483
        }
      }
    },
    {
      "type": "Feature",
      "id": "e2293940-2f75-45cc-98f3-f330c0e0d4f3",
      "geometry": {
        "type": "Polygon",
        "coordinates": [
          [
            [
              6514.0,
              17375.0
            ],
            [
              7615.0,
              17375.0
            ],
            [
              7615.0,
              18607.0
            ],
            [
              6514.0,
              18607.0
            ],
            [
              6514.0,
              17375.0
            ]
          ]
        ]
      },
      "properties": {
        "objectType": "annotation",
        "classification": {
          "name": "A | Crypt abscess",
          "color": [
            240,
            77,
            141
          ]
        },
        "case_key": "S2415106A01",
        "source": "A",
        "orig_class": "Crypt abscess",
        "match": {
          "status": "union_mode",
          "class": "Crypt abscess",
          "area_a": 4606674.0,
          "area_b": 3332459.0,
          "area_intersection": 2892472.0,
          "cas": 0.8566683514489166,
          "oc": 0.8679692683390854,
          "ar": 1.382364794285541
        }
      }
    },
    {
      "type": "Feature",
      "id": "a9fcb843-fb24-4227-a802-4ac166eab5a8",
      "geometry": {
        "type": "Polygon",
        "coordinates": [
          [
            [
              7450.0,
              17986.0
            ],
            [
              8507.0,
              17986.0
            ],
            [
              8507.0,
              19101.0
            ],
            [
              7450.0,
              19101.0
            ],
            [
              7450.0,
              17986.0
            ]
          ]
        ]
      },
      "properties": {
        "objectType": "annotation",
        "classification": {
          "name": "A | Crypt abscess",
          "color": [
            240,
            77,
            141
          ]
        },
        "case_key": "S2415106A01",
        "source": "A",
        "orig_class": "Crypt abscess",
        "match": {
          "status": "union_mode",
          "class": "Crypt abscess",
          "area_a": 4606674.0,
          "area_b": 3332459.0,
          "area_intersection": 2892472.0,
          "cas": 0.8566683514489166,
          "oc": 0.8679692683390854,
          "ar": 1.382364794285541
        }
      }
    },
    {
      "type": "Feature",
      "id": "d481d924-01d4-403b-b83e-b4070b0adf18",
      "geometry": {
        "type": "Polygon",
        "coordinates": [
          [
            [
              8070.0,
              18859.0
            ],
            [
              8589.0,
              18859.0
            ],
            [
              8589.0,
              19857.0
            ],
            [
              8070.0,
              19857.0
            ],
            [
              8070.0,
              18859.0
            ]
          ]
        ]
      },
      "properties": {
        "objectType": "annotation",
        "classification": {
          "name": "A | Crypt abscess",
          "color": [
            240,
            77,
            141
          ]
        },
        "case_key": "S2415106A01",
        "source": "A",
        "orig_class": "Crypt abscess",
        "match": {
          "status": "union_mode",
          "class": "Crypt abscess",
          "area_a": 4606674.0,
          "area_b": 3332459.0,
          "area_intersection": 2892472.0,
          "cas": 0.8566683514489166,
          "oc": 0.8679692683390854,
          "ar": 1.382364794285541
        }
      }
    },
    {
      "type": "Feature",
      "id": "e83e63d2-9776-4b8d-8403-1d9a0aa0c3a0",
      "geometry": {
        "type": "Polygon",
        "coordinates": [
          [
            [
              8647.0,
              18558.0
            ],
            [
              9374.0,
              18558.0
            ],
            [
              9374.0,
              20614.0
            ],
            [
              8647.0,
              20614.0
            ],
            [
              8647.0,
              18558.0
            ]
          ]
        ]
      },
      "properties": {
        "objectType": "annotation",
        "classification": {
          "name": "A | Crypt abscess",
          "color": [
            240,
            77,
            141
          ]
        },
        "case_key": "S2415106A01",
        "source": "A",
        "orig_class": "Crypt abscess",
        "match": {
          "status": "union_mode",
          "class": "Crypt abscess",
          "area_a": 4606674.0,
          "area_b": 3332459.0,
          "area_intersection": 2892472.0,
          "cas": 0.8566683514489166,
          "oc": 0.8679692683390854,
          "ar": 1.382364794285541
        }
      }
    },
    {
      "type": "Feature",
      "id": "8402220d-6502-42fc-9050-a94d1167d8b0",
      "geometry": {
        "type": "Polygon",
        "coordinates": [
          [
            [
              10105.0,
              13510.0
            ],
            [
              10327.0,
              13510.0
            ],
            [
              10327.0,
              13973.0
            ],
            [
              10105.0,
              13973.0
            ],
            [
              10105.0,
              13510.0
            ]
          ]
        ]
      },
      "properties": {
        "objectType": "annotation",
        "classification": {
          "name": "A | Ulcer/ erosion",
          "color": [
            255,
            0,
            0
          ]
        },
        "case_key": "S2415106A01",
        "source": "A",
        "orig_class": "Ulcer/ erosion",
        "match": {
          "status": "union_mode",
          "class": "Ulcer/ erosion",
          "area_a": 4445152.0,
          "area_b": 3406664.0,
          "area_intersection": 348485.0,
          "cas": 0.10139378698081226,
          "oc": 0.10229508985917014,
          "ar": 1.3048401603445483
        }
      }
    },
    {
      "type": "Feature",
      "id": "4be95589-dc7b-4043-98be-69be90d36d66",
      "geometry": {
        "type": "Polygon",
        "coordinates": [
          [
            [
              7082.0,
              10267.0
            ],
            [
              7706.0,
              10267.0
            ],
            [
              7706.0,
              11825.0
            ],
            [
              7082.0,
              11825.0
            ],
            [
              7082.0,
              10267.0
            ]
          ]
        ]
      },
      "properties": {
        "objectType": "annotation",
        "classification": {
          "name": "A | Basal Plasmacytosis",
          "color": [
            202,
            65,
            86
          ]
        },
        "case_key": "S2415106A01",
        "source": "A",
        "orig_class": "Basal Plasmacytosis",
        "match": {
          "status": "union_mode",
          "class": "Basal Plasmacytosis",
          "area_a": 9438538.0,
          "area_b": 3919889.0,
          "area_intersection": 181526.0,
          "cas": 0.042048051644848074,
          "oc": 0.04630896436098063,
          "ar": 2.40785848782963
        }
      }
    },
    {
      "type": "Feature",
      "id": "77d817da-8f2e-4ffb-b1f6-993792687d0c",
      "geometry": {
        "type": "Polygon",
        "coordinates": [
          [
            [
              7480.0,
              11900.0
            ],
            [
              8554.0,
              11900.0
            ],
            [
              8554.0,
              12760.0
            ],
            [
              7480.0,
              12760.0
            ],
            [
              7480.0,
              11900.0
            ]
          ]
        ]
      },
      "properties": {
        "objectType": "annotation",
        "classification": {
          "name": "A | Basal Plasmacytosis",
          "color": [
            202,
            65,
            86
          ]
        },
        "case_key": "S2415106A01",
        "source": "A",
        "orig_class": "Basal Plasmacytosis",
        "match": {
          "status": "union_mode",
          "class": "Basal Plasmacytosis",
          "area_a": 9438538.0,
          "area_b": 3919889.0,
          "area_intersection": 181526.0,
          "cas": 0.042048051644848074,
          "oc": 0.04630896436098063,
          "ar": 2.40785848782963
        }
      }
    },
    {
      "type": "Feature",
      "id": "9967a919-c6eb-441b-9c73-369324c4b917",
      "geometry": {
        "type": "Polygon",
        "coordinates": [
          [
            [
              6760.0,
              11234.0
            ],
            [
              7297.0,
              11234.0
            ],
            [
              7297.0,
              12190.0
            ],
            [
              6760.0,
              12190.0
            ],
            [
              6760.0,
              11234.0
            ]
          ]
        ]
      },
      "properties": {
        "objectType": "annotation",
        "classification": {
          "name": "A | Basal Plasmacytosis",
          "color": [
            202,
            65,
            86
          ]
        },
        "case_key": "S2415106A01",
        "source": "A",
        "orig_class": "Basal Plasmacytosis",
        "match": {
          "status": "union_mode",
          "class": "Basal Plasmacytosis",
          "area_a": 9438538.0,
          "area_b": 3919889.0,
          "area_intersection": 181526.0,
          "cas": 0.042048051644848074,
          "oc": 0.04630896436098063,
          "ar": 2.40785848782963
        }
      }
    },
    {
      "type": "Feature",
      "id": "6fd21538-5854-439b-8897-395e9533b023",
      "geometry": {
        "type": "Polygon",
        "coordinates": [
          [
            [
              7147.0,
              12266.0
            ],
            [
              7867.0,
              12266.0
            ],
            [
              7867.0,
              12749.0
            ],
            [
              7147.0,
              12749.0
            ],
            [
              7147.0,
              12266.0
            ]
          ]
        ]
      },
      "properties": {
        "objectType": "annotation",
        "classification": {
          "name": "A | Basal Plasmacytosis",
          "color": [
            202,
            65,
            86
          ]
        },
        "case_key": "S2415106A01",
        "source": "A",
        "orig_class": "Basal Plasmacytosis",
        "match": {
          "status": "union_mode",
          "class": "Basal Plasmacytosis",
          "area_a": 9438538.0,
          "area_b": 3919889.0,
          "area_intersection": 181526.0,
          "cas": 0.042048051644848074,
          "oc": 0.04630896436098063,
          "ar": 2.40785848782963
        }
      }
    },
    {
      "type": "Feature",
      "id": "85b0ad33-d92c-4b49-a06c-a9f6a485ff05",
      "geometry": {
        "type": "Polygon",
        "coordinates": [
          [
            [
              8619.0,
              13254.0
            ],
            [
              9178.0,
              13254.0
            ],
            [
              9178.0,
              13931.0
            ],
            [
              8619.0,
              13931.0
            ],
            [
              8619.0,
              13254.0
            ]
          ]
        ]
      },
      "properties": {
        "objectType": "annotation",
        "classification": {
          "name": "A | Basal Plasmacytosis",
          "color": [
            202,
            65,
            86
          ]
        },
        "case_key": "S2415106A01",
        "source": "A",
        "orig_class": "Basal Plasmacytosis",
        "match": {
          "status": "union_mode",
          "class": "Basal Plasmacytosis",
          "area_a": 9438538.0,
          "area_b": 3919889.0,
          "area_intersection": 181526.0,
          "cas": 0.042048051644848074,
          "oc": 0.04630896436098063,
          "ar": 2.40785848782963
        }
      }
    },
    {
      "type": "Feature",
      "id": "506a78d3-aa1d-4bc7-986e-e2b25e808284",
      "geometry": {
        "type": "Polygon",
        "coordinates": [
          [
            [
              15056.0,
              13652.0
            ],
            [
              15980.0,
              13652.0
            ],
            [
              15980.0,
              14630.0
            ],
            [
              15056.0,
              14630.0
            ],
            [
              15056.0,
              13652.0
            ]
          ]
        ]
      },
      "properties": {
        "objectType": "annotation",
        "classification": {
          "name": "A | Basal Plasmacytosis",
          "color": [
            202,
            65,
            86
          ]
        },
        "case_key": "S2415106A01",
        "source": "A",
        "orig_class": "Basal Plasmacytosis",
        "match": {
          "status": "union_mode",
          "class": "Basal Plasmacytosis",
          "area_a": 9438538.0,
          "area_b": 3919889.0,
          "area_intersection": 181526.0,
          "cas": 0.042048051644848074,
          "oc": 0.04630896436098063,
          "ar": 2.40785848782963
        }
      }
    },
    {
      "type": "Feature",
      "id": "7bddb26a-5462-4b47-906d-8412f1283b3e",
      "geometry": {
        "type": "Polygon",
        "coordinates": [
          [
            [
              10285.0,
              25172.0
            ],
            [
              11499.0,
              25172.0
            ],
            [
              11499.0,
              26806.0
            ],
            [
              10285.0,
              26806.0
            ],
            [
              10285.0,
              25172.0
            ]
          ]
        ]
      },
      "properties": {
        "objectType": "annotation",
        "classification": {
          "name": "A | Moderate to marked mononuclear cell infiltrate",
          "color": [
            21,
            11,
            49
          ]
        },
        "case_key": "S2415106A01",
        "source": "A",
        "orig_class": "Moderate to marked mononuclear cell infiltrate",
        "match": {
          "status": "union_mode",
          "class": "Moderate to marked mononuclear cell infiltrate",
          "area_a": 15280804.0,
          "area_b": 14992546.0,
          "area_intersection": 5314226.0,
          "cas": 0.35444180612012294,
          "oc": 0.35445787526681594,
          "ar": 1.0192267544151608
        }
      }
    },
    {
      "type": "Feature",
      "id": "aaab56ff-18f8-4b6e-a5ab-f5037d0554a4",
      "geometry": {
        "type": "Polygon",
        "coordinates": [
          [
            [
              10059.0,
              27085.0
            ],
            [
              10876.0,
              27085.0
            ],
            [
              10876.0,
              28170.0
            ],
            [
              10059.0,
              28170.0
            ],
            [
              10059.0,
              27085.0
            ]
          ]
        ]
      },
      "properties": {
        "objectType": "annotation",
        "classification": {
          "name": "A | Basal Plasmacytosis",
          "color": [
            202,
            65,
            86
          ]
        },
        "case_key": "S2415106A01",
        "source": "A",
        "orig_class": "Basal Plasmacytosis",
        "match": {
          "status": "union_mode",
          "class": "Basal Plasmacytosis",
          "area_a": 9438538.0,
          "area_b": 3919889.0,
          "area_intersection": 181526.0,
          "cas": 0.042048051644848074,
          "oc": 0.04630896436098063,
          "ar": 2.40785848782963
        }
      }
    },
    {
      "type": "Feature",
      "id": "ac6aa1bc-b4da-4506-b71b-26dfc4f7ce7c",
      "geometry": {
        "type": "Polygon",
        "coordinates": [
          [
            [
              14250.0,
              17972.0
            ],
            [
              15153.0,
              17972.0
            ],
            [
              15153.0,
              19154.0
            ],
            [
              14250.0,
              19154.0
            ],
            [
              14250.0,
              17972.0
            ]
          ]
        ]
      },
      "properties": {
        "objectType": "annotation",
        "classification": {
          "name": "A | Marked (>50%) crypt distortion",
          "color": [
            0,
            51,
            0
          ]
        },
        "case_key": "S2415106A01",
        "source": "A",
        "orig_class": "Marked (>50%) crypt distortion",
        "match": {
          "status": "union_mode",
          "class": "Marked (>50%) crypt distortion",
          "area_a": 303619564.0,
          "area_b": 208119125.0,
          "area_intersection": 193281571.0,
          "cas": 0.9122954055259489,
          "oc": 0.9287064367582749,
          "ar": 1.4588739213659485
        }
      }
    },
    {
      "type": "Feature",
      "id": "edc23dae-32f8-46f3-8b3a-aa4dbab7cbdb",
      "geometry": {
        "type": "Polygon",
        "coordinates": [
          [
            [
              9371.0,
              24538.0
            ],
            [
              9726.0,
              24538.0
            ],
            [
              9726.0,
              25376.0
            ],
            [
              9371.0,
              25376.0
            ],
            [
              9371.0,
              24538.0
            ]
          ]
        ]
      },
      "properties": {
        "objectType": "annotation",
        "classification": {
          "name": "A | Basal Plasmacytosis",
          "color": [
            202,
            65,
            86
          ]
        },
        "case_key": "S2415106A01",
        "source": "A",
        "orig_class": "Basal Plasmacytosis",
        "match": {
          "status": "union_mode",
          "class": "Basal Plasmacytosis",
          "area_a": 9438538.0,
          "area_b": 3919889.0,
          "area_intersection": 181526.0,
          "cas": 0.042048051644848074,
          "oc": 0.04630896436098063,
          "ar": 2.40785848782963
        }
      }
    },
    {
      "type": "Feature",
      "id": "8d91ae44-1c32-487f-bed4-dfee638bf93b",
      "geometry": {
        "type": "Polygon",
        "coordinates": [
          [
            [
              9393.0,
              25849.0
            ],
            [
              9909.0,
              25849.0
            ],
            [
              9909.0,
              27021.0
            ],
            [
              9393.0,
              27021.0
            ],
            [
              9393.0,
              25849.0
            ]
          ]
        ]
      },
      "properties": {
        "objectType": "annotation",
        "classification": {
          "name": "A | Basal Plasmacytosis",
          "color": [
            202,
            65,
            86
          ]
        },
        "case_key": "S2415106A01",
        "source": "A",
        "orig_class": "Basal Plasmacytosis",
        "match": {
          "status": "union_mode",
          "class": "Basal Plasmacytosis",
          "area_a": 9438538.0,
          "area_b": 3919889.0,
          "area_intersection": 181526.0,
          "cas": 0.042048051644848074,
          "oc": 0.04630896436098063,
          "ar": 2.40785848782963
        }
      }
    },
    {
      "type": "Feature",
      "id": "a84a856f-17a8-45a9-933e-5cfcaa8e1a3e",
      "geometry": {
        "type": "Polygon",
        "coordinates": [
          [
            [
              8888.0,
              22518.0
            ],
            [
              9500.0,
              22518.0
            ],
            [
              9500.0,
              23657.0
            ],
            [
              8888.0,
              23657.0
            ],
            [
              8888.0,
              22518.0
            ]
          ]
        ]
      },
      "properties": {
        "objectType": "annotation",
        "classification": {
          "name": "A | Basal Plasmacytosis",
          "color": [
            202,
            65,
            86
          ]
        },
        "case_key": "S2415106A01",
        "source": "A",
        "orig_class": "Basal Plasmacytosis",
        "match": {
          "status": "union_mode",
          "class": "Basal Plasmacytosis",
          "area_a": 9438538.0,
          "area_b": 3919889.0,
          "area_intersection": 181526.0,
          "cas": 0.042048051644848074,
          "oc": 0.04630896436098063,
          "ar": 2.40785848782963
        }
      }
    },
    {
      "type": "Feature",
      "id": "cb548491-ea80-4813-95c5-fd4fb27a5404",
      "geometry": {
        "type": "Polygon",
        "coordinates": [
          [
            [
              8447.0,
              24710.0
            ],
            [
              9070.0,
              24710.0
            ],
            [
              9070.0,
              25656.0
            ],
            [
              8447.0,
              25656.0
            ],
            [
              8447.0,
              24710.0
            ]
          ]
        ]
      },
      "properties": {
        "objectType": "annotation",
        "classification": {
          "name": "A | Moderate to marked mononuclear cell infiltrate",
          "color": [
            21,
            11,
            49
          ]
        },
        "case_key": "S2415106A01",
        "source": "A",
        "orig_class": "Moderate to marked mononuclear cell infiltrate",
        "match": {
          "status": "union_mode",
          "class": "Moderate to marked mononuclear cell infiltrate",
          "area_a": 15280804.0,
          "area_b": 14992546.0,
          "area_intersection": 5314226.0,
          "cas": 0.35444180612012294,
          "oc": 0.35445787526681594,
          "ar": 1.0192267544151608
        }
      }
    },
    {
      "type": "Feature",
      "id": "b7007d60-cd25-4f99-989d-a2926e7aef87",
      "geometry": {
        "type": "Polygon",
        "coordinates": [
          [
            [
              8393.0,
              25710.0
            ],
            [
              8673.0,
              25710.0
            ],
            [
              8673.0,
              26096.0
            ],
            [
              8393.0,
              26096.0
            ],
            [
              8393.0,
              25710.0
            ]
          ]
        ]
      },
      "properties": {
        "objectType": "annotation",
        "classification": {
          "name": "A | Moderate to marked mononuclear cell infiltrate",
          "color": [
            21,
            11,
            49
          ]
        },
        "case_key": "S2415106A01",
        "source": "A",
        "orig_class": "Moderate to marked mononuclear cell infiltrate",
        "match": {
          "status": "union_mode",
          "class": "Moderate to marked mononuclear cell infiltrate",
          "area_a": 15280804.0,
          "area_b": 14992546.0,
          "area_intersection": 5314226.0,
          "cas": 0.35444180612012294,
          "oc": 0.35445787526681594,
          "ar": 1.0192267544151608
        }
      }
    },
    {
      "type": "Feature",
      "id": "e50803c9-0d9f-404a-a818-31adb9b50cf2",
      "geometry": {
        "type": "Polygon",
        "coordinates": [
          [
            [
              9092.0,
              25624.0
            ],
            [
              9403.0,
              25624.0
            ],
            [
              9403.0,
              26021.0
            ],
            [
              9092.0,
              26021.0
            ],
            [
              9092.0,
              25624.0
            ]
          ]
        ]
      },
      "properties": {
        "objectType": "annotation",
        "case_key": "S2415106A01",
        "source": "A",
        "orig_class": "unknown",
        "classification": {
          "name": "A | unknown"
        },
        "match": {
          "status": "union_mode",
          "class": "unknown",
          "area_a": 123467.0,
          "area_b": 0.0,
          "area_intersection": 0.0,
          "cas": 0.0,
          "oc": 0.0,
          "ar": Infinity
        }
      }
    },
    {
      "type": "Feature",
      "id": "30a1d9b7-ac35-4f52-b169-02a951eaafe8",
      "geometry": {
        "type": "Polygon",
        "coordinates": [
          [
            [
              7362.0,
              24710.0
            ],
            [
              7738.0,
              24710.0
            ],
            [
              7738.0,
              25043.0
            ],
            [
              7362.0,
              25043.0
            ],
            [
              7362.0,
              24710.0
            ]
          ]
        ]
      },
      "properties": {
        "objectType": "annotation",
        "classification": {
          "name": "A | Moderate to marked mononuclear cell infiltrate",
          "color": [
            21,
            11,
            49
          ]
        },
        "case_key": "S2415106A01",
        "source": "A",
        "orig_class": "Moderate to marked mononuclear cell infiltrate",
        "match": {
          "status": "union_mode",
          "class": "Moderate to marked mononuclear cell infiltrate",
          "area_a": 15280804.0,
          "area_b": 14992546.0,
          "area_intersection": 5314226.0,
          "cas": 0.35444180612012294,
          "oc": 0.35445787526681594,
          "ar": 1.0192267544151608
        }
      }
    },
    {
      "type": "Feature",
      "id": "e0509015-ff98-41a6-bb19-e5400da53b23",
      "geometry": {
        "type": "Polygon",
        "coordinates": [
          [
            [
              7845.0,
              26032.0
            ],
            [
              8243.0,
              26032.0
            ],
            [
              8243.0,
              26397.0
            ],
            [
              7845.0,
              26397.0
            ],
            [
              7845.0,
              26032.0
            ]
          ]
        ]
      },
      "properties": {
        "objectType": "annotation",
        "classification": {
          "name": "A | Moderate to marked mononuclear cell infiltrate",
          "color": [
            21,
            11,
            49
          ]
        },
        "case_key": "S2415106A01",
        "source": "A",
        "orig_class": "Moderate to marked mononuclear cell infiltrate",
        "match": {
          "status": "union_mode",
          "class": "Moderate to marked mononuclear cell infiltrate",
          "area_a": 15280804.0,
          "area_b": 14992546.0,
          "area_intersection": 5314226.0,
          "cas": 0.35444180612012294,
          "oc": 0.35445787526681594,
          "ar": 1.0192267544151608
        }
      }
    },
    {
      "type": "Feature",
      "id": "1a3f9b3b-35bc-4c15-b6c7-255a98afc163",
      "geometry": {
        "type": "Polygon",
        "coordinates": [
          [
            [
              10704.0,
              20326.0
            ],
            [
              11091.0,
              20326.0
            ],
            [
              11091.0,
              20616.0
            ],
            [
              10704.0,
              20616.0
            ],
            [
              10704.0,
              20326.0
            ]
          ]
        ]
      },
      "properties": {
        "objectType": "annotation",
        "classification": {
          "name": "A | Moderate to marked mononuclear cell infiltrate",
          "color": [
            21,
            11,
            49
          ]
        },
        "case_key": "S2415106A01",
        "source": "A",
        "orig_class": "Moderate to marked mononuclear cell infiltrate",
        "match": {
          "status": "union_mode",
          "class": "Moderate to marked mononuclear cell infiltrate",
          "area_a": 15280804.0,
          "area_b": 14992546.0,
          "area_intersection": 5314226.0,
          "cas": 0.35444180612012294,
          "oc": 0.35445787526681594,
          "ar": 1.0192267544151608
        }
      }
    },
    {
      "type": "Feature",
      "id": "f3557ca8-5085-4db6-9818-9d6fb03a0808",
      "geometry": {
        "type": "Polygon",
        "coordinates": [
          [
            [
              12079.0,
              20755.0
            ],
            [
              12681.0,
              20755.0
            ],
            [
              12681.0,
              21475.0
            ],
            [
              12079.0,
              21475.0
            ],
            [
              12079.0,
              20755.0
            ]
          ]
        ]
      },
      "properties": {
        "objectType": "annotation",
        "classification": {
          "name": "A | Moderate to marked mononuclear cell infiltrate",
          "color": [
            21,
            11,
            49
          ]
        },
        "case_key": "S2415106A01",
        "source": "A",
        "orig_class": "Moderate to marked mononuclear cell infiltrate",
        "match": {
          "status": "union_mode",
          "class": "Moderate to marked mononuclear cell infiltrate",
          "area_a": 15280804.0,
          "area_b": 14992546.0,
          "area_intersection": 5314226.0,
          "cas": 0.35444180612012294,
          "oc": 0.35445787526681594,
          "ar": 1.0192267544151608
        }
      }
    },
    {
      "type": "Feature",
      "id": "8831238c-5ac9-4a1b-89b1-e171b5467586",
      "geometry": {
        "type": "Polygon",
        "coordinates": [
          [
            [
              12273.0,
              21615.0
            ],
            [
              12778.0,
              21615.0
            ],
            [
              12778.0,
              22453.0
            ],
            [
              12273.0,
              22453.0
            ],
            [
              12273.0,
              21615.0
            ]
          ]
        ]
      },
      "properties": {
        "objectType": "annotation",
        "classification": {
          "name": "A | Moderate to marked mononuclear cell infiltrate",
          "color": [
            21,
            11,
            49
          ]
        },
        "case_key": "S2415106A01",
        "source": "A",
        "orig_class": "Moderate to marked mononuclear cell infiltrate",
        "match": {
          "status": "union_mode",
          "class": "Moderate to marked mononuclear cell infiltrate",
          "area_a": 15280804.0,
          "area_b": 14992546.0,
          "area_intersection": 5314226.0,
          "cas": 0.35444180612012294,
          "oc": 0.35445787526681594,
          "ar": 1.0192267544151608
        }
      }
    },
    {
      "type": "Feature",
      "id": "742f18fd-0935-46f2-a200-0845134ae18b",
      "geometry": {
        "type": "Polygon",
        "coordinates": [
          [
            [
              11306.0,
              22120.0
            ],
            [
              11563.0,
              22120.0
            ],
            [
              11563.0,
              22679.0
            ],
            [
              11306.0,
              22679.0
            ],
            [
              11306.0,
              22120.0
            ]
          ]
        ]
      },
      "properties": {
        "objectType": "annotation",
        "classification": {
          "name": "A | Moderate to marked mononuclear cell infiltrate",
          "color": [
            21,
            11,
            49
          ]
        },
        "case_key": "S2415106A01",
        "source": "A",
        "orig_class": "Moderate to marked mononuclear cell infiltrate",
        "match": {
          "status": "union_mode",
          "class": "Moderate to marked mononuclear cell infiltrate",
          "area_a": 15280804.0,
          "area_b": 14992546.0,
          "area_intersection": 5314226.0,
          "cas": 0.35444180612012294,
          "oc": 0.35445787526681594,
          "ar": 1.0192267544151608
        }
      }
    },
    {
      "type": "Feature",
      "id": "38871548-8cc2-4e90-b338-ae4e0e04c2af",
      "geometry": {
        "type": "Polygon",
        "coordinates": [
          [
            [
              11639.0,
              25828.0
            ],
            [
              12455.0,
              25828.0
            ],
            [
              12455.0,
              27278.0
            ],
            [
              11639.0,
              27278.0
            ],
            [
              11639.0,
              25828.0
            ]
          ]
        ]
      },
      "properties": {
        "objectType": "annotation",
        "classification": {
          "name": "A | Moderate to marked mononuclear cell infiltrate",
          "color": [
            21,
            11,
            49
          ]
        },
        "case_key": "S2415106A01",
        "source": "A",
        "orig_class": "Moderate to marked mononuclear cell infiltrate",
        "match": {
          "status": "union_mode",
          "class": "Moderate to marked mononuclear cell infiltrate",
          "area_a": 15280804.0,
          "area_b": 14992546.0,
          "area_intersection": 5314226.0,
          "cas": 0.35444180612012294,
          "oc": 0.35445787526681594,
          "ar": 1.0192267544151608
        }
      }
    },
    {
      "type": "Feature",
      "id": "8b863675-3c1e-4e6d-97da-f7bbfbb8703e",
      "geometry": {
        "type": "Polygon",
        "coordinates": [
          [
            [
              12832.0,
              25280.0
            ],
            [
              13229.0,
              25280.0
            ],
            [
              13229.0,
              25989.0
            ],
            [
              12832.0,
              25989.0
            ],
            [
              12832.0,
              25280.0
            ]
          ]
        ]
      },
      "properties": {
        "objectType": "annotation",
        "classification": {
          "name": "A | Moderate to marked mononuclear cell infiltrate",
          "color": [
            21,
            11,
            49
          ]
        },
        "case_key": "S2415106A01",
        "source": "A",
        "orig_class": "Moderate to marked mononuclear cell infiltrate",
        "match": {
          "status": "union_mode",
          "class": "Moderate to marked mononuclear cell infiltrate",
          "area_a": 15280804.0,
          "area_b": 14992546.0,
          "area_intersection": 5314226.0,
          "cas": 0.35444180612012294,
          "oc": 0.35445787526681594,
          "ar": 1.0192267544151608
        }
      }
    },
    {
      "type": "Feature",
      "id": "d854230d-772e-4e62-a1d2-3eb6ff823a98",
      "geometry": {
        "type": "Polygon",
        "coordinates": [
          [
            [
              11950.0,
              24334.0
            ],
            [
              12477.0,
              24334.0
            ],
            [
              12477.0,
              24721.0
            ],
            [
              11950.0,
              24721.0
            ],
            [
              11950.0,
              24334.0
            ]
          ]
        ]
      },
      "properties": {
        "objectType": "annotation",
        "classification": {
          "name": "A | Moderate to marked mononuclear cell infiltrate",
          "color": [
            21,
            11,
            49
          ]
        },
        "case_key": "S2415106A01",
        "source": "A",
        "orig_class": "Moderate to marked mononuclear cell infiltrate",
        "match": {
          "status": "union_mode",
          "class": "Moderate to marked mononuclear cell infiltrate",
          "area_a": 15280804.0,
          "area_b": 14992546.0,
          "area_intersection": 5314226.0,
          "cas": 0.35444180612012294,
          "oc": 0.35445787526681594,
          "ar": 1.0192267544151608
        }
      }
    },
    {
      "type": "Feature",
      "id": "36100016-6501-45cf-a0d1-19e8a55582a0",
      "geometry": {
        "type": "Polygon",
        "coordinates": [
          [
            [
              11467.0,
              24839.0
            ],
            [
              11886.0,
              24839.0
            ],
            [
              11886.0,
              25505.0
            ],
            [
              11467.0,
              25505.0
            ],
            [
              11467.0,
              24839.0
            ]
          ]
        ]
      },
      "properties": {
        "objectType": "annotation",
        "classification": {
          "name": "A | Moderate to marked mononuclear cell infiltrate",
          "color": [
            21,
            11,
            49
          ]
        },
        "case_key": "S2415106A01",
        "source": "A",
        "orig_class": "Moderate to marked mononuclear cell infiltrate",
        "match": {
          "status": "union_mode",
          "class": "Moderate to marked mononuclear cell infiltrate",
          "area_a": 15280804.0,
          "area_b": 14992546.0,
          "area_intersection": 5314226.0,
          "cas": 0.35444180612012294,
          "oc": 0.35445787526681594,
          "ar": 1.0192267544151608
        }
      }
    },
    {
      "type": "Feature",
      "id": "556403c3-a3f5-407a-a489-d34dcb13e6b1",
      "geometry": {
        "type": "Polygon",
        "coordinates": [
          [
            [
              11177.0,
              19810.0
            ],
            [
              11617.0,
              19810.0
            ],
            [
              11617.0,
              20175.0
            ],
            [
              11177.0,
              20175.0
            ],
            [
              11177.0,
              19810.0
            ]
          ]
        ]
      },
      "properties": {
        "objectType": "annotation",
        "classification": {
          "name": "A | Moderate to marked mononuclear cell infiltrate",
          "color": [
            21,
            11,
            49
          ]
        },
        "case_key": "S2415106A01",
        "source": "A",
        "orig_class": "Moderate to marked mononuclear cell infiltrate",
        "match": {
          "status": "union_mode",
          "class": "Moderate to marked mononuclear cell infiltrate",
          "area_a": 15280804.0,
          "area_b": 14992546.0,
          "area_intersection": 5314226.0,
          "cas": 0.35444180612012294,
          "oc": 0.35445787526681594,
          "ar": 1.0192267544151608
        }
      }
    },
    {
      "type": "Feature",
      "id": "fd5d1c54-95fe-49fa-a047-0f28c70d9c44",
      "geometry": {
        "type": "Polygon",
        "coordinates": [
          [
            [
              10575.0,
              28428.0
            ],
            [
              12004.0,
              28428.0
            ],
            [
              12004.0,
              28955.0
            ],
            [
              10575.0,
              28955.0
            ],
            [
              10575.0,
              28428.0
            ]
          ]
        ]
      },
      "properties": {
        "objectType": "annotation",
        "classification": {
          "name": "A | Moderate to marked mononuclear cell infiltrate",
          "color": [
            21,
            11,
            49
          ]
        },
        "case_key": "S2415106A01",
        "source": "A",
        "orig_class": "Moderate to marked mononuclear cell infiltrate",
        "match": {
          "status": "union_mode",
          "class": "Moderate to marked mononuclear cell infiltrate",
          "area_a": 15280804.0,
          "area_b": 14992546.0,
          "area_intersection": 5314226.0,
          "cas": 0.35444180612012294,
          "oc": 0.35445787526681594,
          "ar": 1.0192267544151608
        }
      }
    },
    {
      "type": "Feature",
      "id": "100f0a11-952d-43eb-9922-0560b95da506",
      "geometry": {
        "type": "Polygon",
        "coordinates": [
          [
            [
              9747.0,
              28342.0
            ],
            [
              10607.0,
              28342.0
            ],
            [
              10607.0,
              28729.0
            ],
            [
              9747.0,
              28729.0
            ],
            [
              9747.0,
              28342.0
            ]
          ]
        ]
      },
      "properties": {
        "objectType": "annotation",
        "classification": {
          "name": "A | Moderate to marked mononuclear cell infiltrate",
          "color": [
            21,
            11,
            49
          ]
        },
        "case_key": "S2415106A01",
        "source": "A",
        "orig_class": "Moderate to marked mononuclear cell infiltrate",
        "match": {
          "status": "union_mode",
          "class": "Moderate to marked mononuclear cell infiltrate",
          "area_a": 15280804.0,
          "area_b": 14992546.0,
          "area_intersection": 5314226.0,
          "cas": 0.35444180612012294,
          "oc": 0.35445787526681594,
          "ar": 1.0192267544151608
        }
      }
    },
    {
      "type": "Feature",
      "id": "ce5e1870-98fa-420b-9adb-15fb7cecfc4b",
      "geometry": {
        "type": "Polygon",
        "coordinates": [
          [
            [
              10510.0,
              29105.0
            ],
            [
              11338.0,
              29105.0
            ],
            [
              11338.0,
              29761.0
            ],
            [
              10510.0,
              29761.0
            ],
            [
              10510.0,
              29105.0
            ]
          ]
        ]
      },
      "properties": {
        "objectType": "annotation",
        "classification": {
          "name": "A | Moderate to marked mononuclear cell infiltrate",
          "color": [
            21,
            11,
            49
          ]
        },
        "case_key": "S2415106A01",
        "source": "A",
        "orig_class": "Moderate to marked mononuclear cell infiltrate",
        "match": {
          "status": "union_mode",
          "class": "Moderate to marked mononuclear cell infiltrate",
          "area_a": 15280804.0,
          "area_b": 14992546.0,
          "area_intersection": 5314226.0,
          "cas": 0.35444180612012294,
          "oc": 0.35445787526681594,
          "ar": 1.0192267544151608
        }
      }
    },
    {
      "type": "Feature",
      "id": "c34d8ec5-e353-444e-8f05-03b5a5820f51",
      "geometry": {
        "type": "Polygon",
        "coordinates": [
          [
            [
              13681.0,
              26548.0
            ],
            [
              14196.0,
              26548.0
            ],
            [
              14196.0,
              27064.0
            ],
            [
              13681.0,
              27064.0
            ],
            [
              13681.0,
              26548.0
            ]
          ]
        ]
      },
      "properties": {
        "objectType": "annotation",
        "classification": {
          "name": "A | Moderate to marked mononuclear cell infiltrate",
          "color": [
            21,
            11,
            49
          ]
        },
        "case_key": "S2415106A01",
        "source": "A",
        "orig_class": "Moderate to marked mononuclear cell infiltrate",
        "match": {
          "status": "union_mode",
          "class": "Moderate to marked mononuclear cell infiltrate",
          "area_a": 15280804.0,
          "area_b": 14992546.0,
          "area_intersection": 5314226.0,
          "cas": 0.35444180612012294,
          "oc": 0.35445787526681594,
          "ar": 1.0192267544151608
        }
      }
    },
    {
      "type": "Feature",
      "id": "16dfe40b-be08-4a13-82f0-a7aa217962ad",
      "geometry": {
        "type": "Polygon",
        "coordinates": [
          [
            [
              16776.0,
              18552.0
            ],
            [
              17474.0,
              18552.0
            ],
            [
              17474.0,
              19659.0
            ],
            [
              16776.0,
              19659.0
            ],
            [
              16776.0,
              18552.0
            ]
          ]
        ]
      },
      "properties": {
        "objectType": "annotation",
        "classification": {
          "name": "A | Marked (>50%) crypt distortion",
          "color": [
            0,
            51,
            0
          ]
        },
        "case_key": "S2415106A01",
        "source": "A",
        "orig_class": "Marked (>50%) crypt distortion",
        "match": {
          "status": "union_mode",
          "class": "Marked (>50%) crypt distortion",
          "area_a": 303619564.0,
          "area_b": 208119125.0,
          "area_intersection": 193281571.0,
          "cas": 0.9122954055259489,
          "oc": 0.9287064367582749,
          "ar": 1.4588739213659485
        }
      }
    },
    {
      "type": "Feature",
      "id": "e50e9f01-8f9f-49d4-8259-fab07b63066e",
      "geometry": {
        "type": "Polygon",
        "coordinates": [
          [
            [
              14143.0,
              14813.0
            ],
            [
              15121.0,
              14813.0
            ],
            [
              15121.0,
              15210.0
            ],
            [
              14143.0,
              15210.0
            ],
            [
              14143.0,
              14813.0
            ]
          ]
        ]
      },
      "properties": {
        "objectType": "annotation",
        "classification": {
          "name": "A | Marked (>50%) crypt distortion",
          "color": [
            0,
            51,
            0
          ]
        },
        "case_key": "S2415106A01",
        "source": "A",
        "orig_class": "Marked (>50%) crypt distortion",
        "match": {
          "status": "union_mode",
          "class": "Marked (>50%) crypt distortion",
          "area_a": 303619564.0,
          "area_b": 208119125.0,
          "area_intersection": 193281571.0,
          "cas": 0.9122954055259489,
          "oc": 0.9287064367582749,
          "ar": 1.4588739213659485
        }
      }
    },
    {
      "type": "Feature",
      "id": "fd09f59a-7090-4b45-aa32-7b3d5371c4b9",
      "geometry": {
        "type": "Polygon",
        "coordinates": [
          [
            [
              12928.0,
              13147.0
            ],
            [
              13595.0,
              13147.0
            ],
            [
              13595.0,
              13792.0
            ],
            [
              12928.0,
              13792.0
            ],
            [
              12928.0,
              13147.0
            ]
          ]
        ]
      },
      "properties": {
        "objectType": "annotation",
        "classification": {
          "name": "A | Marked (>50%) crypt distortion",
          "color": [
            0,
            51,
            0
          ]
        },
        "case_key": "S2415106A01",
        "source": "A",
        "orig_class": "Marked (>50%) crypt distortion",
        "match": {
          "status": "union_mode",
          "class": "Marked (>50%) crypt distortion",
          "area_a": 303619564.0,
          "area_b": 208119125.0,
          "area_intersection": 193281571.0,
          "cas": 0.9122954055259489,
          "oc": 0.9287064367582749,
          "ar": 1.4588739213659485
        }
      }
    },
    {
      "type": "Feature",
      "id": "83bf6cb1-3129-49c6-91e0-f18d846ae0d4",
      "geometry": {
        "type": "Polygon",
        "coordinates": [
          [
            [
              12445.0,
              14222.0
            ],
            [
              13014.0,
              14222.0
            ],
            [
              13014.0,
              14877.0
            ],
            [
              12445.0,
              14877.0
            ],
            [
              12445.0,
              14222.0
            ]
          ]
        ]
      },
      "properties": {
        "objectType": "annotation",
        "classification": {
          "name": "A | Marked (>50%) crypt distortion",
          "color": [
            0,
            51,
            0
          ]
        },
        "case_key": "S2415106A01",
        "source": "A",
        "orig_class": "Marked (>50%) crypt distortion",
        "match": {
          "status": "union_mode",
          "class": "Marked (>50%) crypt distortion",
          "area_a": 303619564.0,
          "area_b": 208119125.0,
          "area_intersection": 193281571.0,
          "cas": 0.9122954055259489,
          "oc": 0.9287064367582749,
          "ar": 1.4588739213659485
        }
      }
    },
    {
      "type": "Feature",
      "id": "a26612ab-c565-4619-b6e9-3ea69926194c",
      "geometry": {
        "type": "Polygon",
        "coordinates": [
          [
            [
              15110.0,
              15683.0
            ],
            [
              15604.0,
              15683.0
            ],
            [
              15604.0,
              16210.0
            ],
            [
              15110.0,
              16210.0
            ],
            [
              15110.0,
              15683.0
            ]
          ]
        ]
      },
      "properties": {
        "objectType": "annotation",
        "classification": {
          "name": "A | Marked (>50%) crypt distortion",
          "color": [
            0,
            51,
            0
          ]
        },
        "case_key": "S2415106A01",
        "source": "A",
        "orig_class": "Marked (>50%) crypt distortion",
        "match": {
          "status": "union_mode",
          "class": "Marked (>50%) crypt distortion",
          "area_a": 303619564.0,
          "area_b": 208119125.0,
          "area_intersection": 193281571.0,
          "cas": 0.9122954055259489,
          "oc": 0.9287064367582749,
          "ar": 1.4588739213659485
        }
      }
    },
    {
      "type": "Feature",
      "id": "eec1f4dd-001e-4677-8670-1c29193b2edb",
      "geometry": {
        "type": "Polygon",
        "coordinates": [
          [
            [
              15916.0,
              17274.0
            ],
            [
              16636.0,
              17274.0
            ],
            [
              16636.0,
              17843.0
            ],
            [
              15916.0,
              17843.0
            ],
            [
              15916.0,
              17274.0
            ]
          ]
        ]
      },
      "properties": {
        "objectType": "annotation",
        "classification": {
          "name": "A | Marked (>50%) crypt distortion",
          "color": [
            0,
            51,
            0
          ]
        },
        "case_key": "S2415106A01",
        "source": "A",
        "orig_class": "Marked (>50%) crypt distortion",
        "match": {
          "status": "union_mode",
          "class": "Marked (>50%) crypt distortion",
          "area_a": 303619564.0,
          "area_b": 208119125.0,
          "area_intersection": 193281571.0,
          "cas": 0.9122954055259489,
          "oc": 0.9287064367582749,
          "ar": 1.4588739213659485
        }
      }
    },
    {
      "type": "Feature",
      "id": "60a507fa-6d8a-42ef-8aab-07f2c936c437",
      "geometry": {
        "type": "Polygon",
        "coordinates": [
          [
            [
              17807.0,
              18928.0
            ],
            [
              18344.0,
              18928.0
            ],
            [
              18344.0,
              19810.0
            ],
            [
              17807.0,
              19810.0
            ],
            [
              17807.0,
              18928.0
            ]
          ]
        ]
      },
      "properties": {
        "objectType": "annotation",
        "classification": {
          "name": "A | Marked (>50%) crypt distortion",
          "color": [
            0,
            51,
            0
          ]
        },
        "case_key": "S2415106A01",
        "source": "A",
        "orig_class": "Marked (>50%) crypt distortion",
        "match": {
          "status": "union_mode",
          "class": "Marked (>50%) crypt distortion",
          "area_a": 303619564.0,
          "area_b": 208119125.0,
          "area_intersection": 193281571.0,
          "cas": 0.9122954055259489,
          "oc": 0.9287064367582749,
          "ar": 1.4588739213659485
        }
      }
    },
    {
      "type": "Feature",
      "id": "ae9a64b7-9023-4345-97cf-31bf1efa658c",
      "geometry": {
        "type": "Polygon",
        "coordinates": [
          [
            [
              23814.0,
              12717.0
            ],
            [
              24459.0,
              12717.0
            ],
            [
              24459.0,
              13512.0
            ],
            [
              23814.0,
              13512.0
            ],
            [
              23814.0,
              12717.0
            ]
          ]
        ]
      },
      "properties": {
        "objectType": "annotation",
        "classification": {
          "name": "A | Marked (>50%) crypt distortion",
          "color": [
            0,
            51,
            0
          ]
        },
        "case_key": "S2415106A01",
        "source": "A",
        "orig_class": "Marked (>50%) crypt distortion",
        "match": {
          "status": "union_mode",
          "class": "Marked (>50%) crypt distortion",
          "area_a": 303619564.0,
          "area_b": 208119125.0,
          "area_intersection": 193281571.0,
          "cas": 0.9122954055259489,
          "oc": 0.9287064367582749,
          "ar": 1.4588739213659485
        }
      }
    },
    {
      "type": "Feature",
      "id": "d4f149b5-8b9b-4257-b256-c13e7486c460",
      "geometry": {
        "type": "Polygon",
        "coordinates": [
          [
            [
              21697.0,
              15425.0
            ],
            [
              22439.0,
              15425.0
            ],
            [
              22439.0,
              15823.0
            ],
            [
              21697.0,
              15823.0
            ],
            [
              21697.0,
              15425.0
            ]
          ]
        ]
      },
      "properties": {
        "objectType": "annotation",
        "classification": {
          "name": "A | Marked (>50%) crypt distortion",
          "color": [
            0,
            51,
            0
          ]
        },
        "case_key": "S2415106A01",
        "source": "A",
        "orig_class": "Marked (>50%) crypt distortion",
        "match": {
          "status": "union_mode",
          "class": "Marked (>50%) crypt distortion",
          "area_a": 303619564.0,
          "area_b": 208119125.0,
          "area_intersection": 193281571.0,
          "cas": 0.9122954055259489,
          "oc": 0.9287064367582749,
          "ar": 1.4588739213659485
        }
      }
    },
    {
      "type": "Feature",
      "id": "abce503b-dea4-4512-b099-5d28fc4b0bb2",
      "geometry": {
        "type": "Polygon",
        "coordinates": [
          [
            [
              25405.0,
              14920.0
            ],
            [
              25889.0,
              14920.0
            ],
            [
              25889.0,
              15726.0
            ],
            [
              25405.0,
              15726.0
            ],
            [
              25405.0,
              14920.0
            ]
          ]
        ]
      },
      "properties": {
        "objectType": "annotation",
        "classification": {
          "name": "A | Marked (>50%) crypt distortion",
          "color": [
            0,
            51,
            0
          ]
        },
        "case_key": "S2415106A01",
        "source": "A",
        "orig_class": "Marked (>50%) crypt distortion",
        "match": {
          "status": "union_mode",
          "class": "Marked (>50%) crypt distortion",
          "area_a": 303619564.0,
          "area_b": 208119125.0,
          "area_intersection": 193281571.0,
          "cas": 0.9122954055259489,
          "oc": 0.9287064367582749,
          "ar": 1.4588739213659485
        }
      }
    },
    {
      "type": "Feature",
      "id": "a3aebcf6-5f4d-4a83-8582-6963356a3776",
      "geometry": {
        "type": "Polygon",
        "coordinates": [
          [
            [
              25942.0,
              15855.0
            ],
            [
              26329.0,
              15855.0
            ],
            [
              26329.0,
              16457.0
            ],
            [
              25942.0,
              16457.0
            ],
            [
              25942.0,
              15855.0
            ]
          ]
        ]
      },
      "properties": {
        "objectType": "annotation",
        "classification": {
          "name": "A | Marked (>50%) crypt distortion",
          "color": [
            0,
            51,
            0
          ]
        },
        "case_key": "S2415106A01",
        "source": "A",
        "orig_class": "Marked (>50%) crypt distortion",
        "match": {
          "status": "union_mode",
          "class": "Marked (>50%) crypt distortion",
          "area_a": 303619564.0,
          "area_b": 208119125.0,
          "area_intersection": 193281571.0,
          "cas": 0.9122954055259489,
          "oc": 0.9287064367582749,
          "ar": 1.4588739213659485
        }
      }
    },
    {
      "type": "Feature",
      "id": "4956c9ed-4824-444d-be57-24ae2b653ebb",
      "geometry": {
        "type": "Polygon",
        "coordinates": [
          [
            [
              23600.0,
              16876.0
            ],
            [
              23986.0,
              16876.0
            ],
            [
              23986.0,
              17553.0
            ],
            [
              23600.0,
              17553.0
            ],
            [
              23600.0,
              16876.0
            ]
          ]
        ]
      },
      "properties": {
        "objectType": "annotation",
        "classification": {
          "name": "A | Marked (>50%) crypt distortion",
          "color": [
            0,
            51,
            0
          ]
        },
        "case_key": "S2415106A01",
        "source": "A",
        "orig_class": "Marked (>50%) crypt distortion",
        "match": {
          "status": "union_mode",
          "class": "Marked (>50%) crypt distortion",
          "area_a": 303619564.0,
          "area_b": 208119125.0,
          "area_intersection": 193281571.0,
          "cas": 0.9122954055259489,
          "oc": 0.9287064367582749,
          "ar": 1.4588739213659485
        }
      }
    },
    {
      "type": "Feature",
      "id": "da1f6b7a-627e-4037-b25b-db2c19a08386",
      "geometry": {
        "type": "Polygon",
        "coordinates": [
          [
            [
              21160.0,
              13093.0
            ],
            [
              21676.0,
              13093.0
            ],
            [
              21676.0,
              13641.0
            ],
            [
              21160.0,
              13641.0
            ],
            [
              21160.0,
              13093.0
            ]
          ]
        ]
      },
      "properties": {
        "objectType": "annotation",
        "classification": {
          "name": "A | Marked (>50%) crypt distortion",
          "color": [
            0,
            51,
            0
          ]
        },
        "case_key": "S2415106A01",
        "source": "A",
        "orig_class": "Marked (>50%) crypt distortion",
        "match": {
          "status": "union_mode",
          "class": "Marked (>50%) crypt distortion",
          "area_a": 303619564.0,
          "area_b": 208119125.0,
          "area_intersection": 193281571.0,
          "cas": 0.9122954055259489,
          "oc": 0.9287064367582749,
          "ar": 1.4588739213659485
        }
      }
    },
    {
      "type": "Feature",
      "id": "503c057b-e619-4bf5-951c-def113d8df31",
      "geometry": {
        "type": "Polygon",
        "coordinates": [
          [
            [
              23986.0,
              15672.0
            ],
            [
              24577.0,
              15672.0
            ],
            [
              24577.0,
              16167.0
            ],
            [
              23986.0,
              16167.0
            ],
            [
              23986.0,
              15672.0
            ]
          ]
        ]
      },
      "properties": {
        "objectType": "annotation",
        "classification": {
          "name": "A | Marked (>50%) crypt distortion",
          "color": [
            0,
            51,
            0
          ]
        },
        "case_key": "S2415106A01",
        "source": "A",
        "orig_class": "Marked (>50%) crypt distortion",
        "match": {
          "status": "union_mode",
          "class": "Marked (>50%) crypt distortion",
          "area_a": 303619564.0,
          "area_b": 208119125.0,
          "area_intersection": 193281571.0,
          "cas": 0.9122954055259489,
          "oc": 0.9287064367582749,
          "ar": 1.4588739213659485
        }
      }
    },
    {
      "type": "Feature",
      "id": "b5632676-4b62-49b4-8ab3-caa44836b67c",
      "geometry": {
        "type": "Polygon",
        "coordinates": [
          [
            [
              20894.0,
              11852.0
            ],
            [
              27481.0,
              11852.0
            ],
            [
              27481.0,
              18396.0
            ],
            [
              20894.0,
              18396.0
            ],
            [
              20894.0,
              11852.0
            ]
          ]
        ]
      },
      "properties": {
        "objectType": "annotation",
        "classification": {
          "name": "A | Marked (>50%) crypt distortion",
          "color": [
            0,
            51,
            0
          ]
        },
        "case_key": "S2415106A01",
        "source": "A",
        "orig_class": "Marked (>50%) crypt distortion",
        "match": {
          "status": "union_mode",
          "class": "Marked (>50%) crypt distortion",
          "area_a": 303619564.0,
          "area_b": 208119125.0,
          "area_intersection": 193281571.0,
          "cas": 0.9122954055259489,
          "oc": 0.9287064367582749,
          "ar": 1.4588739213659485
        }
      }
    },
    {
      "type": "Feature",
      "id": "39fb832d-eef6-4a43-903d-5c4273ed946a",
      "geometry": {
        "type": "Polygon",
        "coordinates": [
          [
            [
              14316.0,
              13571.0
            ],
            [
              16474.0,
              13571.0
            ],
            [
              16474.0,
              14103.0
            ],
            [
              14316.0,
              14103.0
            ],
            [
              14316.0,
              13571.0
            ]
          ]
        ]
      },
      "properties": {
        "objectType": "annotation",
        "classification": {
          "name": "A | Basal Plasmacytosis",
          "color": [
            202,
            65,
            86
          ]
        },
        "case_key": "S2415106A01",
        "source": "A",
        "orig_class": "Basal Plasmacytosis",
        "match": {
          "status": "union_mode",
          "class": "Basal Plasmacytosis",
          "area_a": 9438538.0,
          "area_b": 3919889.0,
          "area_intersection": 181526.0,
          "cas": 0.042048051644848074,
          "oc": 0.04630896436098063,
          "ar": 2.40785848782963
        }
      }
    },
    {
      "type": "Feature",
      "id": "bbc87937-087d-41a0-a189-8a58a7601b86",
      "geometry": {
        "type": "Polygon",
        "coordinates": [
          [
            [
              11514.0,
              11699.0
            ],
            [
              19978.0,
              11699.0
            ],
            [
              19978.0,
              22275.0
            ],
            [
              11514.0,
              22275.0
            ],
            [
              11514.0,
              11699.0
            ]
          ]
        ]
      },
      "properties": {
        "objectType": "annotation",
        "classification": {
          "name": "A | Marked (>50%) crypt distortion",
          "color": [
            0,
            51,
            0
          ]
        },
        "case_key": "S2415106A01",
        "source": "A",
        "orig_class": "Marked (>50%) crypt distortion",
        "match": {
          "status": "union_mode",
          "class": "Marked (>50%) crypt distortion",
          "area_a": 303619564.0,
          "area_b": 208119125.0,
          "area_intersection": 193281571.0,
          "cas": 0.9122954055259489,
          "oc": 0.9287064367582749,
          "ar": 1.4588739213659485
        }
      }
    },
    {
      "type": "Feature",
      "id": "3d9648d4-b757-494c-a8a1-35694353780d",
      "geometry": {
        "type": "Polygon",
        "coordinates": [
          [
            [
              8090.0,
              14035.0
            ],
            [
              8826.0,
              14035.0
            ],
            [
              8826.0,
              14963.0
            ],
            [
              8090.0,
              14963.0
            ],
            [
              8090.0,
              14035.0
            ]
          ]
        ]
      },
      "properties": {
        "objectType": "annotation",
        "classification": {
          "name": "A | Moderate to marked mononuclear cell infiltrate",
          "color": [
            21,
            11,
            49
          ]
        },
        "case_key": "S2415106A01",
        "source": "A",
        "orig_class": "Moderate to marked mononuclear cell infiltrate",
        "match": {
          "status": "union_mode",
          "class": "Moderate to marked mononuclear cell infiltrate",
          "area_a": 15280804.0,
          "area_b": 14992546.0,
          "area_intersection": 5314226.0,
          "cas": 0.35444180612012294,
          "oc": 0.35445787526681594,
          "ar": 1.0192267544151608
        }
      }
    },
    {
      "type": "Feature",
      "id": "12fc1787-9e1e-4028-91bf-3c9f19711899",
      "geometry": {
        "type": "Polygon",
        "coordinates": [
          [
            [
              6090.0,
              11187.0
            ],
            [
              6986.0,
              11187.0
            ],
            [
              6986.0,
              12627.0
            ],
            [
              6090.0,
              12627.0
            ],
            [
              6090.0,
              11187.0
            ]
          ]
        ]
      },
      "properties": {
        "objectType": "annotation",
        "classification": {
          "name": "A | Moderate to marked mononuclear cell infiltrate",
          "color": [
            21,
            11,
            49
          ]
        },
        "case_key": "S2415106A01",
        "source": "A",
        "orig_class": "Moderate to marked mononuclear cell infiltrate",
        "match": {
          "status": "union_mode",
          "class": "Moderate to marked mononuclear cell infiltrate",
          "area_a": 15280804.0,
          "area_b": 14992546.0,
          "area_intersection": 5314226.0,
          "cas": 0.35444180612012294,
          "oc": 0.35445787526681594,
          "ar": 1.0192267544151608
        }
      }
    },
    {
      "type": "Feature",
      "id": "77551f53-603e-4551-8973-6505cd8489be",
      "geometry": {
        "type": "Polygon",
        "coordinates": [
          [
            [
              8842.0,
              9507.0
            ],
            [
              9562.0,
              9507.0
            ],
            [
              9562.0,
              9923.0
            ],
            [
              8842.0,
              9923.0
            ],
            [
              8842.0,
              9507.0
            ]
          ]
        ]
      },
      "properties": {
        "objectType": "annotation",
        "classification": {
          "name": "A | Moderate to marked mononuclear cell infiltrate",
          "color": [
            21,
            11,
            49
          ]
        },
        "case_key": "S2415106A01",
        "source": "A",
        "orig_class": "Moderate to marked mononuclear cell infiltrate",
        "match": {
          "status": "union_mode",
          "class": "Moderate to marked mononuclear cell infiltrate",
          "area_a": 15280804.0,
          "area_b": 14992546.0,
          "area_intersection": 5314226.0,
          "cas": 0.35444180612012294,
          "oc": 0.35445787526681594,
          "ar": 1.0192267544151608
        }
      }
    },
    {
      "type": "Feature",
      "id": "2d52e807-551b-41d7-9b16-2581d6a1260e",
      "geometry": {
        "type": "Polygon",
        "coordinates": [
          [
            [
              7658.0,
              10483.0
            ],
            [
              8186.0,
              10483.0
            ],
            [
              8186.0,
              10915.0
            ],
            [
              7658.0,
              10915.0
            ],
            [
              7658.0,
              10483.0
            ]
          ]
        ]
      },
      "properties": {
        "objectType": "annotation",
        "classification": {
          "name": "A | Moderate to marked mononuclear cell infiltrate",
          "color": [
            21,
            11,
            49
          ]
        },
        "case_key": "S2415106A01",
        "source": "A",
        "orig_class": "Moderate to marked mononuclear cell infiltrate",
        "match": {
          "status": "union_mode",
          "class": "Moderate to marked mononuclear cell infiltrate",
          "area_a": 15280804.0,
          "area_b": 14992546.0,
          "area_intersection": 5314226.0,
          "cas": 0.35444180612012294,
          "oc": 0.35445787526681594,
          "ar": 1.0192267544151608
        }
      }
    },
    {
      "type": "Feature",
      "id": "6567d9d6-0bbe-4bd6-acb4-c06f543b153d",
      "geometry": {
        "type": "Polygon",
        "coordinates": [
          [
            [
              9418.0,
              13363.0
            ],
            [
              10090.0,
              13363.0
            ],
            [
              10090.0,
              14707.0
            ],
            [
              9418.0,
              14707.0
            ],
            [
              9418.0,
              13363.0
            ]
          ]
        ]
      },
      "properties": {
        "objectType": "annotation",
        "classification": {
          "name": "A | Moderate to marked mononuclear cell infiltrate",
          "color": [
            21,
            11,
            49
          ]
        },
        "case_key": "S2415106A01",
        "source": "A",
        "orig_class": "Moderate to marked mononuclear cell infiltrate",
        "match": {
          "status": "union_mode",
          "class": "Moderate to marked mononuclear cell infiltrate",
          "area_a": 15280804.0,
          "area_b": 14992546.0,
          "area_intersection": 5314226.0,
          "cas": 0.35444180612012294,
          "oc": 0.35445787526681594,
          "ar": 1.0192267544151608
        }
      }
    },
    {
      "type": "Feature",
      "id": "4ce1f292-b32b-489d-b699-66ca1dd04028",
      "geometry": {
        "type": "Polygon",
        "coordinates": [
          [
            [
              8730.0,
              12627.0
            ],
            [
              9674.0,
              12627.0
            ],
            [
              9674.0,
              13043.0
            ],
            [
              8730.0,
              13043.0
            ],
            [
              8730.0,
              12627.0
            ]
          ]
        ]
      },
      "properties": {
        "objectType": "annotation",
        "classification": {
          "name": "A | Moderate to marked mononuclear cell infiltrate",
          "color": [
            21,
            11,
            49
          ]
        },
        "case_key": "S2415106A01",
        "source": "A",
        "orig_class": "Moderate to marked mononuclear cell infiltrate",
        "match": {
          "status": "union_mode",
          "class": "Moderate to marked mononuclear cell infiltrate",
          "area_a": 15280804.0,
          "area_b": 14992546.0,
          "area_intersection": 5314226.0,
          "cas": 0.35444180612012294,
          "oc": 0.35445787526681594,
          "ar": 1.0192267544151608
        }
      }
    },
    {
      "type": "Feature",
      "id": "c73f74d6-b31f-47bd-b56d-8e8da48576f4",
      "geometry": {
        "type": "Polygon",
        "coordinates": [
          [
            [
              5802.0,
              8723.0
            ],
            [
              10906.0,
              8723.0
            ],
            [
              10906.0,
              16323.0
            ],
            [
              5802.0,
              16323.0
            ],
            [
              5802.0,
              8723.0
            ]
          ]
        ]
      },
      "properties": {
        "objectType": "annotation",
        "classification": {
          "name": "A | Marked (>50%) crypt distortion",
          "color": [
            0,
            51,
            0
          ]
        },
        "case_key": "S2415106A01",
        "source": "A",
        "orig_class": "Marked (>50%) crypt distortion",
        "match": {
          "status": "union_mode",
          "class": "Marked (>50%) crypt distortion",
          "area_a": 303619564.0,
          "area_b": 208119125.0,
          "area_intersection": 193281571.0,
          "cas": 0.9122954055259489,
          "oc": 0.9287064367582749,
          "ar": 1.4588739213659485
        }
      }
    },
    {
      "type": "Feature",
      "id": "a2204196-75aa-4bf3-8f17-c99530107031",
      "geometry": {
        "type": "Polygon",
        "coordinates": [
          [
            [
              5162.0,
              16531.0
            ],
            [
              6346.0,
              16531.0
            ],
            [
              6346.0,
              17267.0
            ],
            [
              5162.0,
              17267.0
            ],
            [
              5162.0,
              16531.0
            ]
          ]
        ]
      },
      "properties": {
        "objectType": "annotation",
        "classification": {
          "name": "A | Moderate to marked mononuclear cell infiltrate",
          "color": [
            21,
            11,
            49
          ]
        },
        "case_key": "S2415106A01",
        "source": "A",
        "orig_class": "Moderate to marked mononuclear cell infiltrate",
        "match": {
          "status": "union_mode",
          "class": "Moderate to marked mononuclear cell infiltrate",
          "area_a": 15280804.0,
          "area_b": 14992546.0,
          "area_intersection": 5314226.0,
          "cas": 0.35444180612012294,
          "oc": 0.35445787526681594,
          "ar": 1.0192267544151608
        }
      }
    },
    {
      "type": "Feature",
      "id": "bed4f2f4-76cb-4842-97a1-60002788df44",
      "geometry": {
        "type": "Polygon",
        "coordinates": [
          [
            [
              6314.0,
              18771.0
            ],
            [
              6922.0,
              18771.0
            ],
            [
              6922.0,
              19379.0
            ],
            [
              6314.0,
              19379.0
            ],
            [
              6314.0,
              18771.0
            ]
          ]
        ]
      },
      "properties": {
        "objectType": "annotation",
        "classification": {
          "name": "A | Moderate to marked mononuclear cell infiltrate",
          "color": [
            21,
            11,
            49
          ]
        },
        "case_key": "S2415106A01",
        "source": "A",
        "orig_class": "Moderate to marked mononuclear cell infiltrate",
        "match": {
          "status": "union_mode",
          "class": "Moderate to marked mononuclear cell infiltrate",
          "area_a": 15280804.0,
          "area_b": 14992546.0,
          "area_intersection": 5314226.0,
          "cas": 0.35444180612012294,
          "oc": 0.35445787526681594,
          "ar": 1.0192267544151608
        }
      }
    },
    {
      "type": "Feature",
      "id": "a8e0e8b7-4c98-4512-9800-998e368a2d9e",
      "geometry": {
        "type": "Polygon",
        "coordinates": [
          [
            [
              8586.0,
              17731.0
            ],
            [
              9290.0,
              17731.0
            ],
            [
              9290.0,
              18291.0
            ],
            [
              8586.0,
              18291.0
            ],
            [
              8586.0,
              17731.0
            ]
          ]
        ]
      },
      "properties": {
        "objectType": "annotation",
        "classification": {
          "name": "A | Moderate to marked mononuclear cell infiltrate",
          "color": [
            21,
            11,
            49
          ]
        },
        "case_key": "S2415106A01",
        "source": "A",
        "orig_class": "Moderate to marked mononuclear cell infiltrate",
        "match": {
          "status": "union_mode",
          "class": "Moderate to marked mononuclear cell infiltrate",
          "area_a": 15280804.0,
          "area_b": 14992546.0,
          "area_intersection": 5314226.0,
          "cas": 0.35444180612012294,
          "oc": 0.35445787526681594,
          "ar": 1.0192267544151608
        }
      }
    },
    {
      "type": "Feature",
      "id": "161a4327-f411-409f-be46-d7f67b575c7a",
      "geometry": {
        "type": "Polygon",
        "coordinates": [
          [
            [
              7082.0,
              20083.0
            ],
            [
              7466.0,
              20083.0
            ],
            [
              7466.0,
              20739.0
            ],
            [
              7082.0,
              20739.0
            ],
            [
              7082.0,
              20083.0
            ]
          ]
        ]
      },
      "properties": {
        "objectType": "annotation",
        "classification": {
          "name": "A | Moderate to marked mononuclear cell infiltrate",
          "color": [
            21,
            11,
            49
          ]
        },
        "case_key": "S2415106A01",
        "source": "A",
        "orig_class": "Moderate to marked mononuclear cell infiltrate",
        "match": {
          "status": "union_mode",
          "class": "Moderate to marked mononuclear cell infiltrate",
          "area_a": 15280804.0,
          "area_b": 14992546.0,
          "area_intersection": 5314226.0,
          "cas": 0.35444180612012294,
          "oc": 0.35445787526681594,
          "ar": 1.0192267544151608
        }
      }
    },
    {
      "type": "Feature",
      "id": "ffc90a65-977e-4b42-974f-c46cca25e399",
      "geometry": {
        "type": "Polygon",
        "coordinates": [
          [
            [
              8522.0,
              20275.0
            ],
            [
              8922.0,
              20275.0
            ],
            [
              8922.0,
              20851.0
            ],
            [
              8522.0,
              20851.0
            ],
            [
              8522.0,
              20275.0
            ]
          ]
        ]
      },
      "properties": {
        "objectType": "annotation",
        "classification": {
          "name": "A | Moderate to marked mononuclear cell infiltrate",
          "color": [
            21,
            11,
            49
          ]
        },
        "case_key": "S2415106A01",
        "source": "A",
        "orig_class": "Moderate to marked mononuclear cell infiltrate",
        "match": {
          "status": "union_mode",
          "class": "Moderate to marked mononuclear cell infiltrate",
          "area_a": 15280804.0,
          "area_b": 14992546.0,
          "area_intersection": 5314226.0,
          "cas": 0.35444180612012294,
          "oc": 0.35445787526681594,
          "ar": 1.0192267544151608
        }
      }
    },
    {
      "type": "Feature",
      "id": "5f81ddeb-f873-4a00-a989-56eb4039f881",
      "geometry": {
        "type": "Polygon",
        "coordinates": [
          [
            [
              4570.0,
              16147.0
            ],
            [
              9834.0,
              16147.0
            ],
            [
              9834.0,
              21379.0
            ],
            [
              4570.0,
              21379.0
            ],
            [
              4570.0,
              16147.0
            ]
          ]
        ]
      },
      "properties": {
        "objectType": "annotation",
        "classification": {
          "name": "A | Marked (>50%) crypt distortion",
          "color": [
            0,
            51,
            0
          ]
        },
        "case_key": "S2415106A01",
        "source": "A",
        "orig_class": "Marked (>50%) crypt distortion",
        "match": {
          "status": "union_mode",
          "class": "Marked (>50%) crypt distortion",
          "area_a": 303619564.0,
          "area_b": 208119125.0,
          "area_intersection": 193281571.0,
          "cas": 0.9122954055259489,
          "oc": 0.9287064367582749,
          "ar": 1.4588739213659485
        }
      }
    },
    {
      "type": "Feature",
      "id": "66c7b2ec-174f-4da4-8abc-27681fe8bcb7",
      "geometry": {
        "type": "Polygon",
        "coordinates": [
          [
            [
              6885.0,
              21739.0
            ],
            [
              10117.0,
              21739.0
            ],
            [
              10117.0,
              28683.0
            ],
            [
              6885.0,
              28683.0
            ],
            [
              6885.0,
              21739.0
            ]
          ]
        ]
      },
      "properties": {
        "objectType": "annotation",
        "classification": {
          "name": "A | Marked (>50%) crypt distortion",
          "color": [
            0,
            51,
            0
          ]
        },
        "case_key": "S2415106A01",
        "source": "A",
        "orig_class": "Marked (>50%) crypt distortion",
        "match": {
          "status": "union_mode",
          "class": "Marked (>50%) crypt distortion",
          "area_a": 303619564.0,
          "area_b": 208119125.0,
          "area_intersection": 193281571.0,
          "cas": 0.9122954055259489,
          "oc": 0.9287064367582749,
          "ar": 1.4588739213659485
        }
      }
    },
    {
      "type": "Feature",
      "id": "69ce8086-845a-4544-9a03-714fd80fac75",
      "geometry": {
        "type": "Polygon",
        "coordinates": [
          [
            [
              13553.0,
              26165.0
            ],
            [
              13936.0,
              26165.0
            ],
            [
              13936.0,
              26364.0
            ],
            [
              13553.0,
              26364.0
            ],
            [
              13553.0,
              26165.0
            ]
          ]
        ]
      },
      "properties": {
        "objectType": "annotation",
        "classification": {
          "name": "A | Ulcer/ erosion",
          "color": [
            255,
            0,
            0
          ]
        },
        "case_key": "S2415106A01",
        "source": "A",
        "orig_class": "Ulcer/ erosion",
        "match": {
          "status": "union_mode",
          "class": "Ulcer/ erosion",
          "area_a": 4445152.0,
          "area_b": 3406664.0,
          "area_intersection": 348485.0,
          "cas": 0.10139378698081226,
          "oc": 0.10229508985917014,
          "ar": 1.3048401603445483
        }
      }
    },
    {
      "type": "Feature",
      "id": "0f431b62-215d-49a5-87f5-064358a02917",
      "geometry": {
        "type": "Polygon",
        "coordinates": [
          [
            [
              13479.0,
              26342.0
            ],
            [
              13580.0,
              26342.0
            ],
            [
              13580.0,
              26561.0
            ],
            [
              13479.0,
              26561.0
            ],
            [
              13479.0,
              26342.0
            ]
          ]
        ]
      },
      "properties": {
        "objectType": "annotation",
        "classification": {
          "name": "A | Ulcer/ erosion",
          "color": [
            255,
            0,
            0
          ]
        },
        "case_key": "S2415106A01",
        "source": "A",
        "orig_class": "Ulcer/ erosion",
        "match": {
          "status": "union_mode",
          "class": "Ulcer/ erosion",
          "area_a": 4445152.0,
          "area_b": 3406664.0,
          "area_intersection": 348485.0,
          "cas": 0.10139378698081226,
          "oc": 0.10229508985917014,
          "ar": 1.3048401603445483
        }
      }
    },
    {
      "type": "Feature",
      "id": "0d33ab18-7f61-40a7-9238-89c6b6764e85",
      "geometry": {
        "type": "Polygon",
        "coordinates": [
          [
            [
              9501.0,
              19138.0
            ],
            [
              14829.0,
              19138.0
            ],
            [
              14829.0,
              30146.0
            ],
            [
              9501.0,
              30146.0
            ],
            [
              9501.0,
              19138.0
            ]
          ]
        ]
      },
      "properties": {
        "objectType": "annotation",
        "classification": {
          "name": "A | Marked (>50%) crypt distortion",
          "color": [
            0,
            51,
            0
          ]
        },
        "case_key": "S2415106A01",
        "source": "A",
        "orig_class": "Marked (>50%) crypt distortion",
        "match": {
          "status": "union_mode",
          "class": "Marked (>50%) crypt distortion",
          "area_a": 303619564.0,
          "area_b": 208119125.0,
          "area_intersection": 193281571.0,
          "cas": 0.9122954055259489,
          "oc": 0.9287064367582749,
          "ar": 1.4588739213659485
        }
      }
    },
    {
      "type": "Feature",
      "id": "55972cbd-b469-4c5a-835f-b90c0f261d5a",
      "geometry": {
        "type": "Polygon",
        "coordinates": [
          [
            [
              6965.0,
              22848.0
            ],
            [
              7769.0,
              22848.0
            ],
            [
              7769.0,
              23164.0
            ],
            [
              6965.0,
              23164.0
            ],
            [
              6965.0,
              22848.0
            ]
          ]
        ]
      },
      "properties": {
        "objectType": "annotation",
        "classification": {
          "name": "A | Ulcer/ erosion",
          "color": [
            255,
            0,
            0
          ]
        },
        "case_key": "S2415106A01",
        "source": "A",
        "orig_class": "Ulcer/ erosion",
        "match": {
          "status": "union_mode",
          "class": "Ulcer/ erosion",
          "area_a": 4445152.0,
          "area_b": 3406664.0,
          "area_intersection": 348485.0,
          "cas": 0.10139378698081226,
          "oc": 0.10229508985917014,
          "ar": 1.3048401603445483
        }
      }
    },
    {
      "type": "Feature",
      "id": "fe83e338-3e01-4510-bc1a-0e3311e3cce2",
      "geometry": {
        "type": "Polygon",
        "coordinates": [
          [
            [
              21824.0,
              6861.0
            ],
            [
              22286.0,
              6861.0
            ],
            [
              22286.0,
              7258.0
            ],
            [
              21824.0,
              7258.0
            ],
            [
              21824.0,
              6861.0
            ]
          ]
        ]
      },
      "properties": {
        "objectType": "annotation",
        "classification": {
          "name": "A | Crypt abscess",
          "color": [
            240,
            77,
            141
          ]
        },
        "case_key": "S2415106A01",
        "source": "A",
        "orig_class": "Crypt abscess",
        "match": {
          "status": "union_mode",
          "class": "Crypt abscess",
          "area_a": 4606674.0,
          "area_b": 3332459.0,
          "area_intersection": 2892472.0,
          "cas": 0.8566683514489166,
          "oc": 0.8679692683390854,
          "ar": 1.382364794285541
        }
      }
    },
    {
      "type": "Feature",
      "id": "f360c51f-f5ca-440f-9a89-111b200e560b",
      "geometry": {
        "type": "Polygon",
        "coordinates": [
          [
            [
              22084.0,
              7135.0
            ],
            [
              22460.0,
              7135.0
            ],
            [
              22460.0,
              7424.0
            ],
            [
              22084.0,
              7424.0
            ],
            [
              22084.0,
              7135.0
            ]
          ]
        ]
      },
      "properties": {
        "objectType": "annotation",
        "classification": {
          "name": "A | Crypt abscess",
          "color": [
            240,
            77,
            141
          ]
        },
        "case_key": "S2415106A01",
        "source": "A",
        "orig_class": "Crypt abscess",
        "match": {
          "status": "union_mode",
          "class": "Crypt abscess",
          "area_a": 4606674.0,
          "area_b": 3332459.0,
          "area_intersection": 2892472.0,
          "cas": 0.8566683514489166,
          "oc": 0.8679692683390854,
          "ar": 1.382364794285541
        }
      }
    },
    {
      "type": "Feature",
      "id": "1db6a8eb-f280-4ca6-8f5b-ff76c703fa08",
      "geometry": {
        "type": "Polygon",
        "coordinates": [
          [
            [
              20540.0,
              7864.0
            ],
            [
              21204.0,
              7864.0
            ],
            [
              21204.0,
              9199.0
            ],
            [
              20540.0,
              9199.0
            ],
            [
              20540.0,
              7864.0
            ]
          ]
        ]
      },
      "properties": {
        "objectType": "annotation",
        "classification": {
          "name": "A | Basal Plasmacytosis",
          "color": [
            202,
            65,
            86
          ]
        },
        "case_key": "S2415106A01",
        "source": "A",
        "orig_class": "Basal Plasmacytosis",
        "match": {
          "status": "union_mode",
          "class": "Basal Plasmacytosis",
          "area_a": 9438538.0,
          "area_b": 3919889.0,
          "area_intersection": 181526.0,
          "cas": 0.042048051644848074,
          "oc": 0.04630896436098063,
          "ar": 2.40785848782963
        }
      }
    },
    {
      "type": "Feature",
      "id": "d034e78b-0055-4f5a-8db1-d95d6bfee57d",
      "geometry": {
        "type": "Polygon",
        "coordinates": [
          [
            [
              21283.0,
              8196.0
            ],
            [
              22019.0,
              8196.0
            ],
            [
              22019.0,
              8773.0
            ],
            [
              21283.0,
              8773.0
            ],
            [
              21283.0,
              8196.0
            ]
          ]
        ]
      },
      "properties": {
        "objectType": "annotation",
        "classification": {
          "name": "A | Moderate to marked mononuclear cell infiltrate",
          "color": [
            21,
            11,
            49
          ]
        },
        "case_key": "S2415106A01",
        "source": "A",
        "orig_class": "Moderate to marked mononuclear cell infiltrate",
        "match": {
          "status": "union_mode",
          "class": "Moderate to marked mononuclear cell infiltrate",
          "area_a": 15280804.0,
          "area_b": 14992546.0,
          "area_intersection": 5314226.0,
          "cas": 0.35444180612012294,
          "oc": 0.35445787526681594,
          "ar": 1.0192267544151608
        }
      }
    },
    {
      "type": "Feature",
      "id": "d77ff7a1-694e-4adc-964c-bc53457085e5",
      "geometry": {
        "type": "Polygon",
        "coordinates": [
          [
            [
              22604.0,
              7987.0
            ],
            [
              22914.0,
              7987.0
            ],
            [
              22914.0,
              8189.0
            ],
            [
              22604.0,
              8189.0
            ],
            [
              22604.0,
              7987.0
            ]
          ]
        ]
      },
      "properties": {
        "objectType": "annotation",
        "classification": {
          "name": "A | No/ mild mononuclear cell infiltrate",
          "color": [
            185,
            185,
            116
          ]
        },
        "case_key": "S2415106A01",
        "source": "A",
        "orig_class": "No/ mild mononuclear cell infiltrate",
        "match": {
          "status": "union_mode",
          "class": "No/ mild mononuclear cell infiltrate",
          "area_a": 62620.0,
          "area_b": 0.0,
          "area_intersection": 0.0,
          "cas": 0.0,
          "oc": 0.0,
          "ar": Infinity
        }
      }
    },
    {
      "type": "Feature",
      "id": "9ebe75ae-6fc0-4b4e-9c2d-3bfd1bff018c",
      "geometry": {
        "type": "Polygon",
        "coordinates": [
          [
            [
              21933.0,
              7626.0
            ],
            [
              22272.0,
              7626.0
            ],
            [
              22272.0,
              8037.0
            ],
            [
              21933.0,
              8037.0
            ],
            [
              21933.0,
              7626.0
            ]
          ]
        ]
      },
      "properties": {
        "objectType": "annotation",
        "classification": {
          "name": "A | Moderate to marked mononuclear cell infiltrate",
          "color": [
            21,
            11,
            49
          ]
        },
        "case_key": "S2415106A01",
        "source": "A",
        "orig_class": "Moderate to marked mononuclear cell infiltrate",
        "match": {
          "status": "union_mode",
          "class": "Moderate to marked mononuclear cell infiltrate",
          "area_a": 15280804.0,
          "area_b": 14992546.0,
          "area_intersection": 5314226.0,
          "cas": 0.35444180612012294,
          "oc": 0.35445787526681594,
          "ar": 1.0192267544151608
        }
      }
    },
    {
      "type": "Feature",
      "id": "3989e789-100e-46d3-b02e-415d47290e8a",
      "geometry": {
        "type": "Polygon",
        "coordinates": [
          [
            [
              19926.0,
              6717.0
            ],
            [
              23730.0,
              6717.0
            ],
            [
              23730.0,
              10636.0
            ],
            [
              19926.0,
              10636.0
            ],
            [
              19926.0,
              6717.0
            ]
          ]
        ]
      },
      "properties": {
        "objectType": "annotation",
        "classification": {
          "name": "A | Marked (>50%) crypt distortion",
          "color": [
            0,
            51,
            0
          ]
        },
        "case_key": "S2415106A01",
        "source": "A",
        "orig_class": "Marked (>50%) crypt distortion",
        "match": {
          "status": "union_mode",
          "class": "Marked (>50%) crypt distortion",
          "area_a": 303619564.0,
          "area_b": 208119125.0,
          "area_intersection": 193281571.0,
          "cas": 0.9122954055259489,
          "oc": 0.9287064367582749,
          "ar": 1.4588739213659485
        }
      }
    },
    {
      "type": "Feature",
      "id": "8498fbe5-8966-445c-86f6-912e2846ab3a",
      "geometry": {
        "type": "Polygon",
        "coordinates": [
          [
            [
              15411.0,
              6211.0
            ],
            [
              16205.0,
              6211.0
            ],
            [
              16205.0,
              6556.0
            ],
            [
              15411.0,
              6556.0
            ],
            [
              15411.0,
              6211.0
            ]
          ]
        ]
      },
      "properties": {
        "objectType": "annotation",
        "classification": {
          "name": "A | Ulcer/ erosion",
          "color": [
            255,
            0,
            0
          ]
        },
        "case_key": "S2415106A01",
        "source": "A",
        "orig_class": "Ulcer/ erosion",
        "match": {
          "status": "union_mode",
          "class": "Ulcer/ erosion",
          "area_a": 4445152.0,
          "area_b": 3406664.0,
          "area_intersection": 348485.0,
          "cas": 0.10139378698081226,
          "oc": 0.10229508985917014,
          "ar": 1.3048401603445483
        }
      }
    },
    {
      "type": "Feature",
      "id": "09159076-21da-496c-ac91-d7bd9ed84f79",
      "geometry": {
        "type": "Polygon",
        "coordinates": [
          [
            [
              16752.0,
              7139.0
            ],
            [
              17003.0,
              7139.0
            ],
            [
              17003.0,
              7288.0
            ],
            [
              16752.0,
              7288.0
            ],
            [
              16752.0,
              7139.0
            ]
          ]
        ]
      },
      "properties": {
        "objectType": "annotation",
        "classification": {
          "name": "A | Ulcer/ erosion",
          "color": [
            255,
            0,
            0
          ]
        },
        "case_key": "S2415106A01",
        "source": "A",
        "orig_class": "Ulcer/ erosion",
        "match": {
          "status": "union_mode",
          "class": "Ulcer/ erosion",
          "area_a": 4445152.0,
          "area_b": 3406664.0,
          "area_intersection": 348485.0,
          "cas": 0.10139378698081226,
          "oc": 0.10229508985917014,
          "ar": 1.3048401603445483
        }
      }
    },
    {
      "type": "Feature",
      "id": "09b7e57f-95c5-4eef-8da7-358d28a5075e",
      "geometry": {
        "type": "Polygon",
        "coordinates": [
          [
            [
              17758.0,
              8809.0
            ],
            [
              18038.0,
              8809.0
            ],
            [
              18038.0,
              9258.0
            ],
            [
              17758.0,
              9258.0
            ],
            [
              17758.0,
              8809.0
            ]
          ]
        ]
      },
      "properties": {
        "objectType": "annotation",
        "classification": {
          "name": "A | Ulcer/ erosion",
          "color": [
            255,
            0,
            0
          ]
        },
        "case_key": "S2415106A01",
        "source": "A",
        "orig_class": "Ulcer/ erosion",
        "match": {
          "status": "union_mode",
          "class": "Ulcer/ erosion",
          "area_a": 4445152.0,
          "area_b": 3406664.0,
          "area_intersection": 348485.0,
          "cas": 0.10139378698081226,
          "oc": 0.10229508985917014,
          "ar": 1.3048401603445483
        }
      }
    },
    {
      "type": "Feature",
      "id": "4b4c6d81-4cd9-4b36-8073-f21ece482988",
      "geometry": {
        "type": "Polygon",
        "coordinates": [
          [
            [
              15241.0,
              9874.0
            ],
            [
              16195.0,
              9874.0
            ],
            [
              16195.0,
              10763.0
            ],
            [
              15241.0,
              10763.0
            ],
            [
              15241.0,
              9874.0
            ]
          ]
        ]
      },
      "properties": {
        "objectType": "annotation",
        "classification": {
          "name": "A | Basal lymphoid aggregates",
          "color": [
            0,
            0,
            255
          ]
        },
        "case_key": "S2415106A01",
        "source": "A",
        "orig_class": "Basal lymphoid aggregates",
        "match": {
          "status": "union_mode",
          "class": "Basal lymphoid aggregates",
          "area_a": 1317756.0,
          "area_b": 607047.0,
          "area_intersection": 425580.0,
          "cas": 0.6503485860404495,
          "oc": 0.7010659800641466,
          "ar": 2.170764372445626
        }
      }
    },
    {
      "type": "Feature",
      "id": "f373f80f-86f6-4c9f-884c-29474f5c3f96",
      "geometry": {
        "type": "Polygon",
        "coordinates": [
          [
            [
              14378.0,
              9802.0
            ],
            [
              15153.0,
              9802.0
            ],
            [
              15153.0,
              10408.0
            ],
            [
              14378.0,
              10408.0
            ],
            [
              14378.0,
              9802.0
            ]
          ]
        ]
      },
      "properties": {
        "objectType": "annotation",
        "classification": {
          "name": "A | Basal lymphoid aggregates",
          "color": [
            0,
            0,
            255
          ]
        },
        "case_key": "S2415106A01",
        "source": "A",
        "orig_class": "Basal lymphoid aggregates",
        "match": {
          "status": "union_mode",
          "class": "Basal lymphoid aggregates",
          "area_a": 1317756.0,
          "area_b": 607047.0,
          "area_intersection": 425580.0,
          "cas": 0.6503485860404495,
          "oc": 0.7010659800641466,
          "ar": 2.170764372445626
        }
      }
    },
    {
      "type": "Feature",
      "id": "cd87901a-cb54-40bd-a336-3c6884c0f42d",
      "geometry": {
        "type": "Polygon",
        "coordinates": [
          [
            [
              14010.0,
              10821.0
            ],
            [
              14610.0,
              10821.0
            ],
            [
              14610.0,
              11280.0
            ],
            [
              14010.0,
              11280.0
            ],
            [
              14010.0,
              10821.0
            ]
          ]
        ]
      },
      "properties": {
        "objectType": "annotation",
        "classification": {
          "name": "A | Ulcer/ erosion",
          "color": [
            255,
            0,
            0
          ]
        },
        "case_key": "S2415106A01",
        "source": "A",
        "orig_class": "Ulcer/ erosion",
        "match": {
          "status": "union_mode",
          "class": "Ulcer/ erosion",
          "area_a": 4445152.0,
          "area_b": 3406664.0,
          "area_intersection": 348485.0,
          "cas": 0.10139378698081226,
          "oc": 0.10229508985917014,
          "ar": 1.3048401603445483
        }
      }
    },
    {
      "type": "Feature",
      "id": "df3db749-a0d0-4a94-948c-e7c60edde341",
      "geometry": {
        "type": "Polygon",
        "coordinates": [
          [
            [
              14206.0,
              10144.0
            ],
            [
              15010.0,
              10144.0
            ],
            [
              15010.0,
              10460.0
            ],
            [
              14206.0,
              10460.0
            ],
            [
              14206.0,
              10144.0
            ]
          ]
        ]
      },
      "properties": {
        "objectType": "annotation",
        "classification": {
          "name": "A | Ulcer/ erosion",
          "color": [
            255,
            0,
            0
          ]
        },
        "case_key": "S2415106A01",
        "source": "A",
        "orig_class": "Ulcer/ erosion",
        "match": {
          "status": "union_mode",
          "class": "Ulcer/ erosion",
          "area_a": 4445152.0,
          "area_b": 3406664.0,
          "area_intersection": 348485.0,
          "cas": 0.10139378698081226,
          "oc": 0.10229508985917014,
          "ar": 1.3048401603445483
        }
      }
    },
    {
      "type": "Feature",
      "id": "8e17514b-60d9-4063-8d9d-155902f5814e",
      "geometry": {
        "type": "Polygon",
        "coordinates": [
          [
            [
              12412.0,
              10890.0
            ],
            [
              12861.0,
              10890.0
            ],
            [
              12861.0,
              11192.0
            ],
            [
              12412.0,
              11192.0
            ],
            [
              12412.0,
              10890.0
            ]
          ]
        ]
      },
      "properties": {
        "objectType": "annotation",
        "classification": {
          "name": "A | Ulcer/ erosion",
          "color": [
            255,
            0,
            0
          ]
        },
        "case_key": "S2415106A01",
        "source": "A",
        "orig_class": "Ulcer/ erosion",
        "match": {
          "status": "union_mode",
          "class": "Ulcer/ erosion",
          "area_a": 4445152.0,
          "area_b": 3406664.0,
          "area_intersection": 348485.0,
          "cas": 0.10139378698081226,
          "oc": 0.10229508985917014,
          "ar": 1.3048401603445483
        }
      }
    },
    {
      "type": "Feature",
      "id": "8387c6c1-66ba-4126-a92f-48f957c7c0ef",
      "geometry": {
        "type": "Polygon",
        "coordinates": [
          [
            [
              12164.0,
              10554.0
            ],
            [
              12812.0,
              10554.0
            ],
            [
              12812.0,
              10857.0
            ],
            [
              12164.0,
              10857.0
            ],
            [
              12164.0,
              10554.0
            ]
          ]
        ]
      },
      "properties": {
        "objectType": "annotation",
        "classification": {
          "name": "A | Ulcer/ erosion",
          "color": [
            255,
            0,
            0
          ]
        },
        "case_key": "S2415106A01",
        "source": "A",
        "orig_class": "Ulcer/ erosion",
        "match": {
          "status": "union_mode",
          "class": "Ulcer/ erosion",
          "area_a": 4445152.0,
          "area_b": 3406664.0,
          "area_intersection": 348485.0,
          "cas": 0.10139378698081226,
          "oc": 0.10229508985917014,
          "ar": 1.3048401603445483
        }
      }
    },
    {
      "type": "Feature",
      "id": "0ed70029-5fc1-4cf6-b405-4dd138d1435a",
      "geometry": {
        "type": "Polygon",
        "coordinates": [
          [
            [
              14367.0,
              7060.0
            ],
            [
              14836.0,
              7060.0
            ],
            [
              14836.0,
              8099.0
            ],
            [
              14367.0,
              8099.0
            ],
            [
              14367.0,
              7060.0
            ]
          ]
        ]
      },
      "properties": {
        "objectType": "annotation",
        "classification": {
          "name": "A | Basal Plasmacytosis",
          "color": [
            202,
            65,
            86
          ]
        },
        "case_key": "S2415106A01",
        "source": "A",
        "orig_class": "Basal Plasmacytosis",
        "match": {
          "status": "union_mode",
          "class": "Basal Plasmacytosis",
          "area_a": 9438538.0,
          "area_b": 3919889.0,
          "area_intersection": 181526.0,
          "cas": 0.042048051644848074,
          "oc": 0.04630896436098063,
          "ar": 2.40785848782963
        }
      }
    },
    {
      "type": "Feature",
      "id": "21ee2abe-71f6-4e3b-979b-5849fefb6bcc",
      "geometry": {
        "type": "Polygon",
        "coordinates": [
          [
            [
              13717.0,
              7558.0
            ],
            [
              14670.0,
              7558.0
            ],
            [
              14670.0,
              8908.0
            ],
            [
              13717.0,
              8908.0
            ],
            [
              13717.0,
              7558.0
            ]
          ]
        ]
      },
      "properties": {
        "objectType": "annotation",
        "classification": {
          "name": "A | Basal Plasmacytosis",
          "color": [
            202,
            65,
            86
          ]
        },
        "case_key": "S2415106A01",
        "source": "A",
        "orig_class": "Basal Plasmacytosis",
        "match": {
          "status": "union_mode",
          "class": "Basal Plasmacytosis",
          "area_a": 9438538.0,
          "area_b": 3919889.0,
          "area_intersection": 181526.0,
          "cas": 0.042048051644848074,
          "oc": 0.04630896436098063,
          "ar": 2.40785848782963
        }
      }
    },
    {
      "type": "Feature",
      "id": "76124592-10e2-4b02-a43a-43479a7fff08",
      "geometry": {
        "type": "Polygon",
        "coordinates": [
          [
            [
              15789.0,
              7717.0
            ],
            [
              16547.0,
              7717.0
            ],
            [
              16547.0,
              8150.0
            ],
            [
              15789.0,
              8150.0
            ],
            [
              15789.0,
              7717.0
            ]
          ]
        ]
      },
      "properties": {
        "objectType": "annotation",
        "classification": {
          "name": "A | Moderate to marked mononuclear cell infiltrate",
          "color": [
            21,
            11,
            49
          ]
        },
        "case_key": "S2415106A01",
        "source": "A",
        "orig_class": "Moderate to marked mononuclear cell infiltrate",
        "match": {
          "status": "union_mode",
          "class": "Moderate to marked mononuclear cell infiltrate",
          "area_a": 15280804.0,
          "area_b": 14992546.0,
          "area_intersection": 5314226.0,
          "cas": 0.35444180612012294,
          "oc": 0.35445787526681594,
          "ar": 1.0192267544151608
        }
      }
    },
    {
      "type": "Feature",
      "id": "999bd81e-5c4e-4c66-bddb-a7c55259cf68",
      "geometry": {
        "type": "Polygon",
        "coordinates": [
          [
            [
              15082.0,
              8337.0
            ],
            [
              15529.0,
              8337.0
            ],
            [
              15529.0,
              8648.0
            ],
            [
              15082.0,
              8648.0
            ],
            [
              15082.0,
              8337.0
            ]
          ]
        ]
      },
      "properties": {
        "objectType": "annotation",
        "classification": {
          "name": "A | Moderate to marked mononuclear cell infiltrate",
          "color": [
            21,
            11,
            49
          ]
        },
        "case_key": "S2415106A01",
        "source": "A",
        "orig_class": "Moderate to marked mononuclear cell infiltrate",
        "match": {
          "status": "union_mode",
          "class": "Moderate to marked mononuclear cell infiltrate",
          "area_a": 15280804.0,
          "area_b": 14992546.0,
          "area_intersection": 5314226.0,
          "cas": 0.35444180612012294,
          "oc": 0.35445787526681594,
          "ar": 1.0192267544151608
        }
      }
    },
    {
      "type": "Feature",
      "id": "c93a4ea1-6190-42c1-af22-8cecc8a14bef",
      "geometry": {
        "type": "Polygon",
        "coordinates": [
          [
            [
              14851.0,
              8879.0
            ],
            [
              15305.0,
              8879.0
            ],
            [
              15305.0,
              9514.0
            ],
            [
              14851.0,
              9514.0
            ],
            [
              14851.0,
              8879.0
            ]
          ]
        ]
      },
      "properties": {
        "objectType": "annotation",
        "classification": {
          "name": "A | Moderate to marked mononuclear cell infiltrate",
          "color": [
            21,
            11,
            49
          ]
        },
        "case_key": "S2415106A01",
        "source": "A",
        "orig_class": "Moderate to marked mononuclear cell infiltrate",
        "match": {
          "status": "union_mode",
          "class": "Moderate to marked mononuclear cell infiltrate",
          "area_a": 15280804.0,
          "area_b": 14992546.0,
          "area_intersection": 5314226.0,
          "cas": 0.35444180612012294,
          "oc": 0.35445787526681594,
          "ar": 1.0192267544151608
        }
      }
    },
    {
      "type": "Feature",
      "id": "8a47a293-9d79-425e-8aae-799322901244",
      "geometry": {
        "type": "Polygon",
        "coordinates": [
          [
            [
              13423.0,
              6162.0
            ],
            [
              18151.0,
              6162.0
            ],
            [
              18151.0,
              11407.0
            ],
            [
              13423.0,
              11407.0
            ],
            [
              13423.0,
              6162.0
            ]
          ]
        ]
      },
      "properties": {
        "objectType": "annotation",
        "classification": {
          "name": "A | Marked (>50%) crypt distortion",
          "color": [
            0,
            51,
            0
          ]
        },
        "case_key": "S2415106A01",
        "source": "A",
        "orig_class": "Marked (>50%) crypt distortion",
        "match": {
          "status": "union_mode",
          "class": "Marked (>50%) crypt distortion",
          "area_a": 303619564.0,
          "area_b": 208119125.0,
          "area_intersection": 193281571.0,
          "cas": 0.9122954055259489,
          "oc": 0.9287064367582749,
          "ar": 1.4588739213659485
        }
      }
    },
    {
      "type": "Feature",
      "id": "0433bfc5-a903-45bf-a528-0c3716a6e805",
      "geometry": {
        "type": "Polygon",
        "coordinates": [
          [
            [
              13839.0,
              17632.0
            ],
            [
              13839.0,
              18502.0
            ],
            [
              14424.0,
              18502.0
            ],
            [
              14424.0,
              17632.0
            ],
            [
              13839.0,
              17632.0
            ]
          ]
        ]
      },
      "properties": {
        "objectType": "annotation",
        "classification": {
          "name": "B | Ulcer/ erosion",
          "color": [
            255,
            0,
            0
          ]
        },
        "isLocked": true,
        "case_key": "S2415106A01",
        "source": "B",
        "orig_class": "Ulcer/ erosion",
        "match": {
          "status": "union_mode",
          "class": "Ulcer/ erosion",
          "area_a": 4445152.0,
          "area_b": 3406664.0,
          "area_intersection": 348485.0,
          "cas": 0.10139378698081226,
          "oc": 0.10229508985917014,
          "ar": 1.3048401603445483
        }
      }
    },
    {
      "type": "Feature",
      "id": "721b47e7-3bf9-4942-8883-5ab2fddab502",
      "geometry": {
        "type": "Polygon",
        "coordinates": [
          [
            [
              13258.0,
              24971.0
            ],
            [
              13258.0,
              25610.0
            ],
            [
              13571.0,
              25610.0
            ],
            [
              13571.0,
              24971.0
            ],
            [
              13258.0,
              24971.0
            ]
          ]
        ]
      },
      "properties": {
        "objectType": "annotation",
        "classification": {
          "name": "B | Ulcer/ erosion",
          "color": [
            255,
            0,
            0
          ]
        },
        "isLocked": true,
        "case_key": "S2415106A01",
        "source": "B",
        "orig_class": "Ulcer/ erosion",
        "match": {
          "status": "union_mode",
          "class": "Ulcer/ erosion",
          "area_a": 4445152.0,
          "area_b": 3406664.0,
          "area_intersection": 348485.0,
          "cas": 0.10139378698081226,
          "oc": 0.10229508985917014,
          "ar": 1.3048401603445483
        }
      }
    },
    {
      "type": "Feature",
      "id": "fa9461b5-b76e-4f93-85ff-7e2dd0faa5ef",
      "geometry": {
        "type": "Polygon",
        "coordinates": [
          [
            [
              12807.0,
              21537.0
            ],
            [
              12807.0,
              22260.0
            ],
            [
              12971.0,
              22260.0
            ],
            [
              12971.0,
              21537.0
            ],
            [
              12807.0,
              21537.0
            ]
          ]
        ]
      },
      "properties": {
        "objectType": "annotation",
        "classification": {
          "name": "B | Ulcer/ erosion",
          "color": [
            255,
            0,
            0
          ]
        },
        "isLocked": true,
        "case_key": "S2415106A01",
        "source": "B",
        "orig_class": "Ulcer/ erosion",
        "match": {
          "status": "union_mode",
          "class": "Ulcer/ erosion",
          "area_a": 4445152.0,
          "area_b": 3406664.0,
          "area_intersection": 348485.0,
          "cas": 0.10139378698081226,
          "oc": 0.10229508985917014,
          "ar": 1.3048401603445483
        }
      }
    },
    {
      "type": "Feature",
      "id": "d7cbf121-9bc7-4063-aefe-d7d7a40bc16b",
      "geometry": {
        "type": "Polygon",
        "coordinates": [
          [
            [
              14205.0,
              27295.0
            ],
            [
              14205.0,
              27599.0
            ],
            [
              14342.0,
              27599.0
            ],
            [
              14342.0,
              27295.0
            ],
            [
              14205.0,
              27295.0
            ]
          ]
        ]
      },
      "properties": {
        "objectType": "annotation",
        "classification": {
          "name": "B | Ulcer/ erosion",
          "color": [
            255,
            0,
            0
          ]
        },
        "isLocked": true,
        "case_key": "S2415106A01",
        "source": "B",
        "orig_class": "Ulcer/ erosion",
        "match": {
          "status": "union_mode",
          "class": "Ulcer/ erosion",
          "area_a": 4445152.0,
          "area_b": 3406664.0,
          "area_intersection": 348485.0,
          "cas": 0.10139378698081226,
          "oc": 0.10229508985917014,
          "ar": 1.3048401603445483
        }
      }
    },
    {
      "type": "Feature",
      "id": "e40ff254-3359-44b3-8a74-8561b588667f",
      "geometry": {
        "type": "Polygon",
        "coordinates": [
          [
            [
              8467.0,
              17065.0
            ],
            [
              8467.0,
              17470.0
            ],
            [
              8819.0,
              17470.0
            ],
            [
              8819.0,
              17065.0
            ],
            [
              8467.0,
              17065.0
            ]
          ]
        ]
      },
      "properties": {
        "objectType": "annotation",
        "classification": {
          "name": "B | Ulcer/ erosion",
          "color": [
            255,
            0,
            0
          ]
        },
        "isLocked": true,
        "case_key": "S2415106A01",
        "source": "B",
        "orig_class": "Ulcer/ erosion",
        "match": {
          "status": "union_mode",
          "class": "Ulcer/ erosion",
          "area_a": 4445152.0,
          "area_b": 3406664.0,
          "area_intersection": 348485.0,
          "cas": 0.10139378698081226,
          "oc": 0.10229508985917014,
          "ar": 1.3048401603445483
        }
      }
    },
    {
      "type": "Feature",
      "id": "8fa52ef1-39bb-4619-bdcc-c36e1f001c92",
      "geometry": {
        "type": "Polygon",
        "coordinates": [
          [
            [
              9214.0,
              16958.0
            ],
            [
              9214.0,
              17237.0
            ],
            [
              9467.0,
              17237.0
            ],
            [
              9467.0,
              16958.0
            ],
            [
              9214.0,
              16958.0
            ]
          ]
        ]
      },
      "properties": {
        "objectType": "annotation",
        "classification": {
          "name": "B | Ulcer/ erosion",
          "color": [
            255,
            0,
            0
          ]
        },
        "isLocked": true,
        "case_key": "S2415106A01",
        "source": "B",
        "orig_class": "Ulcer/ erosion",
        "match": {
          "status": "union_mode",
          "class": "Ulcer/ erosion",
          "area_a": 4445152.0,
          "area_b": 3406664.0,
          "area_intersection": 348485.0,
          "cas": 0.10139378698081226,
          "oc": 0.10229508985917014,
          "ar": 1.3048401603445483
        }
      }
    },
    {
      "type": "Feature",
      "id": "1c13d95a-bed9-45d6-8864-cf64575bd434",
      "geometry": {
        "type": "Polygon",
        "coordinates": [
          [
            [
              8959.0,
              17551.0
            ],
            [
              8959.0,
              18203.0
            ],
            [
              9401.0,
              18203.0
            ],
            [
              9401.0,
              17551.0
            ],
            [
              8959.0,
              17551.0
            ]
          ]
        ]
      },
      "properties": {
        "objectType": "annotation",
        "classification": {
          "name": "B | Ulcer/ erosion",
          "color": [
            255,
            0,
            0
          ]
        },
        "isLocked": true,
        "case_key": "S2415106A01",
        "source": "B",
        "orig_class": "Ulcer/ erosion",
        "match": {
          "status": "union_mode",
          "class": "Ulcer/ erosion",
          "area_a": 4445152.0,
          "area_b": 3406664.0,
          "area_intersection": 348485.0,
          "cas": 0.10139378698081226,
          "oc": 0.10229508985917014,
          "ar": 1.3048401603445483
        }
      }
    },
    {
      "type": "Feature",
      "id": "a29bebd0-7b57-4602-844d-ffa2b1dc64a8",
      "geometry": {
        "type": "Polygon",
        "coordinates": [
          [
            [
              10568.0,
              22199.0
            ],
            [
              10568.0,
              22424.0
            ],
            [
              10791.0,
              22424.0
            ],
            [
              10791.0,
              22199.0
            ],
            [
              10568.0,
              22199.0
            ]
          ]
        ]
      },
      "properties": {
        "objectType": "annotation",
        "classification": {
          "name": "B | Ulcer/ erosion",
          "color": [
            255,
            0,
            0
          ]
        },
        "isLocked": true,
        "case_key": "S2415106A01",
        "source": "B",
        "orig_class": "Ulcer/ erosion",
        "match": {
          "status": "union_mode",
          "class": "Ulcer/ erosion",
          "area_a": 4445152.0,
          "area_b": 3406664.0,
          "area_intersection": 348485.0,
          "cas": 0.10139378698081226,
          "oc": 0.10229508985917014,
          "ar": 1.3048401603445483
        }
      }
    },
    {
      "type": "Feature",
      "id": "936cea31-74b7-41e3-b28b-56e8d6327f8e",
      "geometry": {
        "type": "Polygon",
        "coordinates": [
          [
            [
              12938.0,
              23384.0
            ],
            [
              12938.0,
              23868.0
            ],
            [
              13154.0,
              23868.0
            ],
            [
              13154.0,
              23384.0
            ],
            [
              12938.0,
              23384.0
            ]
          ]
        ]
      },
      "properties": {
        "objectType": "annotation",
        "classification": {
          "name": "B | Ulcer/ erosion",
          "color": [
            255,
            0,
            0
          ]
        },
        "isLocked": true,
        "case_key": "S2415106A01",
        "source": "B",
        "orig_class": "Ulcer/ erosion",
        "match": {
          "status": "union_mode",
          "class": "Ulcer/ erosion",
          "area_a": 4445152.0,
          "area_b": 3406664.0,
          "area_intersection": 348485.0,
          "cas": 0.10139378698081226,
          "oc": 0.10229508985917014,
          "ar": 1.3048401603445483
        }
      }
    },
    {
      "type": "Feature",
      "id": "ec186a6a-b875-4ca4-94d4-b8c72ddda9e6",
      "geometry": {
        "type": "Polygon",
        "coordinates": [
          [
            [
              7225.0,
              25336.0
            ],
            [
              7225.0,
              25940.0
            ],
            [
              7619.0,
              25940.0
            ],
            [
              7619.0,
              25336.0
            ],
            [
              7225.0,
              25336.0
            ]
          ]
        ]
      },
      "properties": {
        "objectType": "annotation",
        "classification": {
          "name": "B | Ulcer/ erosion",
          "color": [
            255,
            0,
            0
          ]
        },
        "isLocked": true,
        "case_key": "S2415106A01",
        "source": "B",
        "orig_class": "Ulcer/ erosion",
        "match": {
          "status": "union_mode",
          "class": "Ulcer/ erosion",
          "area_a": 4445152.0,
          "area_b": 3406664.0,
          "area_intersection": 348485.0,
          "cas": 0.10139378698081226,
          "oc": 0.10229508985917014,
          "ar": 1.3048401603445483
        }
      }
    },
    {
      "type": "Feature",
      "id": "9cd5f82b-d654-450b-a837-ac46721f1916",
      "geometry": {
        "type": "Polygon",
        "coordinates": [
          [
            [
              5545.0,
              18719.0
            ],
            [
              5545.0,
              19266.0
            ],
            [
              6003.0,
              19266.0
            ],
            [
              6003.0,
              18719.0
            ],
            [
              5545.0,
              18719.0
            ]
          ]
        ]
      },
      "properties": {
        "objectType": "annotation",
        "classification": {
          "name": "B | Ulcer/ erosion",
          "color": [
            255,
            0,
            0
          ]
        },
        "isLocked": true,
        "case_key": "S2415106A01",
        "source": "B",
        "orig_class": "Ulcer/ erosion",
        "match": {
          "status": "union_mode",
          "class": "Ulcer/ erosion",
          "area_a": 4445152.0,
          "area_b": 3406664.0,
          "area_intersection": 348485.0,
          "cas": 0.10139378698081226,
          "oc": 0.10229508985917014,
          "ar": 1.3048401603445483
        }
      }
    },
    {
      "type": "Feature",
      "id": "ad8b4789-ba36-484c-9635-8eac7e89f54a",
      "geometry": {
        "type": "Polygon",
        "coordinates": [
          [
            [
              6814.0,
              22883.0
            ],
            [
              6814.0,
              23020.0
            ],
            [
              7349.0,
              23020.0
            ],
            [
              7349.0,
              22883.0
            ],
            [
              6814.0,
              22883.0
            ]
          ]
        ]
      },
      "properties": {
        "objectType": "annotation",
        "classification": {
          "name": "B | Ulcer/ erosion",
          "color": [
            255,
            0,
            0
          ]
        },
        "isLocked": true,
        "case_key": "S2415106A01",
        "source": "B",
        "orig_class": "Ulcer/ erosion",
        "match": {
          "status": "union_mode",
          "class": "Ulcer/ erosion",
          "area_a": 4445152.0,
          "area_b": 3406664.0,
          "area_intersection": 348485.0,
          "cas": 0.10139378698081226,
          "oc": 0.10229508985917014,
          "ar": 1.3048401603445483
        }
      }
    },
    {
      "type": "Feature",
      "id": "d22b92cf-3f54-4451-b0bc-e2eed49d2afd",
      "geometry": {
        "type": "Polygon",
        "coordinates": [
          [
            [
              9964.0,
              13334.0
            ],
            [
              9964.0,
              14108.0
            ],
            [
              10293.0,
              14108.0
            ],
            [
              10293.0,
              13334.0
            ],
            [
              9964.0,
              13334.0
            ]
          ]
        ]
      },
      "properties": {
        "objectType": "annotation",
        "classification": {
          "name": "B | Ulcer/ erosion",
          "color": [
            255,
            0,
            0
          ]
        },
        "isLocked": true,
        "case_key": "S2415106A01",
        "source": "B",
        "orig_class": "Ulcer/ erosion",
        "match": {
          "status": "union_mode",
          "class": "Ulcer/ erosion",
          "area_a": 4445152.0,
          "area_b": 3406664.0,
          "area_intersection": 348485.0,
          "cas": 0.10139378698081226,
          "oc": 0.10229508985917014,
          "ar": 1.3048401603445483
        }
      }
    },
    {
      "type": "Feature",
      "id": "6054dfa2-95eb-4d1a-8e26-c0ac264b8ace",
      "geometry": {
        "type": "Polygon",
        "coordinates": [
          [
            [
              11730.0,
              13505.0
            ],
            [
              11730.0,
              14166.0
            ],
            [
              12000.0,
              14166.0
            ],
            [
              12000.0,
              13505.0
            ],
            [
              11730.0,
              13505.0
            ]
          ]
        ]
      },
      "properties": {
        "objectType": "annotation",
        "classification": {
          "name": "B | Ulcer/ erosion",
          "color": [
            255,
            0,
            0
          ]
        },
        "isLocked": true,
        "case_key": "S2415106A01",
        "source": "B",
        "orig_class": "Ulcer/ erosion",
        "match": {
          "status": "union_mode",
          "class": "Ulcer/ erosion",
          "area_a": 4445152.0,
          "area_b": 3406664.0,
          "area_intersection": 348485.0,
          "cas": 0.10139378698081226,
          "oc": 0.10229508985917014,
          "ar": 1.3048401603445483
        }
      }
    },
    {
      "type": "Feature",
      "id": "e0b40e9c-a5fc-431a-aa6e-c75f60a8b358",
      "geometry": {
        "type": "Polygon",
        "coordinates": [
          [
            [
              20668.0,
              13128.0
            ],
            [
              20668.0,
              13631.0
            ],
            [
              21401.0,
              13631.0
            ],
            [
              21401.0,
              13128.0
            ],
            [
              20668.0,
              13128.0
            ]
          ]
        ]
      },
      "properties": {
        "objectType": "annotation",
        "classification": {
          "name": "B | Ulcer/ erosion",
          "color": [
            255,
            0,
            0
          ]
        },
        "isLocked": true,
        "case_key": "S2415106A01",
        "source": "B",
        "orig_class": "Ulcer/ erosion",
        "match": {
          "status": "union_mode",
          "class": "Ulcer/ erosion",
          "area_a": 4445152.0,
          "area_b": 3406664.0,
          "area_intersection": 348485.0,
          "cas": 0.10139378698081226,
          "oc": 0.10229508985917014,
          "ar": 1.3048401603445483
        }
      }
    },
    {
      "type": "Feature",
      "id": "1f2b3cf9-90f2-4745-a116-afcce6af544b",
      "geometry": {
        "type": "Polygon",
        "coordinates": [
          [
            [
              26584.0,
              13142.0
            ],
            [
              26584.0,
              13477.0
            ],
            [
              27045.0,
              13477.0
            ],
            [
              27045.0,
              13142.0
            ],
            [
              26584.0,
              13142.0
            ]
          ]
        ]
      },
      "properties": {
        "objectType": "annotation",
        "classification": {
          "name": "B | Ulcer/ erosion",
          "color": [
            255,
            0,
            0
          ]
        },
        "isLocked": true,
        "case_key": "S2415106A01",
        "source": "B",
        "orig_class": "Ulcer/ erosion",
        "match": {
          "status": "union_mode",
          "class": "Ulcer/ erosion",
          "area_a": 4445152.0,
          "area_b": 3406664.0,
          "area_intersection": 348485.0,
          "cas": 0.10139378698081226,
          "oc": 0.10229508985917014,
          "ar": 1.3048401603445483
        }
      }
    },
    {
      "type": "Feature",
      "id": "33fedac3-fdc2-45ce-a2eb-0f13ac423d13",
      "geometry": {
        "type": "Polygon",
        "coordinates": [
          [
            [
              8050.0,
              18971.0
            ],
            [
              8050.0,
              19798.0
            ],
            [
              8623.0,
              19798.0
            ],
            [
              8623.0,
              18971.0
            ],
            [
              8050.0,
              18971.0
            ]
          ]
        ]
      },
      "properties": {
        "objectType": "annotation",
        "classification": {
          "name": "B | Crypt abscess",
          "color": [
            240,
            77,
            141
          ]
        },
        "isLocked": true,
        "case_key": "S2415106A01",
        "source": "B",
        "orig_class": "Crypt abscess",
        "match": {
          "status": "union_mode",
          "class": "Crypt abscess",
          "area_a": 4606674.0,
          "area_b": 3332459.0,
          "area_intersection": 2892472.0,
          "cas": 0.8566683514489166,
          "oc": 0.8679692683390854,
          "ar": 1.382364794285541
        }
      }
    },
    {
      "type": "Feature",
      "id": "11348865-bd7b-4790-ba32-f8c9a539596a",
      "geometry": {
        "type": "Polygon",
        "coordinates": [
          [
            [
              7542.0,
              17972.0
            ],
            [
              7542.0,
              19120.0
            ],
            [
              8453.0,
              19120.0
            ],
            [
              8453.0,
              17972.0
            ],
            [
              7542.0,
              17972.0
            ]
          ]
        ]
      },
      "properties": {
        "objectType": "annotation",
        "classification": {
          "name": "B | Crypt abscess",
          "color": [
            240,
            77,
            141
          ]
        },
        "isLocked": true,
        "case_key": "S2415106A01",
        "source": "B",
        "orig_class": "Crypt abscess",
        "match": {
          "status": "union_mode",
          "class": "Crypt abscess",
          "area_a": 4606674.0,
          "area_b": 3332459.0,
          "area_intersection": 2892472.0,
          "cas": 0.8566683514489166,
          "oc": 0.8679692683390854,
          "ar": 1.382364794285541
        }
      }
    },
    {
      "type": "Feature",
      "id": "45afa036-0f31-4f6a-baac-ec1872a5b230",
      "geometry": {
        "type": "Polygon",
        "coordinates": [
          [
            [
              6492.0,
              17420.0
            ],
            [
              6492.0,
              18604.0
            ],
            [
              7588.0,
              18604.0
            ],
            [
              7588.0,
              17420.0
            ],
            [
              6492.0,
              17420.0
            ]
          ]
        ]
      },
      "properties": {
        "objectType": "annotation",
        "classification": {
          "name": "B | Crypt abscess",
          "color": [
            240,
            77,
            141
          ]
        },
        "isLocked": true,
        "case_key": "S2415106A01",
        "source": "B",
        "orig_class": "Crypt abscess",
        "match": {
          "status": "union_mode",
          "class": "Crypt abscess",
          "area_a": 4606674.0,
          "area_b": 3332459.0,
          "area_intersection": 2892472.0,
          "cas": 0.8566683514489166,
          "oc": 0.8679692683390854,
          "ar": 1.382364794285541
        }
      }
    },
    {
      "type": "Feature",
      "id": "91151749-8456-44a5-9b38-f17f75bf3a08",
      "geometry": {
        "type": "Polygon",
        "coordinates": [
          [
            [
              11024.0,
              24846.0
            ],
            [
              11024.0,
              25353.0
            ],
            [
              11369.0,
              25353.0
            ],
            [
              11369.0,
              24846.0
            ],
            [
              11024.0,
              24846.0
            ]
          ]
        ]
      },
      "properties": {
        "objectType": "annotation",
        "classification": {
          "name": "B | Crypt abscess",
          "color": [
            240,
            77,
            141
          ]
        },
        "isLocked": true,
        "case_key": "S2415106A01",
        "source": "B",
        "orig_class": "Crypt abscess",
        "match": {
          "status": "union_mode",
          "class": "Crypt abscess",
          "area_a": 4606674.0,
          "area_b": 3332459.0,
          "area_intersection": 2892472.0,
          "cas": 0.8566683514489166,
          "oc": 0.8679692683390854,
          "ar": 1.382364794285541
        }
      }
    },
    {
      "type": "Feature",
      "id": "98179ed1-e899-4b20-bb33-a2410ada38ac",
      "geometry": {
        "type": "Polygon",
        "coordinates": [
          [
            [
              12217.0,
              12019.0
            ],
            [
              12217.0,
              12238.0
            ],
            [
              12998.0,
              12238.0
            ],
            [
              12998.0,
              12019.0
            ],
            [
              12217.0,
              12019.0
            ]
          ]
        ]
      },
      "properties": {
        "objectType": "annotation",
        "classification": {
          "name": "B | Ulcer/ erosion",
          "color": [
            255,
            0,
            0
          ]
        },
        "isLocked": true,
        "case_key": "S2415106A01",
        "source": "B",
        "orig_class": "Ulcer/ erosion",
        "match": {
          "status": "union_mode",
          "class": "Ulcer/ erosion",
          "area_a": 4445152.0,
          "area_b": 3406664.0,
          "area_intersection": 348485.0,
          "cas": 0.10139378698081226,
          "oc": 0.10229508985917014,
          "ar": 1.3048401603445483
        }
      }
    },
    {
      "type": "Feature",
      "id": "320e3cd2-b6b9-4e2e-a9a5-5d415ce46bea",
      "geometry": {
        "type": "Polygon",
        "coordinates": [
          [
            [
              13180.0,
              11719.0
            ],
            [
              13180.0,
              12010.0
            ],
            [
              13841.0,
              12010.0
            ],
            [
              13841.0,
              11719.0
            ],
            [
              13180.0,
              11719.0
            ]
          ]
        ]
      },
      "properties": {
        "objectType": "annotation",
        "classification": {
          "name": "B | Ulcer/ erosion",
          "color": [
            255,
            0,
            0
          ]
        },
        "isLocked": true,
        "case_key": "S2415106A01",
        "source": "B",
        "orig_class": "Ulcer/ erosion",
        "match": {
          "status": "union_mode",
          "class": "Ulcer/ erosion",
          "area_a": 4445152.0,
          "area_b": 3406664.0,
          "area_intersection": 348485.0,
          "cas": 0.10139378698081226,
          "oc": 0.10229508985917014,
          "ar": 1.3048401603445483
        }
      }
    },
    {
      "type": "Feature",
      "id": "4f23f5e7-d078-46df-9efc-255afa2c9f7a",
      "geometry": {
        "type": "Polygon",
        "coordinates": [
          [
            [
              21794.0,
              6735.0
            ],
            [
              21794.0,
              7410.0
            ],
            [
              22430.0,
              7410.0
            ],
            [
              22430.0,
              6735.0
            ],
            [
              21794.0,
              6735.0
            ]
          ]
        ]
      },
      "properties": {
        "objectType": "annotation",
        "classification": {
          "name": "B | Crypt abscess",
          "color": [
            240,
            77,
            141
          ]
        },
        "isLocked": true,
        "case_key": "S2415106A01",
        "source": "B",
        "orig_class": "Crypt abscess",
        "match": {
          "status": "union_mode",
          "class": "Crypt abscess",
          "area_a": 4606674.0,
          "area_b": 3332459.0,
          "area_intersection": 2892472.0,
          "cas": 0.8566683514489166,
          "oc": 0.8679692683390854,
          "ar": 1.382364794285541
        }
      }
    },
    {
      "type": "Feature",
      "id": "c57f07ca-78fa-44d9-a44f-b4f2d3a6b694",
      "geometry": {
        "type": "Polygon",
        "coordinates": [
          [
            [
              11381.0,
              24084.0
            ],
            [
              11381.0,
              24344.0
            ],
            [
              11839.0,
              24344.0
            ],
            [
              11839.0,
              24084.0
            ],
            [
              11381.0,
              24084.0
            ]
          ]
        ]
      },
      "properties": {
        "objectType": "annotation",
        "classification": {
          "name": "B | Basal Plasmacytosis",
          "color": [
            202,
            65,
            86
          ]
        },
        "isLocked": true,
        "case_key": "S2415106A01",
        "source": "B",
        "orig_class": "Basal Plasmacytosis",
        "match": {
          "status": "union_mode",
          "class": "Basal Plasmacytosis",
          "area_a": 9438538.0,
          "area_b": 3919889.0,
          "area_intersection": 181526.0,
          "cas": 0.042048051644848074,
          "oc": 0.04630896436098063,
          "ar": 2.40785848782963
        }
      }
    },
    {
      "type": "Feature",
      "id": "2526686e-fcc6-49c1-8a29-3b9a0cc8987b",
      "geometry": {
        "type": "Polygon",
        "coordinates": [
          [
            [
              11951.0,
              24335.0
            ],
            [
              11951.0,
              24676.0
            ],
            [
              12711.0,
              24676.0
            ],
            [
              12711.0,
              24335.0
            ],
            [
              11951.0,
              24335.0
            ]
          ]
        ]
      },
      "properties": {
        "objectType": "annotation",
        "classification": {
          "name": "B | Basal Plasmacytosis",
          "color": [
            202,
            65,
            86
          ]
        },
        "isLocked": true,
        "case_key": "S2415106A01",
        "source": "B",
        "orig_class": "Basal Plasmacytosis",
        "match": {
          "status": "union_mode",
          "class": "Basal Plasmacytosis",
          "area_a": 9438538.0,
          "area_b": 3919889.0,
          "area_intersection": 181526.0,
          "cas": 0.042048051644848074,
          "oc": 0.04630896436098063,
          "ar": 2.40785848782963
        }
      }
    },
    {
      "type": "Feature",
      "id": "ec90bcea-3f14-430c-8e4b-c5a56989992d",
      "geometry": {
        "type": "Polygon",
        "coordinates": [
          [
            [
              11672.0,
              25795.0
            ],
            [
              11672.0,
              26403.0
            ],
            [
              12492.0,
              26403.0
            ],
            [
              12492.0,
              25795.0
            ],
            [
              11672.0,
              25795.0
            ]
          ]
        ]
      },
      "properties": {
        "objectType": "annotation",
        "classification": {
          "name": "B | Basal Plasmacytosis",
          "color": [
            202,
            65,
            86
          ]
        },
        "isLocked": true,
        "case_key": "S2415106A01",
        "source": "B",
        "orig_class": "Basal Plasmacytosis",
        "match": {
          "status": "union_mode",
          "class": "Basal Plasmacytosis",
          "area_a": 9438538.0,
          "area_b": 3919889.0,
          "area_intersection": 181526.0,
          "cas": 0.042048051644848074,
          "oc": 0.04630896436098063,
          "ar": 2.40785848782963
        }
      }
    },
    {
      "type": "Feature",
      "id": "6f99d53f-f7cb-4da1-a945-629af1784146",
      "geometry": {
        "type": "Polygon",
        "coordinates": [
          [
            [
              10487.0,
              29202.0
            ],
            [
              10487.0,
              29597.0
            ],
            [
              11340.0,
              29597.0
            ],
            [
              11340.0,
              29202.0
            ],
            [
              10487.0,
              29202.0
            ]
          ]
        ]
      },
      "properties": {
        "objectType": "annotation",
        "classification": {
          "name": "B | Basal Plasmacytosis",
          "color": [
            202,
            65,
            86
          ]
        },
        "isLocked": true,
        "case_key": "S2415106A01",
        "source": "B",
        "orig_class": "Basal Plasmacytosis",
        "match": {
          "status": "union_mode",
          "class": "Basal Plasmacytosis",
          "area_a": 9438538.0,
          "area_b": 3919889.0,
          "area_intersection": 181526.0,
          "cas": 0.042048051644848074,
          "oc": 0.04630896436098063,
          "ar": 2.40785848782963
        }
      }
    },
    {
      "type": "Feature",
      "id": "6a8352c0-2929-4f7a-b68d-7f9b0e86e2f4",
      "geometry": {
        "type": "Polygon",
        "coordinates": [
          [
            [
              8481.0,
              24651.0
            ],
            [
              8481.0,
              25419.0
            ],
            [
              8966.0,
              25419.0
            ],
            [
              8966.0,
              24651.0
            ],
            [
              8481.0,
              24651.0
            ]
          ]
        ]
      },
      "properties": {
        "objectType": "annotation",
        "classification": {
          "name": "B | Basal Plasmacytosis",
          "color": [
            202,
            65,
            86
          ]
        },
        "isLocked": true,
        "case_key": "S2415106A01",
        "source": "B",
        "orig_class": "Basal Plasmacytosis",
        "match": {
          "status": "union_mode",
          "class": "Basal Plasmacytosis",
          "area_a": 9438538.0,
          "area_b": 3919889.0,
          "area_intersection": 181526.0,
          "cas": 0.042048051644848074,
          "oc": 0.04630896436098063,
          "ar": 2.40785848782963
        }
      }
    },
    {
      "type": "Feature",
      "id": "f0717c3e-c444-4338-9bdf-70b0cd8620a3",
      "geometry": {
        "type": "Polygon",
        "coordinates": [
          [
            [
              10647.0,
              25578.0
            ],
            [
              10647.0,
              26003.0
            ],
            [
              11106.0,
              26003.0
            ],
            [
              11106.0,
              25578.0
            ],
            [
              10647.0,
              25578.0
            ]
          ]
        ]
      },
      "properties": {
        "objectType": "annotation",
        "classification": {
          "name": "B | Basal Plasmacytosis",
          "color": [
            202,
            65,
            86
          ]
        },
        "isLocked": true,
        "case_key": "S2415106A01",
        "source": "B",
        "orig_class": "Basal Plasmacytosis",
        "match": {
          "status": "union_mode",
          "class": "Basal Plasmacytosis",
          "area_a": 9438538.0,
          "area_b": 3919889.0,
          "area_intersection": 181526.0,
          "cas": 0.042048051644848074,
          "oc": 0.04630896436098063,
          "ar": 2.40785848782963
        }
      }
    },
    {
      "type": "Feature",
      "id": "39b51c96-5352-4187-9fcd-62125f1d0ec3",
      "geometry": {
        "type": "Polygon",
        "coordinates": [
          [
            [
              12764.0,
              25307.0
            ],
            [
              12764.0,
              25907.0
            ],
            [
              13143.0,
              25907.0
            ],
            [
              13143.0,
              25307.0
            ],
            [
              12764.0,
              25307.0
            ]
          ]
        ]
      },
      "properties": {
        "objectType": "annotation",
        "classification": {
          "name": "B | Basal Plasmacytosis",
          "color": [
            202,
            65,
            86
          ]
        },
        "isLocked": true,
        "case_key": "S2415106A01",
        "source": "B",
        "orig_class": "Basal Plasmacytosis",
        "match": {
          "status": "union_mode",
          "class": "Basal Plasmacytosis",
          "area_a": 9438538.0,
          "area_b": 3919889.0,
          "area_intersection": 181526.0,
          "cas": 0.042048051644848074,
          "oc": 0.04630896436098063,
          "ar": 2.40785848782963
        }
      }
    },
    {
      "type": "Feature",
      "id": "a78fdce5-51a3-4344-a67c-517f4e5db7f3",
      "geometry": {
        "type": "Polygon",
        "coordinates": [
          [
            [
              6275.0,
              11520.0
            ],
            [
              6275.0,
              12166.0
            ],
            [
              7041.0,
              12166.0
            ],
            [
              7041.0,
              11520.0
            ],
            [
              6275.0,
              11520.0
            ]
          ]
        ]
      },
      "properties": {
        "objectType": "annotation",
        "classification": {
          "name": "B | Basal Plasmacytosis",
          "color": [
            202,
            65,
            86
          ]
        },
        "isLocked": true,
        "case_key": "S2415106A01",
        "source": "B",
        "orig_class": "Basal Plasmacytosis",
        "match": {
          "status": "union_mode",
          "class": "Basal Plasmacytosis",
          "area_a": 9438538.0,
          "area_b": 3919889.0,
          "area_intersection": 181526.0,
          "cas": 0.042048051644848074,
          "oc": 0.04630896436098063,
          "ar": 2.40785848782963
        }
      }
    },
    {
      "type": "Feature",
      "id": "36f6214c-975d-49ca-9598-dd68952da748",
      "geometry": {
        "type": "Polygon",
        "coordinates": [
          [
            [
              21450.0,
              8221.0
            ],
            [
              21450.0,
              8757.0
            ],
            [
              21944.0,
              8757.0
            ],
            [
              21944.0,
              8221.0
            ],
            [
              21450.0,
              8221.0
            ]
          ]
        ]
      },
      "properties": {
        "objectType": "annotation",
        "classification": {
          "name": "B | Basal Plasmacytosis",
          "color": [
            202,
            65,
            86
          ]
        },
        "isLocked": true,
        "case_key": "S2415106A01",
        "source": "B",
        "orig_class": "Basal Plasmacytosis",
        "match": {
          "status": "union_mode",
          "class": "Basal Plasmacytosis",
          "area_a": 9438538.0,
          "area_b": 3919889.0,
          "area_intersection": 181526.0,
          "cas": 0.042048051644848074,
          "oc": 0.04630896436098063,
          "ar": 2.40785848782963
        }
      }
    },
    {
      "type": "Feature",
      "id": "3686e777-e193-4df1-b5be-bc04aafd9e4f",
      "geometry": {
        "type": "Polygon",
        "coordinates": [
          [
            [
              11034.0,
              26829.0
            ],
            [
              11034.0,
              27371.0
            ],
            [
              11874.0,
              27371.0
            ],
            [
              11874.0,
              26829.0
            ],
            [
              11034.0,
              26829.0
            ]
          ]
        ]
      },
      "properties": {
        "objectType": "annotation",
        "classification": {
          "name": "B | Basal Plasmacytosis",
          "color": [
            202,
            65,
            86
          ]
        },
        "isLocked": true,
        "case_key": "S2415106A01",
        "source": "B",
        "orig_class": "Basal Plasmacytosis",
        "match": {
          "status": "union_mode",
          "class": "Basal Plasmacytosis",
          "area_a": 9438538.0,
          "area_b": 3919889.0,
          "area_intersection": 181526.0,
          "cas": 0.042048051644848074,
          "oc": 0.04630896436098063,
          "ar": 2.40785848782963
        }
      }
    },
    {
      "type": "Feature",
      "id": "f8ad79e1-d044-45d4-8a5f-3adc64e01962",
      "geometry": {
        "type": "Polygon",
        "coordinates": [
          [
            [
              10679.0,
              28515.0
            ],
            [
              10679.0,
              29042.0
            ],
            [
              11258.0,
              29042.0
            ],
            [
              11258.0,
              28515.0
            ],
            [
              10679.0,
              28515.0
            ]
          ]
        ]
      },
      "properties": {
        "objectType": "annotation",
        "classification": {
          "name": "B | Basal Plasmacytosis",
          "color": [
            202,
            65,
            86
          ]
        },
        "isLocked": true,
        "case_key": "S2415106A01",
        "source": "B",
        "orig_class": "Basal Plasmacytosis",
        "match": {
          "status": "union_mode",
          "class": "Basal Plasmacytosis",
          "area_a": 9438538.0,
          "area_b": 3919889.0,
          "area_intersection": 181526.0,
          "cas": 0.042048051644848074,
          "oc": 0.04630896436098063,
          "ar": 2.40785848782963
        }
      }
    },
    {
      "type": "Feature",
      "id": "37e253fe-9274-4e40-b173-c4b22ff19895",
      "geometry": {
        "type": "Polygon",
        "coordinates": [
          [
            [
              7190.0,
              10190.0
            ],
            [
              7190.0,
              10619.0
            ],
            [
              7613.0,
              10619.0
            ],
            [
              7613.0,
              10190.0
            ],
            [
              7190.0,
              10190.0
            ]
          ]
        ]
      },
      "properties": {
        "objectType": "annotation",
        "classification": {
          "name": "B | Basal lymphoid aggregates",
          "color": [
            0,
            0,
            255
          ]
        },
        "isLocked": true,
        "case_key": "S2415106A01",
        "source": "B",
        "orig_class": "Basal lymphoid aggregates",
        "match": {
          "status": "union_mode",
          "class": "Basal lymphoid aggregates",
          "area_a": 1317756.0,
          "area_b": 607047.0,
          "area_intersection": 425580.0,
          "cas": 0.6503485860404495,
          "oc": 0.7010659800641466,
          "ar": 2.170764372445626
        }
      }
    },
    {
      "type": "Feature",
      "id": "aad39a39-51fe-41d0-baa8-d065372c99c2",
      "geometry": {
        "type": "Polygon",
        "coordinates": [
          [
            [
              23441.0,
              16977.0
            ],
            [
              23441.0,
              17564.0
            ],
            [
              24209.0,
              17564.0
            ],
            [
              24209.0,
              16977.0
            ],
            [
              23441.0,
              16977.0
            ]
          ]
        ]
      },
      "properties": {
        "objectType": "annotation",
        "classification": {
          "name": "B | Moderate to marked mononuclear cell infiltrate",
          "color": [
            21,
            11,
            49
          ]
        },
        "isLocked": true,
        "case_key": "S2415106A01",
        "source": "B",
        "orig_class": "Moderate to marked mononuclear cell infiltrate",
        "match": {
          "status": "union_mode",
          "class": "Moderate to marked mononuclear cell infiltrate",
          "area_a": 15280804.0,
          "area_b": 14992546.0,
          "area_intersection": 5314226.0,
          "cas": 0.35444180612012294,
          "oc": 0.35445787526681594,
          "ar": 1.0192267544151608
        }
      }
    },
    {
      "type": "Feature",
      "id": "57f80b39-6ce4-4d65-ae01-c466388c5f75",
      "geometry": {
        "type": "Polygon",
        "coordinates": [
          [
            [
              25226.0,
              15091.0
            ],
            [
              25226.0,
              15933.0
            ],
            [
              25950.0,
              15933.0
            ],
            [
              25950.0,
              15091.0
            ],
            [
              25226.0,
              15091.0
            ]
          ]
        ]
      },
      "properties": {
        "objectType": "annotation",
        "classification": {
          "name": "B | Moderate to marked mononuclear cell infiltrate",
          "color": [
            21,
            11,
            49
          ]
        },
        "isLocked": true,
        "case_key": "S2415106A01",
        "source": "B",
        "orig_class": "Moderate to marked mononuclear cell infiltrate",
        "match": {
          "status": "union_mode",
          "class": "Moderate to marked mononuclear cell infiltrate",
          "area_a": 15280804.0,
          "area_b": 14992546.0,
          "area_intersection": 5314226.0,
          "cas": 0.35444180612012294,
          "oc": 0.35445787526681594,
          "ar": 1.0192267544151608
        }
      }
    },
    {
      "type": "Feature",
      "id": "c21f0531-573d-4367-8631-28fe6d2b1246",
      "geometry": {
        "type": "Polygon",
        "coordinates": [
          [
            [
              23683.0,
              12806.0
            ],
            [
              23683.0,
              13664.0
            ],
            [
              24743.0,
              13664.0
            ],
            [
              24743.0,
              12806.0
            ],
            [
              23683.0,
              12806.0
            ]
          ]
        ]
      },
      "properties": {
        "objectType": "annotation",
        "classification": {
          "name": "B | Moderate to marked mononuclear cell infiltrate",
          "color": [
            21,
            11,
            49
          ]
        },
        "isLocked": true,
        "case_key": "S2415106A01",
        "source": "B",
        "orig_class": "Moderate to marked mononuclear cell infiltrate",
        "match": {
          "status": "union_mode",
          "class": "Moderate to marked mononuclear cell infiltrate",
          "area_a": 15280804.0,
          "area_b": 14992546.0,
          "area_intersection": 5314226.0,
          "cas": 0.35444180612012294,
          "oc": 0.35445787526681594,
          "ar": 1.0192267544151608
        }
      }
    },
    {
      "type": "Feature",
      "id": "ef2890cf-2e82-47f8-9793-8d356c3b1736",
      "geometry": {
        "type": "Polygon",
        "coordinates": [
          [
            [
              21397.0,
              14968.0
            ],
            [
              21397.0,
              15398.0
            ],
            [
              21805.0,
              15398.0
            ],
            [
              21805.0,
              14968.0
            ],
            [
              21397.0,
              14968.0
            ]
          ]
        ]
      },
      "properties": {
        "objectType": "annotation",
        "classification": {
          "name": "B | Moderate to marked mononuclear cell infiltrate",
          "color": [
            21,
            11,
            49
          ]
        },
        "isLocked": true,
        "case_key": "S2415106A01",
        "source": "B",
        "orig_class": "Moderate to marked mononuclear cell infiltrate",
        "match": {
          "status": "union_mode",
          "class": "Moderate to marked mononuclear cell infiltrate",
          "area_a": 15280804.0,
          "area_b": 14992546.0,
          "area_intersection": 5314226.0,
          "cas": 0.35444180612012294,
          "oc": 0.35445787526681594,
          "ar": 1.0192267544151608
        }
      }
    },
    {
      "type": "Feature",
      "id": "e1c22b62-a290-495f-9a36-91c6a2d89c96",
      "geometry": {
        "type": "Polygon",
        "coordinates": [
          [
            [
              21642.0,
              15412.0
            ],
            [
              21642.0,
              15881.0
            ],
            [
              22552.0,
              15881.0
            ],
            [
              22552.0,
              15412.0
            ],
            [
              21642.0,
              15412.0
            ]
          ]
        ]
      },
      "properties": {
        "objectType": "annotation",
        "classification": {
          "name": "B | Moderate to marked mononuclear cell infiltrate",
          "color": [
            21,
            11,
            49
          ]
        },
        "isLocked": true,
        "case_key": "S2415106A01",
        "source": "B",
        "orig_class": "Moderate to marked mononuclear cell infiltrate",
        "match": {
          "status": "union_mode",
          "class": "Moderate to marked mononuclear cell infiltrate",
          "area_a": 15280804.0,
          "area_b": 14992546.0,
          "area_intersection": 5314226.0,
          "cas": 0.35444180612012294,
          "oc": 0.35445787526681594,
          "ar": 1.0192267544151608
        }
      }
    },
    {
      "type": "Feature",
      "id": "ee8e1f97-f621-4329-b74b-1c938bac7df8",
      "geometry": {
        "type": "Polygon",
        "coordinates": [
          [
            [
              23881.0,
              15669.0
            ],
            [
              23881.0,
              16279.0
            ],
            [
              24805.0,
              16279.0
            ],
            [
              24805.0,
              15669.0
            ],
            [
              23881.0,
              15669.0
            ]
          ]
        ]
      },
      "properties": {
        "objectType": "annotation",
        "classification": {
          "name": "B | Moderate to marked mononuclear cell infiltrate",
          "color": [
            21,
            11,
            49
          ]
        },
        "isLocked": true,
        "case_key": "S2415106A01",
        "source": "B",
        "orig_class": "Moderate to marked mononuclear cell infiltrate",
        "match": {
          "status": "union_mode",
          "class": "Moderate to marked mononuclear cell infiltrate",
          "area_a": 15280804.0,
          "area_b": 14992546.0,
          "area_intersection": 5314226.0,
          "cas": 0.35444180612012294,
          "oc": 0.35445787526681594,
          "ar": 1.0192267544151608
        }
      }
    },
    {
      "type": "Feature",
      "id": "c84358c9-e09e-4923-9ec5-8c2b388e6fbb",
      "geometry": {
        "type": "Polygon",
        "coordinates": [
          [
            [
              15067.0,
              13890.0
            ],
            [
              15067.0,
              14833.0
            ],
            [
              15912.0,
              14833.0
            ],
            [
              15912.0,
              13890.0
            ],
            [
              15067.0,
              13890.0
            ]
          ]
        ]
      },
      "properties": {
        "objectType": "annotation",
        "classification": {
          "name": "B | Moderate to marked mononuclear cell infiltrate",
          "color": [
            21,
            11,
            49
          ]
        },
        "isLocked": true,
        "case_key": "S2415106A01",
        "source": "B",
        "orig_class": "Moderate to marked mononuclear cell infiltrate",
        "match": {
          "status": "union_mode",
          "class": "Moderate to marked mononuclear cell infiltrate",
          "area_a": 15280804.0,
          "area_b": 14992546.0,
          "area_intersection": 5314226.0,
          "cas": 0.35444180612012294,
          "oc": 0.35445787526681594,
          "ar": 1.0192267544151608
        }
      }
    },
    {
      "type": "Feature",
      "id": "517383b2-3199-4856-8a25-d0554ad06ee1",
      "geometry": {
        "type": "Polygon",
        "coordinates": [
          [
            [
              14217.0,
              15029.0
            ],
            [
              14217.0,
              15299.0
            ],
            [
              14765.0,
              15299.0
            ],
            [
              14765.0,
              15029.0
            ],
            [
              14217.0,
              15029.0
            ]
          ]
        ]
      },
      "properties": {
        "objectType": "annotation",
        "classification": {
          "name": "B | Basal Plasmacytosis",
          "color": [
            202,
            65,
            86
          ]
        },
        "isLocked": true,
        "case_key": "S2415106A01",
        "source": "B",
        "orig_class": "Basal Plasmacytosis",
        "match": {
          "status": "union_mode",
          "class": "Basal Plasmacytosis",
          "area_a": 9438538.0,
          "area_b": 3919889.0,
          "area_intersection": 181526.0,
          "cas": 0.042048051644848074,
          "oc": 0.04630896436098063,
          "ar": 2.40785848782963
        }
      }
    },
    {
      "type": "Feature",
      "id": "aaead09d-d423-4947-b6a1-51c29aa58a8d",
      "geometry": {
        "type": "Polygon",
        "coordinates": [
          [
            [
              14006.0,
              14946.0
            ],
            [
              14006.0,
              15661.0
            ],
            [
              14496.0,
              15661.0
            ],
            [
              14496.0,
              14946.0
            ],
            [
              14006.0,
              14946.0
            ]
          ]
        ]
      },
      "properties": {
        "objectType": "annotation",
        "classification": {
          "name": "B | Moderate to marked mononuclear cell infiltrate",
          "color": [
            21,
            11,
            49
          ]
        },
        "isLocked": true,
        "case_key": "S2415106A01",
        "source": "B",
        "orig_class": "Moderate to marked mononuclear cell infiltrate",
        "match": {
          "status": "union_mode",
          "class": "Moderate to marked mononuclear cell infiltrate",
          "area_a": 15280804.0,
          "area_b": 14992546.0,
          "area_intersection": 5314226.0,
          "cas": 0.35444180612012294,
          "oc": 0.35445787526681594,
          "ar": 1.0192267544151608
        }
      }
    },
    {
      "type": "Feature",
      "id": "f0800b40-0f45-4fe7-8ccd-8a94ca3cee62",
      "geometry": {
        "type": "Polygon",
        "coordinates": [
          [
            [
              9218.0,
              13805.0
            ],
            [
              9218.0,
              14616.0
            ],
            [
              10104.0,
              14616.0
            ],
            [
              10104.0,
              13805.0
            ],
            [
              9218.0,
              13805.0
            ]
          ]
        ]
      },
      "properties": {
        "objectType": "annotation",
        "classification": {
          "name": "B | Moderate to marked mononuclear cell infiltrate",
          "color": [
            21,
            11,
            49
          ]
        },
        "isLocked": true,
        "case_key": "S2415106A01",
        "source": "B",
        "orig_class": "Moderate to marked mononuclear cell infiltrate",
        "match": {
          "status": "union_mode",
          "class": "Moderate to marked mononuclear cell infiltrate",
          "area_a": 15280804.0,
          "area_b": 14992546.0,
          "area_intersection": 5314226.0,
          "cas": 0.35444180612012294,
          "oc": 0.35445787526681594,
          "ar": 1.0192267544151608
        }
      }
    },
    {
      "type": "Feature",
      "id": "7b35d7e2-9f87-40cd-87d7-8a19a1113dca",
      "geometry": {
        "type": "Polygon",
        "coordinates": [
          [
            [
              7768.0,
              13732.0
            ],
            [
              7768.0,
              14702.0
            ],
            [
              8273.0,
              14702.0
            ],
            [
              8273.0,
              13732.0
            ],
            [
              7768.0,
              13732.0
            ]
          ]
        ]
      },
      "properties": {
        "objectType": "annotation",
        "classification": {
          "name": "B | Moderate to marked mononuclear cell infiltrate",
          "color": [
            21,
            11,
            49
          ]
        },
        "isLocked": true,
        "case_key": "S2415106A01",
        "source": "B",
        "orig_class": "Moderate to marked mononuclear cell infiltrate",
        "match": {
          "status": "union_mode",
          "class": "Moderate to marked mononuclear cell infiltrate",
          "area_a": 15280804.0,
          "area_b": 14992546.0,
          "area_intersection": 5314226.0,
          "cas": 0.35444180612012294,
          "oc": 0.35445787526681594,
          "ar": 1.0192267544151608
        }
      }
    },
    {
      "type": "Feature",
      "id": "408dee5f-fff1-48ef-984b-b9ec306b590e",
      "geometry": {
        "type": "Polygon",
        "coordinates": [
          [
            [
              8087.0,
              11747.0
            ],
            [
              8087.0,
              12910.0
            ],
            [
              8658.0,
              12910.0
            ],
            [
              8658.0,
              11747.0
            ],
            [
              8087.0,
              11747.0
            ]
          ]
        ]
      },
      "properties": {
        "objectType": "annotation",
        "classification": {
          "name": "B | Moderate to marked mononuclear cell infiltrate",
          "color": [
            21,
            11,
            49
          ]
        },
        "isLocked": true,
        "case_key": "S2415106A01",
        "source": "B",
        "orig_class": "Moderate to marked mononuclear cell infiltrate",
        "match": {
          "status": "union_mode",
          "class": "Moderate to marked mononuclear cell infiltrate",
          "area_a": 15280804.0,
          "area_b": 14992546.0,
          "area_intersection": 5314226.0,
          "cas": 0.35444180612012294,
          "oc": 0.35445787526681594,
          "ar": 1.0192267544151608
        }
      }
    },
    {
      "type": "Feature",
      "id": "9e45e939-c543-46b8-b2ed-fb411db7bcaf",
      "geometry": {
        "type": "Polygon",
        "coordinates": [
          [
            [
              7686.0,
              10468.0
            ],
            [
              7686.0,
              10990.0
            ],
            [
              8361.0,
              10990.0
            ],
            [
              8361.0,
              10468.0
            ],
            [
              7686.0,
              10468.0
            ]
          ]
        ]
      },
      "properties": {
        "objectType": "annotation",
        "classification": {
          "name": "B | Moderate to marked mononuclear cell infiltrate",
          "color": [
            21,
            11,
            49
          ]
        },
        "isLocked": true,
        "case_key": "S2415106A01",
        "source": "B",
        "orig_class": "Moderate to marked mononuclear cell infiltrate",
        "match": {
          "status": "union_mode",
          "class": "Moderate to marked mononuclear cell infiltrate",
          "area_a": 15280804.0,
          "area_b": 14992546.0,
          "area_intersection": 5314226.0,
          "cas": 0.35444180612012294,
          "oc": 0.35445787526681594,
          "ar": 1.0192267544151608
        }
      }
    },
    {
      "type": "Feature",
      "id": "dcfd8e0e-ba4a-4cb5-81d4-9a063438e957",
      "geometry": {
        "type": "Polygon",
        "coordinates": [
          [
            [
              11852.0,
              20856.0
            ],
            [
              11852.0,
              21291.0
            ],
            [
              12354.0,
              21291.0
            ],
            [
              12354.0,
              20856.0
            ],
            [
              11852.0,
              20856.0
            ]
          ]
        ]
      },
      "properties": {
        "objectType": "annotation",
        "classification": {
          "name": "B | Moderate to marked mononuclear cell infiltrate",
          "color": [
            21,
            11,
            49
          ]
        },
        "isLocked": true,
        "case_key": "S2415106A01",
        "source": "B",
        "orig_class": "Moderate to marked mononuclear cell infiltrate",
        "match": {
          "status": "union_mode",
          "class": "Moderate to marked mononuclear cell infiltrate",
          "area_a": 15280804.0,
          "area_b": 14992546.0,
          "area_intersection": 5314226.0,
          "cas": 0.35444180612012294,
          "oc": 0.35445787526681594,
          "ar": 1.0192267544151608
        }
      }
    },
    {
      "type": "Feature",
      "id": "70ea6450-b434-49de-8ebc-aac9b8381d6f",
      "geometry": {
        "type": "Polygon",
        "coordinates": [
          [
            [
              11161.0,
              22509.0
            ],
            [
              11161.0,
              23024.0
            ],
            [
              11480.0,
              23024.0
            ],
            [
              11480.0,
              22509.0
            ],
            [
              11161.0,
              22509.0
            ]
          ]
        ]
      },
      "properties": {
        "objectType": "annotation",
        "classification": {
          "name": "B | Basal Plasmacytosis",
          "color": [
            202,
            65,
            86
          ]
        },
        "isLocked": true,
        "case_key": "S2415106A01",
        "source": "B",
        "orig_class": "Basal Plasmacytosis",
        "match": {
          "status": "union_mode",
          "class": "Basal Plasmacytosis",
          "area_a": 9438538.0,
          "area_b": 3919889.0,
          "area_intersection": 181526.0,
          "cas": 0.042048051644848074,
          "oc": 0.04630896436098063,
          "ar": 2.40785848782963
        }
      }
    },
    {
      "type": "Feature",
      "id": "1d20bab7-0039-4069-b2bb-bf07b4d0230e",
      "geometry": {
        "type": "Polygon",
        "coordinates": [
          [
            [
              11906.0,
              23167.0
            ],
            [
              11906.0,
              23599.0
            ],
            [
              12157.0,
              23599.0
            ],
            [
              12157.0,
              23167.0
            ],
            [
              11906.0,
              23167.0
            ]
          ]
        ]
      },
      "properties": {
        "objectType": "annotation",
        "classification": {
          "name": "B | Moderate to marked mononuclear cell infiltrate",
          "color": [
            21,
            11,
            49
          ]
        },
        "isLocked": true,
        "case_key": "S2415106A01",
        "source": "B",
        "orig_class": "Moderate to marked mononuclear cell infiltrate",
        "match": {
          "status": "union_mode",
          "class": "Moderate to marked mononuclear cell infiltrate",
          "area_a": 15280804.0,
          "area_b": 14992546.0,
          "area_intersection": 5314226.0,
          "cas": 0.35444180612012294,
          "oc": 0.35445787526681594,
          "ar": 1.0192267544151608
        }
      }
    },
    {
      "type": "Feature",
      "id": "07410be7-e61f-4b52-b155-1a646b037c36",
      "geometry": {
        "type": "Polygon",
        "coordinates": [
          [
            [
              11393.0,
              24867.0
            ],
            [
              11393.0,
              25584.0
            ],
            [
              11792.0,
              25584.0
            ],
            [
              11792.0,
              24867.0
            ],
            [
              11393.0,
              24867.0
            ]
          ]
        ]
      },
      "properties": {
        "objectType": "annotation",
        "classification": {
          "name": "B | Moderate to marked mononuclear cell infiltrate",
          "color": [
            21,
            11,
            49
          ]
        },
        "isLocked": true,
        "case_key": "S2415106A01",
        "source": "B",
        "orig_class": "Moderate to marked mononuclear cell infiltrate",
        "match": {
          "status": "union_mode",
          "class": "Moderate to marked mononuclear cell infiltrate",
          "area_a": 15280804.0,
          "area_b": 14992546.0,
          "area_intersection": 5314226.0,
          "cas": 0.35444180612012294,
          "oc": 0.35445787526681594,
          "ar": 1.0192267544151608
        }
      }
    },
    {
      "type": "Feature",
      "id": "48fe5cef-c5ff-4031-a4cf-9f1758163c26",
      "geometry": {
        "type": "Polygon",
        "coordinates": [
          [
            [
              10430.0,
              25633.0
            ],
            [
              10430.0,
              27217.0
            ],
            [
              11603.0,
              27217.0
            ],
            [
              11603.0,
              25633.0
            ],
            [
              10430.0,
              25633.0
            ]
          ]
        ]
      },
      "properties": {
        "objectType": "annotation",
        "classification": {
          "name": "B | Moderate to marked mononuclear cell infiltrate",
          "color": [
            21,
            11,
            49
          ]
        },
        "isLocked": true,
        "case_key": "S2415106A01",
        "source": "B",
        "orig_class": "Moderate to marked mononuclear cell infiltrate",
        "match": {
          "status": "union_mode",
          "class": "Moderate to marked mononuclear cell infiltrate",
          "area_a": 15280804.0,
          "area_b": 14992546.0,
          "area_intersection": 5314226.0,
          "cas": 0.35444180612012294,
          "oc": 0.35445787526681594,
          "ar": 1.0192267544151608
        }
      }
    },
    {
      "type": "Feature",
      "id": "2415b7a8-2575-4ff5-8d8a-63701ea0c853",
      "geometry": {
        "type": "Polygon",
        "coordinates": [
          [
            [
              9266.0,
              26541.0
            ],
            [
              9266.0,
              27208.0
            ],
            [
              9657.0,
              27208.0
            ],
            [
              9657.0,
              26541.0
            ],
            [
              9266.0,
              26541.0
            ]
          ]
        ]
      },
      "properties": {
        "objectType": "annotation",
        "classification": {
          "name": "B | Moderate to marked mononuclear cell infiltrate",
          "color": [
            21,
            11,
            49
          ]
        },
        "isLocked": true,
        "case_key": "S2415106A01",
        "source": "B",
        "orig_class": "Moderate to marked mononuclear cell infiltrate",
        "match": {
          "status": "union_mode",
          "class": "Moderate to marked mononuclear cell infiltrate",
          "area_a": 15280804.0,
          "area_b": 14992546.0,
          "area_intersection": 5314226.0,
          "cas": 0.35444180612012294,
          "oc": 0.35445787526681594,
          "ar": 1.0192267544151608
        }
      }
    },
    {
      "type": "Feature",
      "id": "89cead44-f121-4333-8ea4-2d28568865ab",
      "geometry": {
        "type": "Polygon",
        "coordinates": [
          [
            [
              9918.0,
              28282.0
            ],
            [
              9918.0,
              28717.0
            ],
            [
              10568.0,
              28717.0
            ],
            [
              10568.0,
              28282.0
            ],
            [
              9918.0,
              28282.0
            ]
          ]
        ]
      },
      "properties": {
        "objectType": "annotation",
        "classification": {
          "name": "B | Moderate to marked mononuclear cell infiltrate",
          "color": [
            21,
            11,
            49
          ]
        },
        "isLocked": true,
        "case_key": "S2415106A01",
        "source": "B",
        "orig_class": "Moderate to marked mononuclear cell infiltrate",
        "match": {
          "status": "union_mode",
          "class": "Moderate to marked mononuclear cell infiltrate",
          "area_a": 15280804.0,
          "area_b": 14992546.0,
          "area_intersection": 5314226.0,
          "cas": 0.35444180612012294,
          "oc": 0.35445787526681594,
          "ar": 1.0192267544151608
        }
      }
    },
    {
      "type": "Feature",
      "id": "06719e8f-3b53-4f7a-a388-8c48a369888c",
      "geometry": {
        "type": "Polygon",
        "coordinates": [
          [
            [
              11921.0,
              26448.0
            ],
            [
              11921.0,
              27335.0
            ],
            [
              12431.0,
              27335.0
            ],
            [
              12431.0,
              26448.0
            ],
            [
              11921.0,
              26448.0
            ]
          ]
        ]
      },
      "properties": {
        "objectType": "annotation",
        "classification": {
          "name": "B | Moderate to marked mononuclear cell infiltrate",
          "color": [
            21,
            11,
            49
          ]
        },
        "isLocked": true,
        "case_key": "S2415106A01",
        "source": "B",
        "orig_class": "Moderate to marked mononuclear cell infiltrate",
        "match": {
          "status": "union_mode",
          "class": "Moderate to marked mononuclear cell infiltrate",
          "area_a": 15280804.0,
          "area_b": 14992546.0,
          "area_intersection": 5314226.0,
          "cas": 0.35444180612012294,
          "oc": 0.35445787526681594,
          "ar": 1.0192267544151608
        }
      }
    },
    {
      "type": "Feature",
      "id": "23419dcb-8c96-4e15-8b60-d0f906e52797",
      "geometry": {
        "type": "Polygon",
        "coordinates": [
          [
            [
              16429.0,
              18482.0
            ],
            [
              16429.0,
              19444.0
            ],
            [
              17353.0,
              19444.0
            ],
            [
              17353.0,
              18482.0
            ],
            [
              16429.0,
              18482.0
            ]
          ]
        ]
      },
      "properties": {
        "objectType": "annotation",
        "classification": {
          "name": "B | Moderate to marked mononuclear cell infiltrate",
          "color": [
            21,
            11,
            49
          ]
        },
        "isLocked": true,
        "case_key": "S2415106A01",
        "source": "B",
        "orig_class": "Moderate to marked mononuclear cell infiltrate",
        "match": {
          "status": "union_mode",
          "class": "Moderate to marked mononuclear cell infiltrate",
          "area_a": 15280804.0,
          "area_b": 14992546.0,
          "area_intersection": 5314226.0,
          "cas": 0.35444180612012294,
          "oc": 0.35445787526681594,
          "ar": 1.0192267544151608
        }
      }
    },
    {
      "type": "Feature",
      "id": "12d47f36-6254-4f18-a24a-125cf150b76c",
      "geometry": {
        "type": "Polygon",
        "coordinates": [
          [
            [
              14061.0,
              7592.0
            ],
            [
              14061.0,
              8076.0
            ],
            [
              14814.0,
              8076.0
            ],
            [
              14814.0,
              7592.0
            ],
            [
              14061.0,
              7592.0
            ]
          ]
        ]
      },
      "properties": {
        "objectType": "annotation",
        "classification": {
          "name": "B | Moderate to marked mononuclear cell infiltrate",
          "color": [
            21,
            11,
            49
          ]
        },
        "isLocked": true,
        "case_key": "S2415106A01",
        "source": "B",
        "orig_class": "Moderate to marked mononuclear cell infiltrate",
        "match": {
          "status": "union_mode",
          "class": "Moderate to marked mononuclear cell infiltrate",
          "area_a": 15280804.0,
          "area_b": 14992546.0,
          "area_intersection": 5314226.0,
          "cas": 0.35444180612012294,
          "oc": 0.35445787526681594,
          "ar": 1.0192267544151608
        }
      }
    },
    {
      "type": "Feature",
      "id": "5aaa0a76-0d93-4809-969a-d79524dfe13f",
      "geometry": {
        "type": "Polygon",
        "coordinates": [
          [
            [
              15307.0,
              9971.0
            ],
            [
              15307.0,
              10463.0
            ],
            [
              16172.0,
              10463.0
            ],
            [
              16172.0,
              9971.0
            ],
            [
              15307.0,
              9971.0
            ]
          ]
        ]
      },
      "properties": {
        "objectType": "annotation",
        "classification": {
          "name": "B | Basal lymphoid aggregates",
          "color": [
            0,
            0,
            255
          ]
        },
        "isLocked": true,
        "case_key": "S2415106A01",
        "source": "B",
        "orig_class": "Basal lymphoid aggregates",
        "match": {
          "status": "union_mode",
          "class": "Basal lymphoid aggregates",
          "area_a": 1317756.0,
          "area_b": 607047.0,
          "area_intersection": 425580.0,
          "cas": 0.6503485860404495,
          "oc": 0.7010659800641466,
          "ar": 2.170764372445626
        }
      }
    },
    {
      "type": "Feature",
      "id": "466a6de9-a340-4996-babd-170e3502151b",
      "geometry": {
        "type": "Polygon",
        "coordinates": [
          [
            [
              6006.0,
              11054.0
            ],
            [
              6006.0,
              12174.0
            ],
            [
              6924.0,
              12174.0
            ],
            [
              6924.0,
              11054.0
            ],
            [
              6006.0,
              11054.0
            ]
          ]
        ]
      },
      "properties": {
        "objectType": "annotation",
        "classification": {
          "name": "B | Moderate to marked mononuclear cell infiltrate",
          "color": [
            21,
            11,
            49
          ]
        },
        "isLocked": true,
        "case_key": "S2415106A01",
        "source": "B",
        "orig_class": "Moderate to marked mononuclear cell infiltrate",
        "match": {
          "status": "union_mode",
          "class": "Moderate to marked mononuclear cell infiltrate",
          "area_a": 15280804.0,
          "area_b": 14992546.0,
          "area_intersection": 5314226.0,
          "cas": 0.35444180612012294,
          "oc": 0.35445787526681594,
          "ar": 1.0192267544151608
        }
      }
    },
    {
      "type": "Feature",
      "id": "aa183688-7861-4df1-b865-9072c998d583",
      "geometry": {
        "type": "Polygon",
        "coordinates": [
          [
            [
              8635.0,
              14928.0
            ],
            [
              8635.0,
              15261.0
            ],
            [
              8872.0,
              15261.0
            ],
            [
              8872.0,
              14928.0
            ],
            [
              8635.0,
              14928.0
            ]
          ]
        ]
      },
      "properties": {
        "objectType": "annotation",
        "classification": {
          "name": "B | Basal Plasmacytosis",
          "color": [
            202,
            65,
            86
          ]
        },
        "isLocked": true,
        "case_key": "S2415106A01",
        "source": "B",
        "orig_class": "Basal Plasmacytosis",
        "match": {
          "status": "union_mode",
          "class": "Basal Plasmacytosis",
          "area_a": 9438538.0,
          "area_b": 3919889.0,
          "area_intersection": 181526.0,
          "cas": 0.042048051644848074,
          "oc": 0.04630896436098063,
          "ar": 2.40785848782963
        }
      }
    },
    {
      "type": "Feature",
      "id": "027b1304-e7ce-42b7-a103-c920eb9ff709",
      "geometry": {
        "type": "Polygon",
        "coordinates": [
          [
            [
              8370.0,
              25514.0
            ],
            [
              8370.0,
              25906.0
            ],
            [
              8563.0,
              25906.0
            ],
            [
              8563.0,
              25514.0
            ],
            [
              8370.0,
              25514.0
            ]
          ]
        ]
      },
      "properties": {
        "objectType": "annotation",
        "classification": {
          "name": "B | Moderate to marked mononuclear cell infiltrate",
          "color": [
            21,
            11,
            49
          ]
        },
        "isLocked": true,
        "case_key": "S2415106A01",
        "source": "B",
        "orig_class": "Moderate to marked mononuclear cell infiltrate",
        "match": {
          "status": "union_mode",
          "class": "Moderate to marked mononuclear cell infiltrate",
          "area_a": 15280804.0,
          "area_b": 14992546.0,
          "area_intersection": 5314226.0,
          "cas": 0.35444180612012294,
          "oc": 0.35445787526681594,
          "ar": 1.0192267544151608
        }
      }
    },
    {
      "type": "Feature",
      "id": "f55d28d2-37c0-4f69-bbe5-a04c9e831935",
      "geometry": {
        "type": "Polygon",
        "coordinates": [
          [
            [
              8986.0,
              25394.0
            ],
            [
              8986.0,
              25984.0
            ],
            [
              9322.0,
              25984.0
            ],
            [
              9322.0,
              25394.0
            ],
            [
              8986.0,
              25394.0
            ]
          ]
        ]
      },
      "properties": {
        "objectType": "annotation",
        "classification": {
          "name": "B | Moderate to marked mononuclear cell infiltrate",
          "color": [
            21,
            11,
            49
          ]
        },
        "isLocked": true,
        "case_key": "S2415106A01",
        "source": "B",
        "orig_class": "Moderate to marked mononuclear cell infiltrate",
        "match": {
          "status": "union_mode",
          "class": "Moderate to marked mononuclear cell infiltrate",
          "area_a": 15280804.0,
          "area_b": 14992546.0,
          "area_intersection": 5314226.0,
          "cas": 0.35444180612012294,
          "oc": 0.35445787526681594,
          "ar": 1.0192267544151608
        }
      }
    },
    {
      "type": "Feature",
      "id": "9ff5df45-3ee9-4011-8f6d-d45c4131270c",
      "geometry": {
        "type": "Polygon",
        "coordinates": [
          [
            [
              10798.0,
              24389.0
            ],
            [
              10798.0,
              24852.0
            ],
            [
              11367.0,
              24852.0
            ],
            [
              11367.0,
              24389.0
            ],
            [
              10798.0,
              24389.0
            ]
          ]
        ]
      },
      "properties": {
        "objectType": "annotation",
        "classification": {
          "name": "B | Moderate to marked mononuclear cell infiltrate",
          "color": [
            21,
            11,
            49
          ]
        },
        "isLocked": true,
        "case_key": "S2415106A01",
        "source": "B",
        "orig_class": "Moderate to marked mononuclear cell infiltrate",
        "match": {
          "status": "union_mode",
          "class": "Moderate to marked mononuclear cell infiltrate",
          "area_a": 15280804.0,
          "area_b": 14992546.0,
          "area_intersection": 5314226.0,
          "cas": 0.35444180612012294,
          "oc": 0.35445787526681594,
          "ar": 1.0192267544151608
        }
      }
    },
    {
      "type": "Feature",
      "id": "88113341-69eb-45cb-a30a-67661be72832",
      "geometry": {
        "type": "Polygon",
        "coordinates": [
          [
            [
              12549.0,
              24912.0
            ],
            [
              12549.0,
              25376.0
            ],
            [
              13099.0,
              25376.0
            ],
            [
              13099.0,
              24912.0
            ],
            [
              12549.0,
              24912.0
            ]
          ]
        ]
      },
      "properties": {
        "objectType": "annotation",
        "classification": {
          "name": "B | Moderate to marked mononuclear cell infiltrate",
          "color": [
            21,
            11,
            49
          ]
        },
        "isLocked": true,
        "case_key": "S2415106A01",
        "source": "B",
        "orig_class": "Moderate to marked mononuclear cell infiltrate",
        "match": {
          "status": "union_mode",
          "class": "Moderate to marked mononuclear cell infiltrate",
          "area_a": 15280804.0,
          "area_b": 14992546.0,
          "area_intersection": 5314226.0,
          "cas": 0.35444180612012294,
          "oc": 0.35445787526681594,
          "ar": 1.0192267544151608
        }
      }
    },
    {
      "type": "Feature",
      "id": "f58d74ca-f22f-4a73-b0ec-67f704f6b82b",
      "geometry": {
        "type": "Polygon",
        "coordinates": [
          [
            [
              11966.0,
              25696.0
            ],
            [
              11966.0,
              25895.0
            ],
            [
              12712.0,
              25895.0
            ],
            [
              12712.0,
              25696.0
            ],
            [
              11966.0,
              25696.0
            ]
          ]
        ]
      },
      "properties": {
        "objectType": "annotation",
        "classification": {
          "name": "B | Moderate to marked mononuclear cell infiltrate",
          "color": [
            21,
            11,
            49
          ]
        },
        "isLocked": true,
        "case_key": "S2415106A01",
        "source": "B",
        "orig_class": "Moderate to marked mononuclear cell infiltrate",
        "match": {
          "status": "union_mode",
          "class": "Moderate to marked mononuclear cell infiltrate",
          "area_a": 15280804.0,
          "area_b": 14992546.0,
          "area_intersection": 5314226.0,
          "cas": 0.35444180612012294,
          "oc": 0.35445787526681594,
          "ar": 1.0192267544151608
        }
      }
    },
    {
      "type": "Feature",
      "id": "9a2651c4-8514-46eb-bdaf-b1be6f34432f",
      "geometry": {
        "type": "Polygon",
        "coordinates": [
          [
            [
              10883.0,
              28360.0
            ],
            [
              10883.0,
              28889.0
            ],
            [
              11593.0,
              28889.0
            ],
            [
              11593.0,
              28360.0
            ],
            [
              10883.0,
              28360.0
            ]
          ]
        ]
      },
      "properties": {
        "objectType": "annotation",
        "classification": {
          "name": "B | Moderate to marked mononuclear cell infiltrate",
          "color": [
            21,
            11,
            49
          ]
        },
        "isLocked": true,
        "case_key": "S2415106A01",
        "source": "B",
        "orig_class": "Moderate to marked mononuclear cell infiltrate",
        "match": {
          "status": "union_mode",
          "class": "Moderate to marked mononuclear cell infiltrate",
          "area_a": 15280804.0,
          "area_b": 14992546.0,
          "area_intersection": 5314226.0,
          "cas": 0.35444180612012294,
          "oc": 0.35445787526681594,
          "ar": 1.0192267544151608
        }
      }
    },
    {
      "type": "Feature",
      "id": "5c511d84-c3e3-42e0-a152-0a9840c9d15c",
      "geometry": {
        "type": "Polygon",
        "coordinates": [
          [
            [
              10661.0,
              28861.0
            ],
            [
              10661.0,
              29588.0
            ],
            [
              11289.0,
              29588.0
            ],
            [
              11289.0,
              28861.0
            ],
            [
              10661.0,
              28861.0
            ]
          ]
        ]
      },
      "properties": {
        "objectType": "annotation",
        "classification": {
          "name": "B | Moderate to marked mononuclear cell infiltrate",
          "color": [
            21,
            11,
            49
          ]
        },
        "isLocked": true,
        "case_key": "S2415106A01",
        "source": "B",
        "orig_class": "Moderate to marked mononuclear cell infiltrate",
        "match": {
          "status": "union_mode",
          "class": "Moderate to marked mononuclear cell infiltrate",
          "area_a": 15280804.0,
          "area_b": 14992546.0,
          "area_intersection": 5314226.0,
          "cas": 0.35444180612012294,
          "oc": 0.35445787526681594,
          "ar": 1.0192267544151608
        }
      }
    },
    {
      "type": "Feature",
      "id": "fef773e9-c2d8-48b9-af5a-a5ada75aed39",
      "geometry": {
        "type": "Polygon",
        "coordinates": [
          [
            [
              10623.0,
              20210.0
            ],
            [
              10623.0,
              20616.0
            ],
            [
              11055.0,
              20616.0
            ],
            [
              11055.0,
              20210.0
            ],
            [
              10623.0,
              20210.0
            ]
          ]
        ]
      },
      "properties": {
        "objectType": "annotation",
        "classification": {
          "name": "B | Moderate to marked mononuclear cell infiltrate",
          "color": [
            21,
            11,
            49
          ]
        },
        "isLocked": true,
        "case_key": "S2415106A01",
        "source": "B",
        "orig_class": "Moderate to marked mononuclear cell infiltrate",
        "match": {
          "status": "union_mode",
          "class": "Moderate to marked mononuclear cell infiltrate",
          "area_a": 15280804.0,
          "area_b": 14992546.0,
          "area_intersection": 5314226.0,
          "cas": 0.35444180612012294,
          "oc": 0.35445787526681594,
          "ar": 1.0192267544151608
        }
      }
    },
    {
      "type": "Feature",
      "id": "453e90f7-a54e-43fe-8ef6-415e244adcd8",
      "geometry": {
        "type": "Polygon",
        "coordinates": [
          [
            [
              11102.0,
              19831.0
            ],
            [
              11102.0,
              20108.0
            ],
            [
              11557.0,
              20108.0
            ],
            [
              11557.0,
              19831.0
            ],
            [
              11102.0,
              19831.0
            ]
          ]
        ]
      },
      "properties": {
        "objectType": "annotation",
        "classification": {
          "name": "B | Moderate to marked mononuclear cell infiltrate",
          "color": [
            21,
            11,
            49
          ]
        },
        "isLocked": true,
        "case_key": "S2415106A01",
        "source": "B",
        "orig_class": "Moderate to marked mononuclear cell infiltrate",
        "match": {
          "status": "union_mode",
          "class": "Moderate to marked mononuclear cell infiltrate",
          "area_a": 15280804.0,
          "area_b": 14992546.0,
          "area_intersection": 5314226.0,
          "cas": 0.35444180612012294,
          "oc": 0.35445787526681594,
          "ar": 1.0192267544151608
        }
      }
    },
    {
      "type": "Feature",
      "id": "19de8fb0-61bd-4d28-b675-604f9615e5aa",
      "geometry": {
        "type": "Polygon",
        "coordinates": [
          [
            [
              12239.0,
              21929.0
            ],
            [
              12239.0,
              22196.0
            ],
            [
              12693.0,
              22196.0
            ],
            [
              12693.0,
              21929.0
            ],
            [
              12239.0,
              21929.0
            ]
          ]
        ]
      },
      "properties": {
        "objectType": "annotation",
        "classification": {
          "name": "B | Moderate to marked mononuclear cell infiltrate",
          "color": [
            21,
            11,
            49
          ]
        },
        "isLocked": true,
        "case_key": "S2415106A01",
        "source": "B",
        "orig_class": "Moderate to marked mononuclear cell infiltrate",
        "match": {
          "status": "union_mode",
          "class": "Moderate to marked mononuclear cell infiltrate",
          "area_a": 15280804.0,
          "area_b": 14992546.0,
          "area_intersection": 5314226.0,
          "cas": 0.35444180612012294,
          "oc": 0.35445787526681594,
          "ar": 1.0192267544151608
        }
      }
    },
    {
      "type": "Feature",
      "id": "f6e18935-141d-4003-a4e9-646c811b1527",
      "geometry": {
        "type": "Polygon",
        "coordinates": [
          [
            [
              10496.0,
              25140.0
            ],
            [
              10496.0,
              25551.0
            ],
            [
              11022.0,
              25551.0
            ],
            [
              11022.0,
              25140.0
            ],
            [
              10496.0,
              25140.0
            ]
          ]
        ]
      },
      "properties": {
        "objectType": "annotation",
        "classification": {
          "name": "B | Moderate to marked mononuclear cell infiltrate",
          "color": [
            21,
            11,
            49
          ]
        },
        "isLocked": true,
        "case_key": "S2415106A01",
        "source": "B",
        "orig_class": "Moderate to marked mononuclear cell infiltrate",
        "match": {
          "status": "union_mode",
          "class": "Moderate to marked mononuclear cell infiltrate",
          "area_a": 15280804.0,
          "area_b": 14992546.0,
          "area_intersection": 5314226.0,
          "cas": 0.35444180612012294,
          "oc": 0.35445787526681594,
          "ar": 1.0192267544151608
        }
      }
    },
    {
      "type": "Feature",
      "id": "f84ffbae-2b14-4d5f-8a22-8b0d884fa83e",
      "geometry": {
        "type": "Polygon",
        "coordinates": [
          [
            [
              8932.0,
              22913.0
            ],
            [
              8932.0,
              23627.0
            ],
            [
              9267.0,
              23627.0
            ],
            [
              9267.0,
              22913.0
            ],
            [
              8932.0,
              22913.0
            ]
          ]
        ]
      },
      "properties": {
        "objectType": "annotation",
        "classification": {
          "name": "B | Moderate to marked mononuclear cell infiltrate",
          "color": [
            21,
            11,
            49
          ]
        },
        "isLocked": true,
        "case_key": "S2415106A01",
        "source": "B",
        "orig_class": "Moderate to marked mononuclear cell infiltrate",
        "match": {
          "status": "union_mode",
          "class": "Moderate to marked mononuclear cell infiltrate",
          "area_a": 15280804.0,
          "area_b": 14992546.0,
          "area_intersection": 5314226.0,
          "cas": 0.35444180612012294,
          "oc": 0.35445787526681594,
          "ar": 1.0192267544151608
        }
      }
    },
    {
      "type": "Feature",
      "id": "0e2970e7-3772-481d-b7e4-53f759975d9f",
      "geometry": {
        "type": "Polygon",
        "coordinates": [
          [
            [
              7829.0,
              9866.0
            ],
            [
              7829.0,
              10095.0
            ],
            [
              8251.0,
              10095.0
            ],
            [
              8251.0,
              9866.0
            ],
            [
              7829.0,
              9866.0
            ]
          ]
        ]
      },
      "properties": {
        "objectType": "annotation",
        "classification": {
          "name": "B | Moderate to marked mononuclear cell infiltrate",
          "color": [
            21,
            11,
            49
          ]
        },
        "isLocked": true,
        "case_key": "S2415106A01",
        "source": "B",
        "orig_class": "Moderate to marked mononuclear cell infiltrate",
        "match": {
          "status": "union_mode",
          "class": "Moderate to marked mononuclear cell infiltrate",
          "area_a": 15280804.0,
          "area_b": 14992546.0,
          "area_intersection": 5314226.0,
          "cas": 0.35444180612012294,
          "oc": 0.35445787526681594,
          "ar": 1.0192267544151608
        }
      }
    },
    {
      "type": "Feature",
      "id": "5eb4c90e-cb86-400e-b986-ec2781334aee",
      "geometry": {
        "type": "Polygon",
        "coordinates": [
          [
            [
              4921.0,
              16267.0
            ],
            [
              4921.0,
              21121.0
            ],
            [
              9518.0,
              21121.0
            ],
            [
              9518.0,
              16267.0
            ],
            [
              4921.0,
              16267.0
            ]
          ]
        ]
      },
      "properties": {
        "objectType": "annotation",
        "classification": {
          "name": "B | Marked (>50%) crypt distortion",
          "color": [
            0,
            51,
            0
          ]
        },
        "isLocked": true,
        "case_key": "S2415106A01",
        "source": "B",
        "orig_class": "Marked (>50%) crypt distortion",
        "match": {
          "status": "union_mode",
          "class": "Marked (>50%) crypt distortion",
          "area_a": 303619564.0,
          "area_b": 208119125.0,
          "area_intersection": 193281571.0,
          "cas": 0.9122954055259489,
          "oc": 0.9287064367582749,
          "ar": 1.4588739213659485
        }
      }
    },
    {
      "type": "Feature",
      "id": "b2e7f418-946c-4e42-8f6d-8d029f5f6e4c",
      "geometry": {
        "type": "Polygon",
        "coordinates": [
          [
            [
              7091.0,
              9174.0
            ],
            [
              7091.0,
              15517.0
            ],
            [
              10268.0,
              15517.0
            ],
            [
              10268.0,
              9174.0
            ],
            [
              7091.0,
              9174.0
            ]
          ]
        ]
      },
      "properties": {
        "objectType": "annotation",
        "classification": {
          "name": "B | Marked (>50%) crypt distortion",
          "color": [
            0,
            51,
            0
          ]
        },
        "isLocked": true,
        "case_key": "S2415106A01",
        "source": "B",
        "orig_class": "Marked (>50%) crypt distortion",
        "match": {
          "status": "union_mode",
          "class": "Marked (>50%) crypt distortion",
          "area_a": 303619564.0,
          "area_b": 208119125.0,
          "area_intersection": 193281571.0,
          "cas": 0.9122954055259489,
          "oc": 0.9287064367582749,
          "ar": 1.4588739213659485
        }
      }
    },
    {
      "type": "Feature",
      "id": "1c2e4277-9c7b-49a4-82f7-535607b6d0e7",
      "geometry": {
        "type": "Polygon",
        "coordinates": [
          [
            [
              14382.0,
              6767.0
            ],
            [
              14382.0,
              9500.0
            ],
            [
              17864.0,
              9500.0
            ],
            [
              17864.0,
              6767.0
            ],
            [
              14382.0,
              6767.0
            ]
          ]
        ]
      },
      "properties": {
        "objectType": "annotation",
        "classification": {
          "name": "B | Marked (>50%) crypt distortion",
          "color": [
            0,
            51,
            0
          ]
        },
        "isLocked": true,
        "case_key": "S2415106A01",
        "source": "B",
        "orig_class": "Marked (>50%) crypt distortion",
        "match": {
          "status": "union_mode",
          "class": "Marked (>50%) crypt distortion",
          "area_a": 303619564.0,
          "area_b": 208119125.0,
          "area_intersection": 193281571.0,
          "cas": 0.9122954055259489,
          "oc": 0.9287064367582749,
          "ar": 1.4588739213659485
        }
      }
    },
    {
      "type": "Feature",
      "id": "73ae4117-6c2c-4936-bb93-f009f50f8a24",
      "geometry": {
        "type": "Polygon",
        "coordinates": [
          [
            [
              20232.0,
              3462.0
            ],
            [
              20232.0,
              10476.0
            ],
            [
              23626.0,
              10476.0
            ],
            [
              23626.0,
              3462.0
            ],
            [
              20232.0,
              3462.0
            ]
          ]
        ]
      },
      "properties": {
        "objectType": "annotation",
        "classification": {
          "name": "B | Marked (>50%) crypt distortion",
          "color": [
            0,
            51,
            0
          ]
        },
        "isLocked": true,
        "case_key": "S2415106A01",
        "source": "B",
        "orig_class": "Marked (>50%) crypt distortion",
        "match": {
          "status": "union_mode",
          "class": "Marked (>50%) crypt distortion",
          "area_a": 303619564.0,
          "area_b": 208119125.0,
          "area_intersection": 193281571.0,
          "cas": 0.9122954055259489,
          "oc": 0.9287064367582749,
          "ar": 1.4588739213659485
        }
      }
    },
    {
      "type": "Feature",
      "id": "cce0ecfd-e5b3-46ce-8556-39ec677fb944",
      "geometry": {
        "type": "Polygon",
        "coordinates": [
          [
            [
              20647.0,
              12077.0
            ],
            [
              20647.0,
              17647.0
            ],
            [
              27864.0,
              17647.0
            ],
            [
              27864.0,
              12077.0
            ],
            [
              20647.0,
              12077.0
            ]
          ]
        ]
      },
      "properties": {
        "objectType": "annotation",
        "classification": {
          "name": "B | Marked (>50%) crypt distortion",
          "color": [
            0,
            51,
            0
          ]
        },
        "isLocked": true,
        "case_key": "S2415106A01",
        "source": "B",
        "orig_class": "Marked (>50%) crypt distortion",
        "match": {
          "status": "union_mode",
          "class": "Marked (>50%) crypt distortion",
          "area_a": 303619564.0,
          "area_b": 208119125.0,
          "area_intersection": 193281571.0,
          "cas": 0.9122954055259489,
          "oc": 0.9287064367582749,
          "ar": 1.4588739213659485
        }
      }
    },
    {
      "type": "Feature",
      "id": "668cc7d2-89bb-4979-ac7c-1b264537939e",
      "geometry": {
        "type": "Polygon",
        "coordinates": [
          [
            [
              12162.0,
              11655.0
            ],
            [
              12162.0,
              19878.0
            ],
            [
              18548.0,
              19878.0
            ],
            [
              18548.0,
              11655.0
            ],
            [
              12162.0,
              11655.0
            ]
          ]
        ]
      },
      "properties": {
        "objectType": "annotation",
        "classification": {
          "name": "B | Marked (>50%) crypt distortion",
          "color": [
            0,
            51,
            0
          ]
        },
        "isLocked": true,
        "case_key": "S2415106A01",
        "source": "B",
        "orig_class": "Marked (>50%) crypt distortion",
        "match": {
          "status": "union_mode",
          "class": "Marked (>50%) crypt distortion",
          "area_a": 303619564.0,
          "area_b": 208119125.0,
          "area_intersection": 193281571.0,
          "cas": 0.9122954055259489,
          "oc": 0.9287064367582749,
          "ar": 1.4588739213659485
        }
      }
    },
    {
      "type": "Feature",
      "id": "be69d6fb-8bba-4235-a60a-de0ea3466331",
      "geometry": {
        "type": "Polygon",
        "coordinates": [
          [
            [
              6972.0,
              22415.0
            ],
            [
              6972.0,
              27141.0
            ],
            [
              9715.0,
              27141.0
            ],
            [
              9715.0,
              22415.0
            ],
            [
              6972.0,
              22415.0
            ]
          ]
        ]
      },
      "properties": {
        "objectType": "annotation",
        "classification": {
          "name": "B | Marked (>50%) crypt distortion",
          "color": [
            0,
            51,
            0
          ]
        },
        "isLocked": true,
        "case_key": "S2415106A01",
        "source": "B",
        "orig_class": "Marked (>50%) crypt distortion",
        "match": {
          "status": "union_mode",
          "class": "Marked (>50%) crypt distortion",
          "area_a": 303619564.0,
          "area_b": 208119125.0,
          "area_intersection": 193281571.0,
          "cas": 0.9122954055259489,
          "oc": 0.9287064367582749,
          "ar": 1.4588739213659485
        }
      }
    },
    {
      "type": "Feature",
      "id": "5a30edca-b396-4825-a524-28e509a7be4d",
      "geometry": {
        "type": "Polygon",
        "coordinates": [
          [
            [
              10494.0,
              20571.0
            ],
            [
              10494.0,
              28533.0
            ],
            [
              13326.0,
              28533.0
            ],
            [
              13326.0,
              20571.0
            ],
            [
              10494.0,
              20571.0
            ]
          ]
        ]
      },
      "properties": {
        "objectType": "annotation",
        "classification": {
          "name": "B | Marked (>50%) crypt distortion",
          "color": [
            0,
            51,
            0
          ]
        },
        "isLocked": true,
        "case_key": "S2415106A01",
        "source": "B",
        "orig_class": "Marked (>50%) crypt distortion",
        "match": {
          "status": "union_mode",
          "class": "Marked (>50%) crypt distortion",
          "area_a": 303619564.0,
          "area_b": 208119125.0,
          "area_intersection": 193281571.0,
          "cas": 0.9122954055259489,
          "oc": 0.9287064367582749,
          "ar": 1.4588739213659485
        }
      }
    },
    {
      "type": "Feature",
      "id": "902fb4e4-686a-4715-9f82-5d8d630cd300",
      "geometry": {
        "type": "Polygon",
        "coordinates": [
          [
            [
              9518.0,
              28663.0
            ],
            [
              9518.0,
              30139.0
            ],
            [
              12302.0,
              30139.0
            ],
            [
              12302.0,
              28663.0
            ],
            [
              9518.0,
              28663.0
            ]
          ]
        ]
      },
      "properties": {
        "objectType": "annotation",
        "classification": {
          "name": "B | Marked (>50%) crypt distortion",
          "color": [
            0,
            51,
            0
          ]
        },
        "isLocked": true,
        "case_key": "S2415106A01",
        "source": "B",
        "orig_class": "Marked (>50%) crypt distortion",
        "match": {
          "status": "union_mode",
          "class": "Marked (>50%) crypt distortion",
          "area_a": 303619564.0,
          "area_b": 208119125.0,
          "area_intersection": 193281571.0,
          "cas": 0.9122954055259489,
          "oc": 0.9287064367582749,
          "ar": 1.4588739213659485
        }
      }
    }
  ]
}